metabolite,p_value,q_value,log2_fc,median_high,median_low
octadecadienedioate (C18:2-DC)*,0.0031870039102465,0.9423400569916458,,-0.1986410915851593,0.5745351314544678
4-guanidinobutanoate,0.0034006738872769,0.9423400569916458,,-1.6525285243988037,0.1098553538322448
gamma-glutamyltyrosine,0.0039961778248202,0.9423400569916458,,-0.0638273060321807,0.2292624115943908
1-oleoyl-GPG (18:1)*,0.0055626222168733,0.9423400569916458,,-0.0975359231233596,0.3565801680088043
3-methylhistidine,0.0055626222168733,0.9423400569916458,,-0.4919500052928924,1.1202822923660278
methylmalonate (MMA),0.0061966676359602,0.9423400569916458,,-0.0685878247022628,0.2648957371711731
"12,13-DiHOME",0.0094156100406552,0.9423400569916458,,-0.3001706898212433,0.8146145343780518
1-linoleoyl-GPG (18:2)*,0.0115606924349699,0.9423400569916458,,-0.1485935896635055,0.1888888478279113
prolylglycine,0.0127757815907155,0.9423400569916458,,-0.0475980192422866,0.7245625853538513
1-myristoyl-2-arachidonoyl-GPC (14:0/20:4)*,0.0141025551520556,0.9423400569916458,,-0.0868129730224609,0.2192188203334808
glycocholate,0.0141025551520556,0.9423400569916458,,-0.4677094221115112,0.6871382594108582
N-acetylglutamate,0.0141025551520556,0.9423400569916458,,-0.0560178644955158,0.309438556432724
S-methylmethionine,0.0147609986681747,0.9423400569916458,,-2.171428918838501,1.1386511325836182
"9,10-DiHOME",0.0154829767937063,0.9423400569916458,,-0.1594127565622329,1.0979992151260376
2-ketocaprylate,0.0171254468580066,0.9423400569916458,,-0.1173928529024124,0.2771459221839905
glucuronide of C12H22O4 (2)*,0.0189325438229248,0.9423400569916458,2.910203353349652,-1.541029453277588,-0.2049993276596069
2-hydroxydecanoate,0.0207025134772897,0.9423400569916458,,-0.1317867338657379,0.4737817049026489
1-linolenoyl-GPE (18:3)*,0.0207025134772897,0.9423400569916458,,-0.3099716007709503,0.2783635258674621
campesterol,0.0207119314884466,0.9423400569916458,-0.942291123490771,-0.3261420130729675,-0.626707136631012
hexadecanedioate (C16-DC),0.0227237394944197,0.9423400569916458,,-0.1223823651671409,0.4882606267929077
2-hydroxyarachidate*,0.0227237394944197,0.9423400569916458,,-0.0339676104485988,0.5482320189476013
1-eicosapentaenoyl-GPE (20:5)*,0.0249049793046004,0.9423400569916458,,-0.372977077960968,0.2324072271585464
1-methyl-5-imidazolelactate,0.0249049793046004,0.9423400569916458,,-0.4283875823020935,0.1953410059213638
octadecenedioate (C18:1-DC),0.0272853933626587,0.9423400569916458,,-0.1618126034736633,0.2633087038993835
2-aminooctanoate,0.0272853933626587,0.9423400569916458,,-0.2615110278129577,0.1392740905284881
branched chain 14:0 dicarboxylic acid**,0.0285923587230642,0.9423400569916458,,-0.8993858098983765,0.4416365623474121
tyrosine,0.0298487292880564,0.9423400569916458,,-0.0391284525394439,0.1930778920650482
gamma-glutamylphenylalanine,0.0298487292880564,0.9423400569916458,,-0.0982118770480156,0.1350436359643936
phenylacetylglycine,0.0299556540440789,0.9423400569916458,,-1.0853310823440552,0.2077730745077133
4-hydroxyphenylpyruvate,0.0326164294512311,0.9423400569916458,,-0.1462480425834655,0.2522713243961334
N-methylproline,0.0356010620028761,0.9423400569916458,,-0.355584979057312,0.2342860400676727
1-palmitoyl-2-eicosapentaenoyl-GPC (16:0/20:5)*,0.0356010620028761,0.9423400569916458,,-0.0794442147016525,0.2782973945140838
1-linolenoyl-GPC (18:3)*,0.0356010620028761,0.9423400569916458,,-0.1873262524604797,0.3407434225082397
1-stearoyl-2-docosapentaenoyl-GPE (18:0/22:5n3)*,0.0356010620028761,0.9423400569916458,,0.0861464515328407,-0.3364523351192474
13-HODE + 9-HODE,0.0356010620028761,0.9423400569916458,,-0.1170806437730789,0.4346433877944946
palmitoyl dihydrosphingomyelin (d18:0/16:0)*,0.0388156181813356,0.9423400569916458,,-0.0175356231629848,0.1246498599648475
1-eicosapentaenoyl-GPC (20:5)*,0.0388156181813356,0.9423400569916458,,-0.3719411492347717,0.3842846155166626
pantothenate,0.0388156181813356,0.9423400569916458,,-0.0400224737823009,0.5012632012367249
m-tyramine sulfate,0.0409585228531659,0.9423400569916458,,-0.7201480269432068,0.0505881272256374
N-formylanthranilic acid,0.0415323626975057,0.9423400569916458,,-0.1249583512544632,0.4195211827754974
gamma-glutamyltryptophan,0.0422602335903569,0.9423400569916458,,-0.0202877130359411,0.2162392139434814
dopamine 3-O-sulfate,0.042273494740467,0.9423400569916458,,-0.0809453129768371,0.987218141555786
N-lactoyl phenylalanine,0.042273494740467,0.9423400569916458,,-0.2229772806167602,0.4920380115509033
glycodeoxycholate 3-sulfate,0.0459744821139328,0.9423400569916458,,-0.2654385566711426,0.4858797490596771
octadecanedioate (C18-DC),0.0459884729262833,0.9423400569916458,,-0.2394075691699981,0.32954803109169
1-(1-enyl-palmitoyl)-2-linoleoyl-GPE (P-16:0/18:2)*,0.0459884729262833,0.9423400569916458,,-0.1970089077949524,0.1863373219966888
N-delta-acetylornithine,0.0459884729262833,0.9423400569916458,-2.46140385502922,0.0468488037586212,0.2580209076404571
1-methyl-5-imidazoleacetate,0.0459884729262833,0.9423400569916458,,-0.1839946657419204,0.2440202534198761
1-palmitoyl-GPG (16:0)*,0.0499746938748629,0.9423400569916458,,-0.0519449785351753,0.207980990409851
"3beta,7alpha-dihydroxy-5-cholestenoate",0.0499746938748629,0.9423400569916458,,0.105036437511444,-0.4127045273780823
ascorbate (vitamin C),0.0500431326611164,0.9423400569916458,,-1.4813146591186523,0.5122852325439453
15-HETE,0.0508545691158514,0.9423400569916458,-2.7167715997561164,-0.1094942837953567,-0.7198154926300049
alpha-ketoglutarate,0.0542466303221139,0.9423400569916458,,-0.1149929612874984,0.1289172172546386
deoxycholate,0.0542466303221139,0.9423400569916458,,-0.1331816762685775,0.2731826305389404
dopamine 4-sulfate,0.0587539551228268,0.9423400569916458,,-0.1707641631364822,0.6847020983695984
(12 or 13)-methylmyristate (a15:0 or i15:0),0.0588190545364253,0.9423400569916458,,-0.007787674665451,0.174130231142044
3-hydroxyisobutyrate,0.0588190545364253,0.9423400569916458,,-0.1104008704423904,0.1104515045881271
2-docosahexaenoyl-GPC (22:6)*,0.0588190545364253,0.9423400569916458,,-0.1708820760250091,0.1517090499401092
4-oxo-retinoic acid,0.0588190545364253,0.9423400569916458,,-0.1092412024736404,0.2190689444541931
1-stearoyl-2-adrenoyl-GPE (18:0/22:4)*,0.0588190545364253,0.9423400569916458,,0.1691406816244125,-0.352547287940979
glucuronide of C14H26O4 (1)*,0.0608984898245903,0.9423400569916458,,-0.6102296113967896,0.4127063155174255
1-(1-enyl-palmitoyl)-2-arachidonoyl-GPE (P-16:0/20:4)*,0.0637070024079919,0.9423400569916458,,-0.0852614268660545,0.1724249720573425
1-stearoyl-GPG (18:0),0.0637070024079919,0.9423400569916458,,-0.0136987883597612,0.2231924831867218
1-docosahexaenoyl-GPC (22:6)*,0.0637070024079919,0.9423400569916458,,-0.1574880480766296,0.089666411280632
N-lactoyl tyrosine,0.0679261366181579,0.9423400569916458,,-0.5507170557975769,0.2187131643295288
2-arachidonoyl-GPE (20:4)*,0.0687471499670582,0.9423400569916458,,-0.0203377548605203,0.1861753165721893
2-oxoarginine*,0.0688542958957694,0.9423400569916458,,-0.2205572724342346,0.2750628292560577
N-lactoyl valine,0.0689257336535982,0.9423400569916458,,-0.1389746665954589,0.3109641075134277
arachidate (20:0),0.0689257336535982,0.9423400569916458,,-0.0974109470844268,0.1280118077993393
sphingomyelin (d18:2/24:2)*,0.0689257336535982,0.9423400569916458,,0.0875354260206222,-0.1866554170846939
1-pentadecanoyl-2-docosahexaenoyl-GPC (15:0/22:6)*,0.0689257336535982,0.9423400569916458,,-0.0892446637153625,0.1336589157581329
glucuronide of C12H22O4 (1)*,0.07164570114264,0.9423400569916458,,-0.1892256140708923,0.612166166305542
1-eicosapentaenoylglycerol (20:5)*,0.0723564155293202,0.9423400569916458,0.842172736334861,-0.7116456627845764,-0.3969579935073852
2-methylserine,0.0734458768484681,0.9423400569916458,,-0.3322767615318298,0.3232628107070923
3-hydroxystearate,0.0744906881227862,0.9423400569916458,,-0.1395847201347351,0.0174202360212802
1-myristoyl-2-palmitoyl-GPC (14:0/16:0),0.0744906881227862,0.9423400569916458,,-0.0685609430074691,0.3993955254554748
citrulline,0.0744906881227862,0.9423400569916458,,-0.0170291904360055,0.1893326342105865
1-oleoyl-2-docosapentaenoyl-GPC (18:1/22:5n3)*,0.0744906881227862,0.9423400569916458,,0.0843321904540062,-0.3134642839431762
tetradecanedioate (C14-DC),0.0744906881227862,0.9423400569916458,,-0.0533211678266525,0.2900467813014984
tigloylglycine,0.0800280236230759,0.9423400569916458,,-0.1502834856510162,0.3875263333320617
gamma-glutamylisoleucine*,0.0802227271339437,0.9423400569916458,,-0.0517523698508739,0.2414107918739318
1-stearoyl-2-dihomo-linolenoyl-GPE (18:0/20:3n3 or 6)*,0.0804174382204966,0.9423400569916458,,0.1453110873699188,-0.1889246106147766
1-(1-enyl-palmitoyl)-2-oleoyl-GPE (P-16:0/18:1)*,0.0804174382204966,0.9423400569916458,,-0.0833728462457656,0.0698880553245544
alpha-ketoglutaramate*,0.0804174382204966,0.9423400569916458,,-0.0710785686969757,0.1321995854377746
hypoxanthine,0.0804174382204966,0.9423400569916458,,0.0008790493011474,-0.1975488662719726
dodecenedioate (C12:1-DC)*,0.0804174382204966,0.9423400569916458,,-0.1237871944904327,0.4835833311080932
1-eicosenoyl-GPE (20:1)*,0.0863160092142367,0.9423400569916458,,-0.1889813989400863,0.3307505846023559
hexadecenedioate (C16:1-DC)*,0.0867216374922809,0.9423400569916458,,-0.0490541085600853,0.4219264388084411
eicosapentaenoate (EPA; 20:5n3),0.0867216374922809,0.9423400569916458,,-0.1149684563279151,0.2323341071605682
aconitate [cis or trans],0.0867216374922809,0.9423400569916458,,-0.1016723811626434,0.1224633902311325
1-palmityl-2-arachidonoyl-GPC (O-16:0/20:4)*,0.0867216374922809,0.9423400569916458,,0.0293167829513549,-0.183253526687622
1-palmitoyl-2-oleoyl-GPE (16:0/18:1),0.0867216374922809,0.9423400569916458,,0.1369942128658294,-0.1439456343650818
3beta-hydroxy-5-cholenoate,0.0899994961894265,0.9423400569916458,,0.0564447790384292,-0.3305715322494507
alpha-ketobutyrate,0.0926807336494259,0.9423400569916458,,-0.7919968962669373,0.5974396467208862
octadecenedioylcarnitine (C18:1-DC)*,0.0933978773006881,0.9423400569916458,,-0.4508191645145416,0.2020778059959411
"sphingomyelin (d18:1/20:1, d18:2/20:0)*",0.0933978773006881,0.9423400569916458,,0.0343532711267471,-0.0753626301884651
galactonate,0.0934189654508656,0.9423400569916458,,-0.0002028979361057,0.3205076456069946
2-hydroxyoctanoate,0.0934189654508656,0.9423400569916458,,-0.1124193295836448,0.122953325510025
"fibrinopeptide A, phosphono-ser(3)*",0.0978421591429092,0.9423400569916458,,-0.5342926979064941,0.1318661719560623
alpha-CMBHC glucuronide,0.0978952545745332,0.9423400569916458,,-0.4921548366546631,0.2019386887550354
5-hydroxyindoleacetate,0.0979473557153237,0.9423400569916458,0.5121243641372847,-0.3939205706119537,-0.2762128412723541
pyruvate,0.100525068756954,0.9423400569916458,,-0.2344865947961807,0.2647196650505066
8-methoxykynurenate,0.1015443064130448,0.9423400569916458,,-0.7919776439666748,0.009879290126264
lithocholic acid sulfate (2),0.1035449264750374,0.9423400569916458,1.22745883020458,-1.0909159183502195,-0.4658963978290558
1-palmitoyl-GPA (16:0),0.1043762193334225,0.9423400569916458,5.043012374275351,-1.1126445531845093,-0.033748809248209
pyridoxal,0.1079647547260662,0.9423400569916458,,-0.0607328116893768,0.1557972878217697
cerotoylcarnitine (C26)*,0.1080554989024462,0.9423400569916458,,-0.1994085162878036,0.2098210901021957
hydantoin-5-propionate,0.1080554989024462,0.9423400569916458,,-0.0555481873452663,0.3572992086410522
1-palmitoyl-2-arachidonoyl-GPE (16:0/20:4)*,0.1080554989024462,0.9423400569916458,,0.1049767807126045,-0.1134921312332153
2-methylcitrate/homocitrate,0.1080554989024462,0.9423400569916458,,-0.0226223859935998,0.1067393869161605
glycerate,0.1080554989024462,0.9423400569916458,,-0.03758991882205,0.2959620356559753
imidazole propionate,0.109282726245898,0.9423400569916458,-3.1482324720746284,-0.173537790775299,-1.53853178024292
3-hydroxydodecanedioate*,0.1128442792679047,0.9423400569916458,4.517878067705975,-0.6982533931732178,-0.030478686094284
N-lactoyl isoleucine,0.1157909340554648,0.9423400569916458,,-0.2188720107078552,0.2521179914474487
3-sulfo-alanine,0.1159317711521624,0.9423400569916458,,0.4393226504325866,-0.0084041850641369
vanillylmandelate (VMA),0.1160021789226597,0.9423400569916458,-3.37635460323791,0.0442544557154178,0.4595587253570556
phenylalanine,0.1160256465804349,0.9423400569916458,,-0.0597951188683509,0.1033408939838409
malonate,0.1160256465804349,0.9423400569916458,,-0.0238608121871948,0.0448981672525405
1-(1-enyl-palmitoyl)-GPE (P-16:0)*,0.1160256465804349,0.9423400569916458,,-0.1067709028720855,0.0350042209029197
N-palmitoyl-sphinganine (d18:0/16:0),0.1160256465804349,0.9423400569916458,-4.5339369405545495,0.0123138288035988,0.2852621376514435
docosahexaenoate (DHA; 22:6n3),0.1160256465804349,0.9423400569916458,,-0.2772186398506164,0.2573082745075226
2-linoleoyl-GPE (18:2)*,0.1160256465804349,0.9423400569916458,,-0.0693919658660888,0.1065138578414917
glycerol,0.1160256465804349,0.9423400569916458,,-0.1553128063678741,0.2437482178211212
delta-CEHC glucuronide,0.1204502057411185,0.9423400569916458,-1.4557136346070696,-0.2701846659183502,-0.7410954833030701
cytidine,0.1230920045327638,0.9423400569916458,,0.0529986806213855,-0.3214800357818603
"branched-chain, straight-chain, or cyclopropyl 10:1 fatty acid (1)*",0.1244506729630902,0.9423400569916458,,-0.0734812393784523,0.3678178787231445
1-stearoyl-2-arachidonoyl-GPE (18:0/20:4),0.1244506729630902,0.9423400569916458,,0.0697401463985443,-0.0717249885201454
1-linoleoyl-2-arachidonoyl-GPC (18:2/20:4n6)*,0.1244506729630902,0.9423400569916458,,-0.0826514214277267,0.062707208096981
fructose,0.1244506729630902,0.9423400569916458,,-0.267985075712204,0.0844107717275619
glycodeoxycholate,0.1244506729630902,0.9423400569916458,,-0.2437309622764587,0.6037760972976685
1-methylhistamine,0.127820875222491,0.9423400569916458,,0.0136855021119117,-0.8866103887557983
methionine sulfone,0.1288138120565653,0.9423400569916458,,0.1166368573904037,-0.0665193125605583
N-formylphenylalanine,0.1302828961801822,0.9423400569916458,1.8727899119148896,-0.7263167500495911,-0.1983170807361602
leukotriene B5,0.1319445858675268,0.9423400569916458,,-0.1135383248329162,0.2034786194562912
tridecenedioate (C13:1-DC)*,0.1333454381455339,0.9423400569916458,,-0.087519347667694,0.2617460787296295
1-palmitoyl-2-linoleoyl-GPE (16:0/18:2),0.1333454381455339,0.9423400569916458,,0.1170271784067154,-0.0836224108934402
"bilirubin degradation product, C16H18N2O5 (2)**",0.1333454381455339,0.9423400569916458,,0.1640702486038208,-0.3730083107948303
1-linoleoyl-GPE (18:2)*,0.1333454381455339,0.9423400569916458,,-0.0302115604281425,0.2082366347312927
1-(1-enyl-palmitoyl)-2-docosahexaenoyl-GPE (P-16:0/22:6)*,0.1333454381455339,0.9423400569916458,,-0.1257507801055908,0.0229673068970441
"2,3-dihydroxy-2-methylbutyrate",0.1333454381455339,0.9423400569916458,,-0.2143332064151764,0.5100821256637573
4-methoxyphenol sulfate,0.1370353857610759,0.9423400569916458,1.1187264337678369,-1.0195235013961792,-0.4694907367229461
1-palmityl-GPC (O-16:0),0.142724427050654,0.9423400569916458,,0.0393590554594993,-0.0850954800844192
threonate,0.142724427050654,0.9423400569916458,,-0.0394566766917705,0.3009967505931854
2-arachidonoyl-GPC (20:4)*,0.142724427050654,0.9423400569916458,,-0.0759430527687072,0.1585239768028259
1-methylnicotinamide,0.142724427050654,0.9423400569916458,,-0.0442129708826541,0.1785342991352081
1-palmitoyl-2-eicosapentaenoyl-GPE (16:0/20:5)*,0.142724427050654,0.9423400569916458,,-0.2692829370498657,0.1834356188774109
androsterone glucuronide,0.1475738516833242,0.9423400569916458,-3.3137838390563426,-0.0234261900186538,-0.2329431772232055
4-hydroxyglutamate,0.1506237855338726,0.9423400569916458,,-1.1048550605773926,0.0359132140874862
taurocholate,0.1511205685968892,0.9423400569916458,,-0.4513617157936096,0.8719558715820312
lithocholate,0.1520732894078215,0.9423400569916458,,-0.3940726518630981,0.2956173717975616
behenoylcarnitine (C22)*,0.1520732894078215,0.9423400569916458,,-0.2259996235370636,0.1708640456199646
N1-methyl-2-pyridone-5-carboxamide,0.1526016731261508,0.9423400569916458,,-0.0031659896485507,0.4153312444686889
caprate (10:0),0.1526016731261508,0.9423400569916458,,-3.661552909761667e-07,0.2018908262252807
"sphingomyelin (d18:2/24:1, d18:1/24:2)*",0.1526016731261508,0.9423400569916458,,0.0216026566922664,-0.0828658640384674
picolinoylglycine,0.1526016731261508,0.9423400569916458,-6.5838574212627545,0.0011020634556189,0.1057170927524566
1-arachidonoyl-GPI (20:4)*,0.1526016731261508,0.9423400569916458,,-0.0252598971128463,0.1435984969139099
1-palmityl-2-palmitoyl-GPC (O-16:0/16:0)*,0.1526016731261508,0.9423400569916458,,0.0317609682679176,-0.0773201584815979
palmitoyl-sphingosine-phosphoethanolamine (d18:1/16:0),0.1526016731261508,0.9423400569916458,,0.0131532503291964,-0.0535879135131835
1-meadoyl-GPC (20:3n9)*,0.155174364587518,0.9423400569916458,,-0.4139021039009094,0.1201401352882385
O-acetylhomoserine,0.1577046445946462,0.9423400569916458,,-0.2476054430007934,0.2999744415283203
2-hydroxysebacate,0.159729264341022,0.9423400569916458,,-0.5710294246673584,0.0981085747480392
adrenoylcarnitine (C22:4)*,0.1614458564240309,0.9423400569916458,0.0,-0.6123289465904236,-0.6123289465904236
"androstenediol (3alpha, 17alpha) monosulfate (2)",0.1620421578718309,0.9423400569916458,-1.9358132487525592,-0.1303625404834747,-0.4987589120864868
1-myristoyl-GPC (14:0),0.1629906802005133,0.9423400569916458,,-0.0076264371164143,0.2125972509384155
1-palmitoyl-2-pentadecanoyl-GPC (16:0/15:0)*,0.1629906802005133,0.9423400569916458,,-0.0155180767178535,0.320677101612091
"ceramide (d18:2/24:1, d18:1/24:2)*",0.1629906802005133,0.9423400569916458,,0.068617433309555,-0.0007759816944599
"bilirubin degradation product, C17H20N2O5 (1)**",0.1629906802005133,0.9423400569916458,,0.1867123991250991,-0.3550147712230682
1-oleoyl-2-arachidonoyl-GPE (18:1/20:4)*,0.1629906802005133,0.9423400569916458,,0.2047891020774841,-0.1916977912187576
"sphingomyelin (d18:2/16:0, d18:1/16:1)*",0.1629906802005133,0.9423400569916458,,0.0572814345359802,-0.0105073284357786
eicosapentaenoylcholine,0.1705657556151179,0.9423400569916458,,-0.4284144043922424,0.0632502809166908
valylleucine,0.1713060562580904,0.9423400569916458,-1.0969755575551596,-0.4398271739482879,-0.940815806388855
homovanillate (HVA),0.172988096921999,0.9423400569916458,4.86069917009547,-0.7330893874168396,-0.0252313613891601
"bilirubin degradation product, C16H18N2O5 (1)**",0.1737935325007273,0.9423400569916458,,0.108716681599617,-0.3455458581447601
oxalate (ethanedioate),0.173904342898714,0.9423400569916458,,-0.0212817825376987,0.3297137022018432
3-ureidopropionate,0.173904342898714,0.9423400569916458,,-0.0064299777150154,0.1357740759849548
N-acetylserine,0.173904342898714,0.9423400569916458,,-0.0236776582896709,0.1062226891517639
"bilirubin degradation product, C17H20N2O5 (2)**",0.173904342898714,0.9423400569916458,,0.1725162267684936,-0.368622362613678
isovalerylcarnitine (C5),0.173904342898714,0.9423400569916458,,-0.029363365843892,0.2007358968257904
"N6,N6,N6-trimethyllysine",0.173904342898714,0.9423400569916458,,-0.0787911266088485,0.1682940423488617
2-hydroxymyristate,0.173904342898714,0.9423400569916458,,-0.0596297346055507,0.1546650826930999
isobutyrylcarnitine (C4),0.173904342898714,0.9423400569916458,,-0.0910580158233642,0.3576711416244507
N-methyltaurine,0.1741364220657308,0.9423400569916458,1.0961518205514482,-0.8016360998153687,-0.374975323677063
acisoga,0.179281667018973,0.9423400569916458,,0.1051893457770347,-0.1997768282890319
pimeloylcarnitine/3-methyladipoylcarnitine (C7-DC),0.1808133719423006,0.9423400569916458,-2.7628612777001447,-0.1904825866222381,-1.2928835153579712
N2-methylguanosine,0.1839748749637713,0.9423400569916458,-2.167736740282596,-0.1179722175002098,-0.5300703644752502
gentisate,0.1852416931482645,0.9423400569916458,,-0.2926928400993347,0.2293975353240966
tryptophan betaine,0.1853265762271227,0.9423400569916458,,-0.0970326215028762,0.4365789294242859
1-(1-enyl-stearoyl)-2-docosahexaenoyl-GPE (P-18:0/22:6)*,0.1853548660507243,0.9423400569916458,,-0.0468601919710636,0.0417822487652301
orotate,0.1853548660507243,0.9423400569916458,,-1.1816737242043018e-06,0.2176508009433746
1-(1-enyl-stearoyl)-2-linoleoyl-GPE (P-18:0/18:2)*,0.1853548660507243,0.9423400569916458,,-0.0546923838555812,0.1847480088472366
erucate (22:1n9),0.1853548660507243,0.9423400569916458,,-0.0583015717566013,0.2198171913623809
fibrinopeptide A (7-16)*,0.1853548660507243,0.9423400569916458,,-0.0027832742780447,0.1114557087421417
N1-methyl-4-pyridone-3-carboxamide,0.1853548660507243,0.9423400569916458,,-0.0146261854097247,0.2719230353832245
"N1,N12-diacetylspermine",0.1909496829807065,0.9423400569916458,-2.3297630997381917,-0.0958409905433654,-0.4818145036697387
"bilirubin degradation product, C16H18N2O5 (3)**",0.191256486976577,0.9423400569916458,,0.1926186084747314,-0.0168381687253713
5-hydroxymethyl-2-furoic acid,0.1951356765073438,0.9423400569916458,0.5604405497788368,-0.2853996157646179,-0.1935280710458755
3-hydroxyoleoylcarnitine,0.1972383240008758,0.9423400569916458,,-0.0441680923104286,0.2885771989822387
1-(1-enyl-stearoyl)-GPE (P-18:0)*,0.1973536835561095,0.9423400569916458,,-0.0717449784278869,0.1200515702366828
3-(4-hydroxyphenyl)lactate,0.1973536835561095,0.9423400569916458,,-0.1397277265787124,0.1125299930572509
allantoin,0.1973536835561095,0.9423400569916458,,-0.0474078878760337,0.1928573846817016
1-oleyl-GPC (O-18:1)*,0.1973536835561095,0.9423400569916458,,0.0999031364917755,-0.0923870652914047
ethylmalonate,0.1973536835561095,0.9423400569916458,,-0.0382487885653972,0.2538826763629913
2-linoleoyl-GPC (18:2)*,0.1973536835561095,0.9423400569916458,,-0.060770433396101,0.0809482559561729
pyridoxate,0.1973536835561095,0.9423400569916458,,-0.0682819262146949,0.3686209917068481
2-arachidonoyl-GPI (20:4)*,0.1973536835561095,0.9423400569916458,,-0.0463808365166187,0.0972404479980468
3-hydroxyhexanoylcarnitine (1),0.2063719465545449,0.9423400569916458,,-0.3244497179985046,0.3961437046527862
formiminoglutamate,0.2093241772712893,0.9423400569916458,,-0.0814789980649948,0.2605259716510772
citrate,0.2099113771955034,0.9423400569916458,,-0.0169148705899715,0.1068195849657058
behenoyl dihydrosphingomyelin (d18:0/22:0)*,0.2099113771955034,0.9423400569916458,,-0.0619850382208824,0.2508532106876373
16-hydroxypalmitate,0.2099113771955034,0.9423400569916458,,-0.0848553329706192,0.2485476434230804
1-docosahexaenoyl-GPE (22:6)*,0.2099113771955034,0.9423400569916458,,-0.0847063660621643,0.1192552149295806
1-docosahexaenoylglycerol (22:6),0.2099113771955034,0.9423400569916458,,-0.0991403013467788,0.1052185595035553
uridine,0.2099113771955034,0.9423400569916458,-1.735602315307165,-0.0724637135863304,-0.2413175702095031
fumarate,0.2099113771955034,0.9423400569916458,,-0.0362822189927101,0.0520395226776599
tiglylcarnitine (C5:1-DC),0.2099113771955034,0.9423400569916458,,-0.0881456285715103,0.1063959896564483
pentose acid*,0.2099113771955034,0.9423400569916458,,-0.0406407974660396,0.6440438628196716
N-acetylkynurenine (2),0.2139096823416608,0.9423400569916458,-2.348730897652416,-0.0811918973922729,-0.4135720133781433
11-ketoetiocholanolone glucuronide,0.2144009636974185,0.9423400569916458,,-0.7876150608062744,0.0525245033204555
1-palmitoyl-2-gamma-linolenoyl-GPC (16:0/18:3n6)*,0.2158590784137654,0.9423400569916458,2.092196177160372,-0.2568329870700836,-0.0602333471179008
1-oleoyl-GPA (18:1),0.2161070889931955,0.9423400569916458,,0.0610213242471218,-0.1412992775440216
heneicosapentaenoate (21:5n3),0.2184449107071636,0.9423400569916458,0.0,-0.9979419708251952,-0.9979419708251952
vanillic alcohol sulfate,0.2193488907579438,0.9423400569916458,4.736498724564235,-1.2777976989746094,-0.0479329228401184
nisinate (24:6n3),0.2193488907579438,0.9423400569916458,,-0.6832888126373291,0.0170248597860336
(R)-3-hydroxybutyrylcarnitine,0.2205258962427598,0.9423400569916458,4.688566932944979,-0.3831056952476501,-0.0148565964773297
1-ribosyl-imidazoleacetate*,0.2224414369561181,0.9423400569916458,,-0.0913765951991081,0.0813894793391227
taurodeoxycholate,0.2230375959042978,0.9423400569916458,,-0.0675401762127876,0.8195202350616455
N-acetyltryptophan,0.2230375959042978,0.9423400569916458,,0.0802820697426796,-0.1080220639705658
"bilirubin degradation product, C17H18N2O4 (1)**",0.2230375959042978,0.9423400569916458,,0.2361478507518768,-0.0614106729626655
1-palmitoyl-2-palmitoleoyl-GPC (16:0/16:1)*,0.2230375959042978,0.9423400569916458,,-0.0047655077651143,0.2747485339641571
sphingomyelin (d18:2/18:1)*,0.2230375959042978,0.9423400569916458,,0.0590263083577156,-0.0889967381954193
N-acetylneuraminate,0.2230375959042978,0.9423400569916458,,0.056299477815628,-0.0224143899977207
1-stearyl-2-docosapentaenoyl-GPC (O-18:0/22:5n3)*,0.2230375959042978,0.9423400569916458,,0.0069912709295749,-0.0778110474348068
3beta-hydroxy-5-cholestenoate,0.2230375959042978,0.9423400569916458,-5.187410050660346,-0.0089415414258837,-0.3258205056190491
"sphingomyelin (d18:1/18:1, d18:2/18:0)",0.2230375959042978,0.9423400569916458,,0.0210478156805038,-0.0779935270547866
1-oleoyl-GPI (18:1),0.2230375959042978,0.9423400569916458,,-0.0549019053578376,0.065387450158596
mannitol/sorbitol,0.2230375959042978,0.9423400569916458,,-0.0041912104934453,0.2697313129901886
"5,6-dihydrouracil",0.2250029531147244,0.9423400569916458,3.6096061149447127,-0.4197273552417755,-0.0343848839402198
4-methylhexanoylglutamine,0.2270362925936792,0.9423400569916458,1.127816495178535,-0.6721004247665405,-0.3075583875179291
isoleucylglycine,0.2334193838388846,0.9423400569916458,-4.181394799248085,-0.0328953526914119,-0.5968425869941711
N-acetyl-3-methylhistidine*,0.2337728152561221,0.9423400569916458,0.2433113034206236,-0.5948119759559631,-0.5024995803833008
sarcosine,0.2367108060154611,0.9423400569916458,-2.5928112692266647,0.034571785479784,0.208562284708023
valine,0.2367409760450062,0.9423400569916458,-5.28123384237997,0.0046038972213864,0.1790339648723602
nonadecanoate (19:0),0.2367409760450062,0.9423400569916458,,-0.0208641923964023,0.1035319715738296
stearate (18:0),0.2367409760450062,0.9423400569916458,,-0.008314486593008,0.0764826387166976
1-(1-enyl-stearoyl)-2-oleoyl-GPE (P-18:0/18:1),0.2367409760450062,0.9423400569916458,,-0.050758883357048,0.2178068161010742
adenosine,0.2367409760450062,0.9423400569916458,,0.0731300413608551,-0.1309068202972412
2-O-methylascorbic acid,0.2367409760450062,0.9423400569916458,-2.353560495353626,0.0721350237727165,0.3686705827713012
1-stearyl-2-arachidonoyl-GPC (O-18:0/20:4)*,0.2367409760450062,0.9423400569916458,,0.0102038569748401,-0.0713433250784874
1-(1-enyl-oleoyl)-2-linoleoyl-GPE (P-18:1/18:2)*,0.2367409760450062,0.9423400569916458,,-0.1139853149652481,0.0333608016371727
N-formylmethionine,0.2367409760450062,0.9423400569916458,-0.7034848651058093,0.051004733890295,0.0830578207969665
