metabolite,sparse_score
glucuronide of C10H18O2 (7)*,0.0010861318485192435
"1,2-dipalmitoyl-GPE (16:0/16:0)*",0.0010801582995833559
1-oleoyl-GPA (18:1),0.001077068849649205
1-palmitoyl-2-stearoyl-GPE (16:0/18:0)*,0.0010745359560952973
3-carboxy-4-methyl-5-pentyl-2-furanpropionate (3-CMPFP)**,0.0010737011724636458
3-methylglutarylcarnitine (2),0.0010715866725202563
pyroglutamylvaline,0.001070289721943891
sphinganine-1-phosphate,0.0010689293187104703
dodecanedioate (C12-DC),0.0010687589456944424
1-ribosyl-imidazoleacetate*,0.0010685318269519283
16alpha-hydroxy DHEA 3-sulfate,0.0010679722821671787
oleoyl-oleoyl-glycerol (18:1/18:1) [2]*,0.0010674729978801248
ribonate,0.0010663161627241563
erythronate*,0.0010645899855709357
imidazole lactate,0.0010627605896052345
3-hydroxy-3-methylglutarate,0.0010615393339566599
"bilirubin (Z,Z)",0.001061097763231643
indoleacetate,0.0010610920071570532
indoleacetylglutamine,0.0010594776744384125
oleoyl-arachidonoyl-glycerol (18:1/20:4) [2]*,0.0010592932253579751
xanthine,0.0010589513416946585
methylsuccinate,0.0010586699902021747
pro-hydroxy-pro,0.001058453789323853
alpha-ketoglutaramate*,0.0010581959205781472
"5,6-dihydrouridine",0.0010561497973674207
palmitoyl-linoleoyl-glycerol (16:0/18:2) [2]*,0.001055966910407521
1-stearoyl-2-docosahexaenoyl-GPE (18:0/22:6)*,0.0010557179729161932
campesterol,0.0010554963385751319
myristoleate (14:1n5),0.0010554564875218512
cytidine,0.0010551755944777862
palmitoleoyl-arachidonoyl-glycerol (16:1/20:4) [2]*,0.0010547209664626233
3-hydroxyadipate,0.001054074095743906
"bilirubin (E,E)*",0.001053372075378382
palmitoyl-oleoyl-glycerol (16:0/18:1) [2]*,0.0010532786198192614
oleoyl-oleoyl-glycerol (18:1/18:1) [1]*,0.0010525959561647471
adrenoylcarnitine (C22:4)*,0.0010521527723804794
heptenedioate (C7:1-DC)*,0.0010508290110614086
andro steroid monosulfate C19H28O6S (1)*,0.0010504119248778622
1-palmitoleoyl-2-linolenoyl-GPC (16:1/18:3)*,0.0010499580269842548
alpha-CEHC glucuronide*,0.0010492200099280812
gulonate*,0.001048197890688912
palmitoyl-oleoyl-glycerol (16:0/18:1) [1]*,0.0010480595581234765
guanidinosuccinate,0.001047986630865769
3-sulfo-alanine,0.0010475051072100453
imidazole propionate,0.0010467587022457675
N4-acetylcytidine,0.0010464437481821538
1-palmitoyl-2-palmitoleoyl-GPE (16:0/16:1)*,0.0010445957765657112
dimethylarginine (SDMA + ADMA),0.0010442982605215775
"3,4-dihydroxybutyrate",0.0010439157277651403
1-(1-enyl-palmitoyl)-GPC (P-16:0)*,0.0010435412433253864
myristoylcarnitine (C14),0.0010435116139738848
"N,N,N-trimethyl-5-aminovalerate",0.0010432246592229507
butyrate/isobutyrate (4:0),0.0010431799010736337
orotidine,0.0010427648694181855
"5,6-dihydrothymine",0.001042648151846711
lactosyl-N-palmitoyl-sphingosine (d18:1/16:0),0.001042099355130443
2-hydroxyglutarate,0.0010419010167608774
tauro-beta-muricholate,0.001041462009951091
"hydroxy-N6,N6,N6-trimethyllysine*",0.001041455965223793
trans-4-hydroxyproline,0.0010413086165061243
palmitoyl-linoleoyl-glycerol (16:0/18:2) [1]*,0.0010395777020525776
5-oxoproline,0.0010391207138770373
1-oleoylglycerol (18:1),0.001038931850108124
3-hydroxysebacate,0.0010382728389960979
octanoylcarnitine (C8),0.001038063039416066
caprylate (8:0),0.0010380329346365744
"cis-3,4-methyleneheptanoylglycine",0.001037764317822387
N-acetylglucosamine conjugate of C24H40O4 bile acid**,0.0010374981970051452
pimeloylcarnitine/3-methyladipoylcarnitine (C7-DC),0.0010371341889607358
cholate,0.0010368232250963217
laurate (12:0),0.0010366639057810545
4-methylhexanoylglutamine,0.0010365982797389032
glucuronide of C10H18O2 (8)*,0.0010365416358898431
glucuronide of C10H18O2 (1)*,0.0010364165134306934
mead acid (20:3n9),0.0010360575992576025
androsterone glucuronide,0.0010356143475550505
homocitrulline,0.0010356137193109215
N-acetylalanine,0.001035601137448765
vanillic alcohol sulfate,0.0010352648061051854
laurylcarnitine (C12),0.0010350860961197666
glutarate (C5-DC),0.0010348051860961307
1-stearyl-2-arachidonoyl-GPC (O-18:0/20:4)*,0.0010345732281758638
stearoyl-arachidonoyl-glycerol (18:0/20:4) [1]*,0.001034369184670422
stearoylcarnitine (C18),0.0010343643794518114
pimelate (C7-DC),0.0010341090576417647
"diacylglycerol (12:0/18:1, 14:0/16:1, 16:0/14:1) [2]*",0.0010337261683143353
N-acetylglutamine,0.0010333347722218044
acisoga,0.0010333178435894563
N1-methyladenosine,0.001032975195845442
dimethylglycine,0.0010326771024958923
azeloyltaurine,0.001032588503094095
fructosyllysine,0.0010320330334064
2-hydroxyheptanoate*,0.001031912597308863
"bilirubin degradation product, C17H18N2O4 (1)**",0.0010316311778980952
citraconate/glutaconate,0.0010315989167130788
pseudouridine,0.0010315469422460606
vanillactate,0.0010311871790944166
S-methylcysteine,0.0010311152196722595
cytosine,0.0010310458581244744
2-amino-4-cyanobutanoate,0.0010308069385800728
alpha-CMBHC glucuronide,0.0010307865970539416
"bilirubin degradation product, C16H18N2O5 (3)**",0.0010305214270926793
"bilirubin degradation product, C17H18N2O4 (2)**",0.0010300565943553086
"N1,N12-diacetylspermine",0.0010298430083309303
hydroxypalmitoyl sphingomyelin (d18:1/16:0(OH))**,0.0010296754709032696
12-HETE,0.0010295367138485577
"bilirubin degradation product, C16H18N2O5 (4)**",0.0010295141140394754
1-stearoyl-2-linoleoyl-GPE (18:0/18:2)*,0.0010294055806212524
"N2,N5-diacetylornithine",0.0010293852900338345
2-aminooctanoate,0.0010293054860498467
I-urobilinogen,0.0010291299003055033
glycerophosphoserine*,0.0010290822046903924
7-methylguanine,0.001029055665620824
N-acetylcitrulline,0.0010287055638451136
3-hydroxyoleate*,0.0010286436733085956
metabolonic lactone sulfate,0.001028633757239096
phenylacetylcarnitine,0.0010285602356964012
linoleoyl ethanolamide,0.0010284907213324766
N-stearoyltaurine,0.001028459988308856
undecanedioate (C11-DC),0.001028028095939344
cysteine s-sulfate,0.0010279678014825057
kynurenate,0.0010279588362689855
suberoylcarnitine (C8-DC),0.0010279093577989134
N6-carbamoylthreonyladenosine,0.001027738882905459
4-acetamidobutanoate,0.001027598920301202
1-palmityl-GPC (O-16:0),0.0010272038736008928
3-hydroxydecanoylcarnitine,0.0010271924972882819
14-HDoHE/17-HDoHE,0.0010269707101310808
4-methoxyphenol sulfate,0.0010269497743199624
valerate (5:0),0.0010266715131094118
sebacate (C10-DC),0.0010265973123838746
11beta-hydroxyandrosterone glucuronide,0.0010264688619287968
margaroylcarnitine (C17)*,0.0010262863485194604
"bilirubin degradation product, C17H18N2O4 (3)**",0.0010261256878180795
3-methylglutaconate,0.0010259094190214733
taurochenodeoxycholic acid 3-sulfate,0.0010258914546352907
cortisol,0.0010258744071459454
"N,N,N-trimethyl-alanylproline betaine (TMAP)",0.0010258588878179953
N-carbamoylalanine,0.001025840753636102
8-hydroxyoctanoate,0.0010255896088005364
pantoate,0.0010253129097105235
cystine,0.0010250945524266767
1-palmitoyl-2-oleoyl-GPC (16:0/18:1),0.0010250742109005457
biliverdin,0.0010248659225023382
hydroxy-undecanedioate (OH-C11:0-DC)*,0.001024702867681438
chenodeoxycholate,0.0010245220012904941
carnitine of C10H14O2 (5)*,0.001024183870112382
3-hydroxyoctanoylcarnitine (1),0.0010241656340530623
undecanoate (11:0),0.0010240590702650825
1-linoleoylglycerol (18:2),0.0010239144552583546
decanoylcarnitine (C10),0.001023723299247348
N-acetyl-2-aminooctanoate*,0.0010236528679865861
caprate (10:0),0.0010233565065532846
glycylvaline,0.0010233453679546684
"N,N-dimethyl-5-aminovalerate",0.0010233437718749887
tridecenedioate (C13:1-DC)*,0.0010230116514650322
1-stearoyl-2-docosapentaenoyl-GPE (18:0/22:5n3)*,0.0010227976749105194
1-margaroyl-2-oleoyl-GPC (17:0/18:1)*,0.0010227851609666474
oleoylcholine,0.001022765091113653
N-acetyl-1-methylhistidine*,0.001022761491444588
1-stearyl-GPC (O-18:0)*,0.0010227247646323826
N-acetylneuraminate,0.001022551929578551
1-palmitoyl-2-linoleoyl-GPE (16:0/18:2),0.0010225275808736494
"cis-3,4-methyleneheptanoylcarnitine",0.0010224906672861623
arabonate/xylonate,0.0010223271370372723
glycoursodeoxycholic acid sulfate (1),0.001021895482381755
"5alpha-pregnan-3beta-ol,20-one sulfate",0.0010218027569441903
arachidonate (20:4n6),0.0010217946407092228
taurocholenate sulfate*,0.001021742462487352
"cis-3,4-methyleneheptanoate",0.0010215414583251297
N-formylmethionine,0.001021396079237704
S-carboxyethylcysteine,0.0010212981920105363
adrenate (22:4n6),0.0010209372233093471
"bilirubin degradation product, C16H18N2O5 (2)**",0.001020720428146038
1-myristoylglycerol (14:0),0.001020638264001673
suberate (C8-DC),0.0010205576959369878
tetrahydrocortisone glucuronide (5),0.0010205070458765124
L-urobilin,0.0010203284887072331
eicosanedioate (C20-DC),0.0010202934428725629
N-acetylhistidine,0.0010199392320406557
N-stearoyl-sphingosine (d18:1/18:0)*,0.001019708649465645
"N6,N6,N6-trimethyllysine",0.0010195627609910875
eicosenedioate (C20:1-DC)*,0.0010195539655732779
1-palmitoyl-2-oleoyl-GPE (16:0/18:1),0.001018973909466686
"N,N-dimethyl-pro-pro",0.0010186939333194586
1-dihomo-linolenylglycerol (20:3),0.0010186892299782746
N1-methyl-4-pyridone-3-carboxamide,0.0010185595739736514
oleoyl-arachidonoyl-glycerol (18:1/20:4) [1]*,0.0010183269708296846
mannose,0.0010179878208773088
chiro-inositol,0.0010179049605705303
phenylacetylglutamine,0.0010178146292524849
1-methyl-5-imidazoleacetate,0.0010176557004673522
5-hydroxymethyl-2-furoic acid,0.0010176048975907373
1-stearyl-2-docosapentaenoyl-GPC (O-18:0/22:5n3)*,0.0010175690706957982
gamma-glutamylhistidine,0.0010170734030573807
5-hydroxydecanoate,0.0010169370401221884
"2R,3R-dihydroxybutyrate",0.001016880362313986
1-stearoyl-2-arachidonoyl-GPI (18:0/20:4),0.001016871397100466
N-acetylaspartate (NAA),0.001016611626642801
"N2,N2-dimethylguanosine",0.0010164080076266355
eicosenoylcarnitine (C20:1)*,0.0010161708879167662
2-O-methylascorbic acid,0.0010161584588707494
1-stearoyl-2-adrenoyl-GPE (18:0/22:4)*,0.0010160702330195156
arabitol/xylitol,0.001015895394376299
cis-4-decenoate (10:1n6)*,0.0010156197819788338
"bilirubin degradation product, C16H18N2O5 (1)**",0.0010153764052970287
p-cresol glucuronide*,0.0010153457317019067
azelate (C9-DC),0.0010144792302315129
1-linoleoyl-GPA (18:2)*,0.001014298228004001
5-dodecenoate (12:1n7),0.001014288006302222
lyxonate,0.0010142281023755183
lithocholic acid sulfate (2),0.0010140683415914037
palmitoleoyl-linoleoyl-glycerol (16:1/18:2) [1]*,0.0010136222033617717
15-HETE,0.0010135280940891651
N6-methyladenosine,0.0010133746072565576
cis-4-decenoylcarnitine (C10:1),0.001013344128926503
pentadecanoate (15:0),0.0010131619041698742
N-acetyltyrosine,0.0010130843924279801
N6-carboxymethyllysine,0.0010129890351569006
ascorbic acid 2-sulfate,0.001012917483244449
oleoyl-linoleoyl-glycerol (18:1/18:2) [1],0.0010128689895894981
hyocholate (gamma-muricholate),0.0010128663747355547
1-margaroyl-GPE (17:0)*,0.001012699940980013
1-(1-enyl-stearoyl)-2-docosapentaenoyl-GPE (P-18:0/22:5n3)*,0.0010125682983655759
1-palmitoleoylglycerol (16:1)*,0.0010125329808577687
phenylacetylglutamate,0.001012399827061507
catechol glucuronide,0.0010123134010448056
3-aminoisobutyrate,0.0010122709181580106
2-oleoylglycerol (18:1),0.001012054547483978
N-acetylglycine,0.00101196097306786
1-stearoyl-2-docosapentaenoyl-GPC (18:0/22:5n3)*,0.0010119480176551403
arachidonoylcarnitine (C20:4),0.0010118668043667548
gamma-glutamylglycine,0.001011822470706714
N-acetylproline,0.0010117085038257514
N1-methylinosine,0.0010115761141101876
2-aminoheptanoate,0.0010115760801510452
hypoxanthine,0.0010114094256610802
myo-inositol,0.0010112629768606774
4-oxo-retinoic acid,0.0010112062481137621
4-hydroxyphenylacetate,0.0010111901345008251
N-acetylserine,0.0010107170496919187
alpha-CEHC sulfate,0.0010106859431177346
3-hydroxystearate,0.0010103900571124228
1-(1-enyl-stearoyl)-GPC (P-18:0)*,0.0010102733565205194
urea,0.0010101144447149577
3-amino-2-piperidone,0.001009939673990025
oleoyl-linoleoyl-glycerol (18:1/18:2) [2],0.0010096412750081963
hexanoylglycine,0.0010095696381978892
indoleacetoylcarnitine*,0.0010092385026030542
glycohyocholate,0.0010091167760581169
N-acetylthreonine,0.0010090751081907328
5-methylthioribose**,0.0010090126403487984
1-behenoyl-GPC (22:0),0.0010088224861324845
alanine,0.001008819565646262
1-stearoyl-2-arachidonoyl-GPE (18:0/20:4),0.0010088184110354297
"sphingomyelin (d18:1/20:2, d18:2/20:1, d16:1/22:2)*",0.0010088141831222355
malate,0.0010088062366829789
dihomo-linolenoylcarnitine (C20:3n3 or 6)*,0.0010083888278875823
1-arachidoyl-GPC (20:0),0.001008274928924904
methionine sulfone,0.0010080729059884182
"sphingomyelin (d18:2/16:0, d18:1/16:1)*",0.0010078591501683292
indolebutyrate,0.0010077007817090417
nonanoylcarnitine (C9),0.0010074142344678133
3-methyladipate,0.001007399699954985
"5alpha-pregnan-3beta,20alpha-diol disulfate",0.0010071352601152784
1-stearoyl-2-dihomo-linolenoyl-GPE (18:0/20:3n3 or 6)*,0.0010070859174817746
glycerol 3-phosphate,0.0010070254532292258
myristoyl-linoleoyl-glycerol (14:0/18:2) [1]*,0.0010069462944689385
quinolinate,0.0010069074961490637
N-acetylphenylalanine,0.0010068854906249685
myristate (14:0),0.0010068700392153029
"androstenediol (3alpha, 17alpha) monosulfate (2)",0.0010067858714815526
linoleoyl-arachidonoyl-glycerol (18:2/20:4) [2]*,0.0010066612584095347
palmitoylcholine,0.001006613630712708
10-heptadecenoate (17:1n7),0.0010063424499832901
isoursodeoxycholate,0.0010062071397815037
1-nonadecenoyl-GPC (19:1)*,0.001005798916934051
4-hydroxyphenylacetoylcarnitine,0.0010057840598093725
sphingomyelin (d18:2/24:2)*,0.0010057740418624465
stearoylcholine*,0.0010055614066940474
cholic acid glucuronide,0.0010054426176149035
1-linolenoylglycerol (18:3),0.0010051691276638213
stearoyl-arachidonoyl-glycerol (18:0/20:4) [2]*,0.0010050068708827606
taurodeoxycholic acid 3-sulfate,0.0010049837447069754
sphinganine,0.001004767679665222
S-adenosylhomocysteine (SAH),0.0010046719658231504
ornithine,0.0010046254248188716
1-(1-enyl-oleoyl)-GPE (P-18:1)*,0.0010046181915215995
C-glycosyltryptophan,0.0010046004478698406
1-linoleoyl-2-linolenoyl-GPC (18:2/18:3)*,0.0010045549256398256
4-imidazoleacetate,0.0010042291216303038
ursodeoxycholate,0.0010041925476342382
"bilirubin degradation product, C17H20N2O5 (2)**",0.0010041438502244346
tyramine O-sulfate,0.0010039420480223726
1-palmitoyl-2-docosahexaenoyl-GPE (16:0/22:6)*,0.0010038908376360522
threonine,0.0010038789349567383
isoursodeoxycholate sulfate (1),0.0010038063812495938
N-formylphenylalanine,0.0010037602137958786
1-oleoyl-2-docosahexaenoyl-GPE (18:1/22:6)*,0.001003502990273873
glutamine conjugate of C6H10O2 (2)*,0.0010034809507906354
stearidonate (18:4n3),0.0010033903817585953
3-hydroxyoctanoylcarnitine (2),0.0010032289569765168
phenylalanylglycine,0.0010031153466665466
docosapentaenoate (n6 DPA; 22:5n6),0.0010030371472520242
5-hydroxylysine,0.0010030021099071396
1-(1-enyl-stearoyl)-GPE (P-18:0)*,0.0010029663509304846
1-lignoceroyl-GPC (24:0),0.0010027489105434754
cortolone glucuronide (1),0.0010026684273766453
pyridoxal,0.0010025687742740875
creatinine,0.001002463755627074
corticosterone,0.0010023638817900924
1-arachidoyl-2-arachidonoyl-GPC (20:0/20:4)*,0.0010022116938946711
pantothenate,0.0010021952067311706
N-acetyl-isoputreanine,0.0010021768348352825
N-acetylputrescine,0.0010021462885869434
N-lactoyl tyrosine,0.0010019642336260256
fructose,0.0010019345533358107
1-oleoyl-2-linoleoyl-GPE (18:1/18:2)*,0.001001905518269296
octadecanedioylcarnitine (C18-DC)*,0.0010018307911770557
glycine conjugate of C10H12O2*,0.0010017504778059366
1-stearoyl-2-meadoyl-GPC (18:0/20:3n9)*,0.0010017436774877265
GlcNAc sulfate conjugate of C21H34O2 steroid**,0.0010016128074437725
3beta-hydroxy-5-cholestenoate,0.00100153468443732
N1-methyl-2-pyridone-5-carboxamide,0.0010014363897004471
palmitoyl-arachidonoyl-glycerol (16:0/20:4) [2]*,0.0010013383496571399
delta-CEHC,0.0010012454034851509
valylglycine,0.0010009820673175633
N-acetylarginine,0.0010009531850671883
kynurenine,0.0010008761317737128
trans-2-hexenoylglycine,0.0010008482852771723
trigonelline (N'-methylnicotinate),0.001000794052527203
1-palmitoleoyl-GPE (16:1)*,0.0010006631060751792
palmitoylcarnitine (C16),0.0010006567047768891
palmitoleate (16:1n7),0.001000634733211936
delta-CEHC glucuronide,0.0010006016060687957
succinate,0.0010006000948869713
linoleoyl-linoleoyl-glycerol (18:2/18:2) [2]*,0.0010005952047705056
carnitine,0.001000527303465832
"bilirubin (E,Z or Z,E)*",0.0010004489427453847
N-acetyl-3-methylhistidine*,0.0010004011112937055
2-hydroxyphenylacetate,0.0010001415785500355
"N2-acetyl,N6-methyllysine",0.0010000516038029823
2-aminobutyrate,0.0010000052665535563
glycosyl-N-stearoyl-sphingosine (d18:1/18:0),0.000999978489769993
"diacylglycerol (16:1/18:2 [2], 16:0/18:3 [1])*",0.0009997066468373035
1-palmitoyl-2-stearoyl-GPC (16:0/18:0),0.0009995139456853302
4-hydroxyphenylacetylglutamine,0.000999495522850729
cyclo(pro-val),0.0009994933664452042
"androstenediol (3beta,17beta) monosulfate (2)",0.0009994858784543662
linoleoylcarnitine (C18:2)*,0.0009993445744639951
1-arachidonylglycerol (20:4),0.0009991426194457937
gamma-tocopherol/beta-tocopherol,0.000999058570569041
adipoylcarnitine (C6-DC),0.0009989576609782244
taurine,0.0009987589320785244
"sphingomyelin (d18:1/18:1, d18:2/18:0)",0.0009986042312065862
2-hydroxyoctanoate,0.0009985682345159364
2-pyrrolidinone,0.0009984308528064806
pyridoxate,0.000998423789304919
"bilirubin degradation product, C17H20N2O5 (1)**",0.0009983003053743768
N-acetyl-2-aminoadipate,0.00099819371611704
N-palmitoyltaurine,0.0009981455280943686
cystathionine,0.0009980080954461994
"2,3-dihydroxy-5-methylthio-4-pentenoate (DMTPA)*",0.0009979938665656504
palmitoyl-linolenoyl-glycerol (16:0/18:3) [2]*,0.0009978984413762865
glutamate,0.000997872479612134
N-acetylleucine,0.000997801488025527
isovalerate (i5:0),0.0009975494942114083
"glycosyl ceramide (d18:1/20:0, d16:1/22:0)*",0.0009971576566500297
3-hydroxymyristate,0.0009971233069777732
3-hydroxylaurate,0.0009969158335989766
glutamine conjugate of C6H10O2 (1)*,0.000996852941267766
linoleoyl-arachidonoyl-glycerol (18:2/20:4) [1]*,0.0009967531523286397
sphingomyelin (d18:2/18:1)*,0.00099667331438551
glycocholate glucuronide (1),0.0009966683733303313
threonylphenylalanine,0.0009965333008425396
1-stearoyl-2-oleoyl-GPI (18:0/18:1)*,0.0009959273933390074
11-ketoetiocholanolone glucuronide,0.0009958995892913945
m-tyramine sulfate,0.0009958226378753454
N-acetylkynurenine (2),0.0009957876769385303
glycochenodeoxycholate glucuronide (1),0.000995715904291655
1-stearoyl-2-oleoyl-GPE (18:0/18:1),0.0009956683614926836
N6-acetyllysine,0.0009956370341840757
pregnanediol-3-glucuronide,0.0009954355376142927
2-arachidonoyl-GPC (20:4)*,0.000995415713965079
homovanillate (HVA),0.000995335120431037
1-oleoyl-2-arachidonoyl-GPE (18:1/20:4)*,0.0009953228442011598
1-(1-enyl-oleoyl)-GPC (P-18:1)*,0.000995251292288708
docosapentaenoate (n3 DPA; 22:5n3),0.0009951764293598994
"3beta,7alpha-dihydroxy-5-cholestenoate",0.000995056400772068
1-palmitoyl-2-arachidonoyl-GPE (16:0/20:4)*,0.0009947449954388061
glutamine,0.0009945868986526555
hydroxy-CMPF*,0.000994584504533136
N-stearoyl-sphinganine (d18:0/18:0)*,0.0009945344402678621
2-aminoadipate,0.00099427751388835
cortisone,0.0009940088631150202
gamma-CEHC glucuronide*,0.0009938829426160308
glu-gly-asn-val**,0.0009938653687599824
3-hydroxybutyroylglycine**,0.0009937333695745527
1-stearoyl-2-docosahexaenoyl-GPI (18:0/22:6)*,0.0009934028961829894
3-hydroxydodecanedioate*,0.000993387835303458
docosatrienoate (22:3n6)*,0.0009933138043736313
2-arachidonoylglycerol (20:4),0.0009932528307339506
fumarate,0.000993126298970403
1-palmityl-2-arachidonoyl-GPC (O-16:0/20:4)*,0.0009927685394081438
phenylacetate,0.000992764888800366
spermidine,0.0009926724520155088
(14 or 15)-methylpalmitate (a17:0 or i17:0),0.000992332996430854
glycoursodeoxycholic acid sulfate (2),0.0009922003180625819
arachidoylcarnitine (C20)*,0.0009921218894238504
indoxyl glucuronide,0.0009920599988873324
aconitate [cis or trans],0.000992031286432668
N-palmitoylglycine,0.000992016293471421
dihomo-linoleoylcarnitine (C20:2)*,0.000991784793999573
1-palmitoleoyl-GPI (16:1)*,0.0009917037165477558
tetrahydrocortisol glucuronide,0.0009916704026293338
2-hydroxystearate,0.0009916092931530848
glycochenodeoxycholate 3-sulfate,0.0009915178581629204
glutamine conjugate of C7H12O2*,0.0009914291059449835
3-carboxy-4-methyl-5-propyl-2-furanpropanoate (CMPF),0.000991410275600677
phosphate,0.000991368166264445
10-nonadecenoate (19:1n9),0.0009913335109599092
glycosyl-N-behenoyl-sphingadienine (d18:2/22:0)*,0.0009912561690137256
butyrylcarnitine (C4),0.000991220443996213
palmitoyl ethanolamide,0.0009911172591428742
sphingosine 1-phosphate,0.0009910894975441891
5alpha-pregnan-diol disulfate,0.0009910684258965024
linoleoyl-linolenoyl-glycerol (18:2/18:3) [2]*,0.0009905163521230194
N-linoleoylglycine,0.0009905160634703114
1-palmityl-2-palmitoyl-GPC (O-16:0/16:0)*,0.0009903860169355539
glycerophosphoinositol*,0.000990354689626946
1-(1-enyl-palmitoyl)-2-palmitoleoyl-GPC (P-16:0/16:1)*,0.0009903009492845374
glycerophosphoethanolamine,0.000990250316203633
alpha-ketoglutarate,0.0009900219239932892
lignoceroylcarnitine (C24)*,0.0009900180526510873
pelargonate (9:0),0.0009899195202002194
betaine,0.0009899153771848804
5-methyluridine (ribothymidine),0.000989602987036497
glycosyl-N-(2-hydroxynervonoyl)-sphingosine (d18:1/24:1(2OH))*,0.000989588571380666
1-stearoyl-2-oleoyl-GPC (18:0/18:1),0.0009894612755364206
1-eicosenoyl-GPC (20:1)*,0.0009894462995547445
glycine conjugate of C10H14O2 (1)*,0.0009894174003247985
1-palmityl-2-stearoyl-GPC (O-16:0/18:0)*,0.0009893043673202442
ursocholate,0.0009892122191880954
21-hydroxypregnenolone disulfate,0.0009887355007509818
estrone 3-sulfate,0.0009884532153820898
glycine,0.0009884329247946719
3-(3-amino-3-carboxypropyl)uridine*,0.000988307275968819
1-(1-enyl-palmitoyl)-2-palmitoyl-GPC (P-16:0/16:0)*,0.0009881381085023366
alpha-hydroxyisovalerate,0.0009881039625849327
1-palmitoyl-2-linoleoyl-GPI (16:0/18:2),0.000988085403913763
5-methylthioadenosine (MTA),0.0009878379776042596
"1,5-anhydroglucitol (1,5-AG)",0.0009878042901352742
dihomo-linolenate (20:3n3 or n6),0.0009875597843119934
N-acetyl-beta-alanine,0.0009875476099595426
cysteine sulfinic acid,0.000987446462654731
N-acetylasparagine,0.0009873120014314977
3-hydroxyoctanoate,0.0009872942408001677
urate,0.0009871983232032431
pipecolate,0.0009871659431612294
"ceramide (d18:2/24:1, d18:1/24:2)*",0.0009871562138670114
N-acetylglutamate,0.000987133597078358
N-stearoyl-sphingadienine (d18:2/18:0)*,0.0009870643374079995
glucuronate,0.0009869392658875629
N-acetyltryptophan,0.0009869208770121036
"sphingomyelin (d18:1/20:1, d18:2/20:0)*",0.0009867526773811716
gamma-glutamylglutamate,0.0009863815888556298
glutarylcarnitine (C5-DC),0.0009863604662692298
"branched-chain, straight-chain, or cyclopropyl 12:1 fatty acid*",0.0009862179397497424
1-nonadecanoyl-GPC (19:0),0.0009861274895746994
taurolithocholate 3-sulfate,0.0009860993883845932
17alpha-hydroxypregnanolone glucuronide,0.0009860223520706888
1-methyl-5-imidazolelactate,0.000985948881466707
"1,2-dilinoleoyl-GPC (18:2/18:2)",0.0009857321372421114
1-palmitoleoyl-2-linoleoyl-GPC (16:1/18:2)*,0.0009854268954931444
(16 or 17)-methylstearate (a19:0 or i19:0),0.0009852744359245863
"sphingomyelin (d18:2/14:0, d18:1/14:1)*",0.0009850434458398703
2-methylcitrate/homocitrate,0.0009849175253408807
N-behenoyl-sphingadienine (d18:2/22:0)*,0.00098488599427742
1-oleoyl-2-docosapentaenoyl-GPC (18:1/22:5n3)*,0.0009848575025571793
1-arachidonoyl-GPC (20:4n6)*,0.000984771653845894
glycolithocholate,0.000984761364225831
N-acetyltaurine,0.0009845963058155453
dihydroorotate,0.000984594030553023
"ceramide (d18:1/20:0, d16:1/22:0, d20:1/18:0)*",0.0009843527338686728
palmitoyl-sphingosine-phosphoethanolamine (d18:1/16:0),0.0009838690538074245
oleoyl ethanolamide,0.0009838116458776667
2-hydroxynervonate*,0.0009836636009975842
tetradecadienoate (14:2)*,0.0009835418404935045
tigloylglycine,0.000983508628452509
1-stearoyl-2-docosapentaenoyl-GPE (18:0/22:5n6)*,0.000983236021439122
caproate (6:0),0.00098306094508191
heneicosapentaenoate (21:5n3),0.0009829867613359439
2-hydroxymyristate,0.0009829586771254088
1-arachidonoyl-GPA (20:4),0.0009829160923611874
gamma-glutamylvaline,0.000982903731233455
isobutyrylglycine,0.0009828995712385447
nonadecanoate (19:0),0.0009828988580965602
hydroxyasparagine**,0.000982863846221032
N-lactoyl phenylalanine,0.0009826735731477208
N-acetylisoleucine,0.0009825196533360511
"5alpha-androstan-3alpha,17beta-diol 17-glucuronide",0.0009824878845585956
glycochenodeoxycholate,0.0009824866280703374
maltose,0.000982413021629787
nervonoylcarnitine (C24:1)*,0.0009820319660960323
deoxycholic acid 12-sulfate*,0.0009818885736184208
tetradecanedioate (C14-DC),0.000981873071270042
docosadienoate (22:2n6),0.000981642115144468
5-(galactosylhydroxy)-lysine,0.0009816389909033925
eicosapentaenoate (EPA; 20:5n3),0.0009815525479071202
"androstenediol (3beta,17beta) disulfate (2)",0.0009814585659812965
docosahexaenoylcarnitine (C22:6)*,0.0009813400655548606
4-cholesten-3-one,0.000981117259623396
deoxycholic acid glucuronide,0.0009810970369542621
succinylcarnitine (C4-DC),0.0009809968235258593
1-stearoyl-2-linoleoyl-GPI (18:0/18:2),0.000980927903446922
eicosenoate (20:1),0.0009808997173589603
behenoyl dihydrosphingomyelin (d18:0/22:0)*,0.0009808817190136356
glycosyl-N-behenoyl-sphingosine (d18:1/22:0)*,0.000980879953138245
anthranilate,0.0009807226034532213
"cys-gly, oxidized",0.0009805155206045592
arachidate (20:0),0.00098044768721817
alpha-tocopherol,0.0009804356147431453
2'-O-methyluridine,0.0009804344091936
S-methylcysteine sulfoxide,0.00098043216789022
lactate,0.0009802067471048118
succinoyltaurine,0.0009800070503695616
maleate,0.0009800010396014058
spermine,0.0009799916838577512
picolinoylglycine,0.000979796707443256
5-hydroxyindoleacetate,0.0009797257498157911
pregnenetriol disulfate*,0.0009796692248237285
docosatrienoate (22:3n3),0.0009795589934483994
malonate,0.000979495303077349
allantoin,0.0009794930787535398
O-acetylhomoserine,0.0009793513502738924
palmitoyl-docosahexaenoyl-glycerol (16:0/22:6) [1]*,0.0009792244279802102
2-hydroxylaurate,0.0009790466688507707
2-stearoyl-GPE (18:0)*,0.0009790322871540819
"2S,3R-dihydroxybutyrate",0.0009789799391365002
gamma-glutamylthreonine,0.000978941497387618
linolenoylcarnitine (C18:3)*,0.0009788942602209257
chenodeoxycholic acid sulfate (1),0.000978882442439467
3-hydroxy-2-ethylpropionate,0.0009788799973812342
xanthurenate,0.0009788758543658954
dodecadienoate (12:2)*,0.000978787798310372
alpha-CEHC,0.00097878552304785
1-methylhistidine,0.0009786932051199903
margarate (17:0),0.0009786191741901636
valylleucine,0.0009785730067364484
16-hydroxypalmitate,0.0009784482408482908
creatine,0.0009782716702888257
glyco-beta-muricholate**,0.0009782474234613504
fibrinopeptide A (8-16)**,0.0009781494852954696
1-stearoyl-2-oleoyl-GPS (18:0/18:1),0.0009781053044515685
HWESASXX*,0.0009780113734644581
sphingosine,0.0009779038248613568
lanthionine,0.0009773545017783857
glycosyl-N-nervonoyl-sphingosine (d18:1/24:1)*,0.0009771918714467618
tetradecadienedioate (C14:2-DC)*,0.0009769434093834237
(12 or 13)-methylmyristate (a15:0 or i15:0),0.0009769390286540898
oleoylcarnitine (C18:1),0.0009768918084669686
N-oleoyltaurine,0.000976833296865092
taurochenodeoxycholate,0.000976610677708909
1-stearoyl-2-dihomo-linolenoyl-GPI (18:0/20:3n3 or 6)*,0.0009765855988824517
1-palmitoyl-GPI (16:0),0.0009765189031273235
gamma-CEHC,0.0009764106074230954
1-palmitoyl-2-oleoyl-GPI (16:0/18:1)*,0.0009763786688499293
(S)-3-hydroxybutyrylcarnitine,0.0009762550066338907
2-hydroxybutyrate/2-hydroxyisobutyrate,0.0009762012068629833
1-(1-enyl-stearoyl)-2-arachidonoyl-GPE (P-18:0/20:4)*,0.0009761613558097028
1-linoleoyl-2-arachidonoyl-GPE (18:2/20:4)*,0.0009760121987677159
glycerophosphoglycerol,0.0009758730851420118
1-(1-enyl-palmitoyl)-2-linoleoyl-GPC (P-16:0/18:2)*,0.0009756770050553975
1-pentadecanoyl-GPC (15:0)*,0.0009756079321603206
dodecenedioate (C12:1-DC)*,0.0009755271263816406
3-methoxytyrosine,0.0009754238736100177
dihomo-linolenoyl-choline,0.0009752185990856735
N-methylhydroxyproline**,0.0009752095065253703
heme,0.0009751626598888126
linoleoyl-docosahexaenoyl-glycerol (18:2/22:6) [1]*,0.000975054517000724
1-stearoyl-2-arachidonoyl-GPC (18:0/20:4),0.000974819706512519
behenate (22:0)*,0.000974752246676693
hydantoin-5-propionate,0.0009746036924094788
fibrinopeptide B (1-9)**,0.0009745375060414824
stearoyl sphingomyelin (d18:1/18:0),0.0009745163579857256
palmitate (16:0),0.0009743538889600269
fibrinopeptide A (2-15)**,0.0009742871762253276
"sphingomyelin (d17:1/14:0, d16:1/15:0)*",0.0009740916394849872
6-oxopiperidine-2-carboxylate,0.0009739190591247215
behenoyl sphingomyelin (d18:1/22:0)*,0.0009737541195714332
(N(1) + N(8))-acetylspermidine,0.0009737232676908151
linoleoyl-linoleoyl-glycerol (18:2/18:2) [1]*,0.0009735936456453342
fibrinopeptide A (4-15)**,0.0009735603996451963
allo-threonine,0.0009734894420177317
palmitoyl-arachidonoyl-glycerol (16:0/20:4) [1]*,0.0009730836132897987
5-dodecenoylcarnitine (C12:1),0.0009730594513601787
aspartate,0.0009730503333305189
deoxycholate,0.0009729781701535089
"5alpha-androstan-3alpha,17beta-diol disulfate",0.0009728172972074898
1-oleyl-GPC (O-18:1)*,0.0009727817334959023
hexanoylcarnitine (C6),0.000972549894432633
"2,3-dihydroxy-2-methylbutyrate",0.0009725033534283544
gamma-glutamylphenylalanine,0.0009724272849500002
"5alpha-pregnan-3beta,20alpha-diol monosulfate (2)",0.0009724217326302632
indolepropionylglycine,0.0009719656953107024
N-lactoyl isoleucine,0.0009719595996446914
heptanoate (7:0),0.0009718635462111983
decadienedioic acid (C10:2-DC)**,0.0009716806422717276
ascorbic acid 3-sulfate*,0.0009716610308671519
S-1-pyrroline-5-carboxylate,0.0009716586876863455
phenyllactate (PLA),0.0009713979154339879
"ceramide (d18:1/17:0, d17:1/18:0)*",0.0009712013259602417
"sphingomyelin (d18:0/18:0, d19:0/17:0)*",0.0009711304192714903
3-hydroxybutyrate (BHBA),0.0009710627047420984
hexanoylglutamine,0.0009709118582327909
1-palmitoyl-2-palmitoleoyl-GPC (16:0/16:1)*,0.0009708395592192125
indolelactate,0.0009707707410177015
lithocholate sulfate (1),0.0009706862167129591
beta-citrylglutamate,0.0009703294759249639
1-methyl-4-imidazoleacetate,0.0009700294808634551
proline,0.0009699288769049177
N-oleoylserine,0.0009698601436012622
adipate (C6-DC),0.00096983706836419
pyroglutamylglycine,0.0009696280668239981
gamma-glutamylisoleucine*,0.0009695651150642887
2-hydroxypalmitate,0.0009695389750146401
glycoursodeoxycholate,0.0009695343565713115
linoleate (18:2n6),0.0009694812529628177
1-oleoyl-GPE (18:1),0.0009693328260423866
1-adrenoyl-GPC (22:4)*,0.0009693149805132011
citrulline,0.0009692555774838438
lactosyl-N-nervonoyl-sphingosine (d18:1/24:1)*,0.0009692512731625798
pregnenetriol sulfate*,0.000969233886081813
methylsuccinoylcarnitine,0.0009691085089290973
"glycosyl ceramide (d18:2/24:1, d18:1/24:2)*",0.0009690972344939128
"1,2-dipalmitoyl-GPI (16:0/16:0)*",0.0009689864767518806
octadecenedioylcarnitine (C18:1-DC)*,0.0009686276984153582
11beta-hydroxyetiocholanolone glucuronide*,0.0009686210084643602
2-oleoyl-GPE (18:1)*,0.0009685233589511875
"sphingomyelin (d18:2/21:0, d16:2/23:0)*",0.0009684492091643633
tiglylcarnitine (C5:1-DC),0.0009682605321707315
N-acetylvaline,0.0009682549119327103
1-palmitoyl-2-(hydroxylinoleoyl)-GPC (16:0/18:2(OH))*,0.0009682535196078832
1-palmitoyl-GPC (16:0),0.000967928428740346
cholesterol,0.0009676269904152973
behenoylcarnitine (C22)*,0.0009672609108632184
1-(1-enyl-stearoyl)-2-linoleoyl-GPC (P-18:0/18:2)*,0.0009670050117477554
1-stearyl-2-linoleoyl-GPC (O-18:0/18:2)*,0.0009668097297009811
choline phosphate,0.0009667526953217865
gamma-glutamyl-2-aminobutyrate,0.0009667373627691183
7alpha-hydroxy-3-oxo-4-cholestenoate (7-Hoca),0.0009667235923369877
2-hydroxybehenate,0.0009665857521791131
adenine,0.0009665447634945714
N-methylproline,0.0009661112750453798
1-stearoyl-2-linoleoyl-GPC (18:0/18:2)*,0.0009660290429827306
oleate/vaccenate (18:1),0.0009659563364594466
"sphingomyelin (d18:1/22:1, d18:2/22:0, d16:1/24:1)*",0.0009658708952578668
stearoyl ethanolamide,0.0009657729231328439
trimethylamine N-oxide,0.0009656265931894387
cysteine-glutathione disulfide,0.0009656193938513088
1-(1-enyl-stearoyl)-2-oleoyl-GPE (P-18:0/18:1),0.0009650250239663124
ribitol,0.0009649970076740616
isoleucylhydroxyproline*,0.0009649553058475354
N-stearoylserine*,0.0009649298195113725
12-HHTrE,0.0009648837539350836
"1,2-dilinoleoyl-GPE (18:2/18:2)*",0.0009648722587654752
1-stearoyl-2-docosapentaenoyl-GPC (18:0/22:5n6)*,0.0009648370091759522
myristoleoylcarnitine (C14:1)*,0.0009645034455024556
guanosine,0.0009643510708317527
linoleoylcholine*,0.0009642808093667015
deoxycarnitine,0.0009641229163354037
erucate (22:1n9),0.0009640304031424769
1-linoleoyl-GPC (18:2),0.0009640007313420475
mannitol/sorbitol,0.0009639225743764531
2-oxoarginine*,0.0009638530260533863
gamma-glutamylmethionine,0.0009638428722698919
gamma-glutamylcitrulline*,0.0009638335844445214
2-palmitoleoyl-GPC (16:1)*,0.0009637953124913495
hexadecenedioate (C16:1-DC)*,0.0009637084450058005
"N,N-dimethylalanine",0.0009636663017104268
"androstenediol (3beta,17beta) monosulfate (1)",0.0009636480486715359
docosahexaenoate (DHA; 22:6n3),0.0009635461033268847
1-(1-enyl-palmitoyl)-2-oleoyl-GPC (P-16:0/18:1)*,0.000963521177316567
"sphingomyelin (d18:1/19:0, d19:1/18:0)*",0.0009634624280006952
N-palmitoylserine,0.0009634268048606089
"sphingomyelin (d18:2/24:1, d18:1/24:2)*",0.0009633989074253554
glycerol,0.0009632512530754076
cysteinylglycine disulfide*,0.000963214763977197
3beta-hydroxy-5-cholenoate,0.0009631282106137128
(2 or 3)-decenoate (10:1n7 or n8),0.0009629546199689688
2-linoleoylglycerol (18:2),0.0009626658653835027
octadecenedioate (C18:1-DC),0.0009626153172004535
N-succinyl-phenylalanine,0.000962510264594298
7-ketodeoxycholate,0.0009624174033201645
stearate (18:0),0.0009622451116126069
1-palmitoyl-GPE (16:0),0.0009622419534123896
gentisate,0.0009622297451007965
1-stearoyl-GPE (18:0),0.0009621547802945614
etiocholanolone glucuronide,0.0009620792721420524
2-hydroxysebacate,0.0009618733099450805
thyroxine,0.000961444338061791
2-oleoyl-GPI (18:1)*,0.0009611680549712693
lactosyl-N-behenoyl-sphingosine (d18:1/22:0)*,0.0009609159168307965
carboxyethyl-GABA,0.0009608312227303433
serine,0.0009607497887075339
1-stearoyl-GPG (18:0),0.0009605335199109279
beta-alanine,0.0009602682820313813
hexadecadienoate (16:2n6),0.0009602666180334173
linolenate [alpha or gamma; (18:3n3 or 6)],0.0009599819809939335
1-(1-enyl-palmitoyl)-2-arachidonoyl-GPC (P-16:0/20:4)*,0.0009595907462073276
sphingadienine,0.0009595771965096207
2'-deoxyuridine,0.0009595716781490258
gamma-glutamyl-alpha-lysine,0.0009594814656879777
2-stearoyl-GPC (18:0)*,0.0009594628051393816
dihomo-linoleate (20:2n6),0.0009593283269365771
1-palmitoleoyl-GPC (16:1)*,0.000959250017154843
2-stearoyl-GPI (18:0)*,0.0009592049024345334
3-hydroxydecanoate,0.0009591632515467204
1-palmitoyl-2-arachidonoyl-GPC (16:0/20:4n6),0.0009591377991696998
N-acetylcarnosine,0.0009590406081049456
N2-methylguanosine,0.0009588533743748541
fibrinopeptide B (1-13)**,0.0009585236650639882
lysine,0.0009583246305320093
"sphingomyelin (d18:1/22:2, d18:2/22:1, d16:1/24:2)*",0.0009580095915705403
1-(1-enyl-stearoyl)-2-arachidonoyl-GPC (P-18:0/20:4),0.0009578560962481473
nicotinamide,0.0009575766634471937
fibrinopeptide A (7-16)*,0.0009575259030195063
docosadioate (C22-DC),0.000957445156669325
methionine sulfoxide,0.0009573175551928003
lithocholate,0.0009572782389960081
guanine,0.0009572765665082586
isoleucylglycine,0.0009571433617732838
"branched-chain, straight-chain, or cyclopropyl 10:1 fatty acid (2)*",0.0009570646784409862
1-oleyl-2-linoleoyl-GPC (O-18:1/18:2)*,0.0009569373825967407
"N2-acetyl,N6,N6-dimethyllysine",0.0009568207838822636
1-arachidonoyl-GPE (20:4n6)*,0.0009567986595011709
ximenoylcarnitine (C26:1)*,0.0009567902036747824
1-(1-enyl-palmitoyl)-GPE (P-16:0)*,0.0009567118938930484
acetylcarnitine (C2),0.0009564194038019487
2-ketocaprylate,0.0009561226348589416
tauroursodeoxycholate,0.0009561141790325532
1-oleoyl-GPC (18:1),0.0009560705585144969
indolepropionate,0.0009559268434250352
taurocholate,0.0009558612513420259
8-methoxykynurenate,0.0009551730183882035
glycocholenate sulfate*,0.000955006312959525
N-palmitoyl-sphingosine (d18:1/16:0),0.0009549955054625446
1-linolenoyl-GPC (18:3)*,0.0009547405487132755
gamma-glutamylalanine,0.0009546143565411489
palmitoloelycholine,0.0009545024611678558
phenol sulfate,0.0009544911103246015
9-hydroxystearate,0.000954342021200899
"fibrinopeptide A, des-ala(1)*",0.0009542648830095679
oleamide,0.0009542569195907403
hypotaurine,0.0009538010520668901
"5alpha-pregnan-3beta,20beta-diol monosulfate (1)",0.0009535467320515358
N-palmitoyl-sphinganine (d18:0/16:0),0.0009534155903344448
2-palmitoyl-GPC (16:0)*,0.0009532806791525784
1-docosahexaenoyl-GPE (22:6)*,0.0009530462252353657
1-methylhistamine,0.000953034882881897
1-margaroyl-2-arachidonoyl-GPC (17:0/20:4)*,0.0009529675419030683
phosphoethanolamine,0.0009529456297666138
ethylmalonate,0.0009528933921162441
1-docosahexaenoylglycerol (22:6),0.0009528603074220314
"1,2-dipalmitoyl-GPC (16:0/16:0)",0.0009528588047299926
1-stearoyl-GPC (18:0),0.0009528150993140811
fibrinopeptide A*,0.0009527537606136226
oxalate (ethanedioate),0.0009524600819525486
acetoacetate,0.0009524287801132974
"5alpha-androstan-3beta,17beta-diol monosulfate (2)",0.0009523919429338801
sucrose,0.0009523217069381856
1-linoleoyl-GPI (18:2)*,0.0009522493060471809
linoleamide (18:2n6),0.0009521395840589836
"ceramide (d16:1/24:1, d18:1/22:1)*",0.0009519419758109736
argininate*,0.000951900426800587
fibrinopeptide A (3-15)**,0.0009517015790438897
1-palmitoyl-2-eicosapentaenoyl-GPE (16:0/20:5)*,0.0009515572526898698
2-methylbutyrylcarnitine (C5),0.0009514869063269633
phenylalanine,0.0009513347778600408
cyclo(leu-pro),0.0009513332751680018
fibrinopeptide B (1-12)**,0.00095128668322501
2-oleoyl-GPC (18:1)*,0.0009511844831867929
"phosphatidylcholine (18:0/20:2, 20:0/18:2)*",0.0009511268035838979
"branched-chain, straight-chain, or cyclopropyl 10:1 fatty acid (1)*",0.0009510945339090962
"androstenediol (3beta,17beta) disulfate (1)",0.0009509870786936356
sarcosine,0.0009508900574245922
glycerophosphorylcholine (GPC),0.0009508100157266098
1-(1-enyl-stearoyl)-2-oleoyl-GPC (P-18:0/18:1),0.000950775360422074
N-acetylmethionine,0.0009506215424878307
cysteine,0.0009505386482219102
guanidinoacetate,0.0009505326629231111
1-palmityl-GPE (O-16:0)*,0.0009503281185203227
propionylglycine,0.0009501903887296601
tryptophan betaine,0.0009501858806535433
1-eicosapentaenoyl-GPE (20:5)*,0.0009498787032334756
N-linoleoylserine*,0.0009498260156244729
1-stearoyl-2-dihomo-linolenoyl-GPC (18:0/20:3n3 or 6)*,0.0009498193086939036
3-ureidopropionate,0.0009497978634956534
palmitamide (16:0),0.0009495654810861103
"sphingomyelin (d18:1/14:0, d16:1/16:0)*",0.0009492642465159141
alpha-hydroxyisocaproate,0.0009492602053780014
3-hydroxyhexanoylcarnitine (1),0.0009487304767200353
trans-urocanate,0.0009487010341438151
myristoyl dihydrosphingomyelin (d18:0/14:0)*,0.0009486508764909004
1-linolenoyl-GPE (18:3)*,0.0009484346076942944
1-(1-enyl-stearoyl)-2-linoleoyl-GPE (P-18:0/18:2)*,0.0009482605925602739
glycosyl-N-palmitoyl-sphingosine (d18:1/16:0),0.0009482527564882293
fibrinopeptide B (1-11)**,0.0009482268117036477
1-(1-enyl-palmitoyl)-2-docosahexaenoyl-GPC (P-16:0/22:6)*,0.0009481849315916254
citrate,0.0009481171746133058
lignoceroyl sphingomyelin (d18:1/24:0),0.0009479615398649591
1-stearoyl-2-adrenoyl-GPC (18:0/22:4)*,0.0009478123403740446
eicosapentaenoylcholine,0.0009476681838157353
glycolithocholate sulfate*,0.0009476534710174107
propionylcarnitine (C3),0.0009475305813718555
sphingomyelin (d18:2/23:1)*,0.0009473825195122022
3-hydroxyhexanoate,0.0009470200226496172
1-stearoyl-GPI (18:0),0.0009468688874876018
hexadecanedioate (C16-DC),0.0009468442331504209
(R)-3-hydroxybutyrylcarnitine,0.0009467705587915866
2-arachidonoyl-GPI (20:4)*,0.0009463959300254784
glycerate,0.0009463811662884409
1-(1-enyl-palmitoyl)-2-oleoyl-GPE (P-16:0/18:1)*,0.0009463116094755887
1-dihomo-linoleoyl-GPC (20:2)*,0.0009462710198109669
xanthosine,0.0009462194868127963
3-methyl-2-oxobutyrate,0.0009460007135294586
isocitrate,0.0009459460393106417
17alpha-hydroxypregnenolone 3-sulfate,0.0009456858188943438
arachidonoylcholine,0.0009455845866916772
1-margaroyl-2-linoleoyl-GPC (17:0/18:2)*,0.0009454428751916006
1-pentadecanoyl-2-arachidonoyl-GPC (15:0/20:4)*,0.0009454409904592129
1-palmitoyl-GPG (16:0)*,0.0009452135151457063
1-oleoyl-2-docosahexaenoyl-GPC (18:1/22:6)*,0.000945085438241192
gamma-glutamyl-epsilon-lysine,0.0009450258399467672
orotate,0.0009449479037155965
13-HODE + 9-HODE,0.0009448841114671195
palmitoyl sphingomyelin (d18:1/16:0),0.0009447419245390534
dehydroepiandrosterone sulfate (DHEA-S),0.0009441709185438373
1-dihomo-linolenoyl-GPE (20:3n3 or 6)*,0.0009441425966193073
2-methylserine,0.0009440762574351713
pregnanolone/allopregnanolone sulfate,0.0009438799905732752
fibrinopeptide A (5-16)*,0.000943641189885871
homoarginine,0.0009434580397426197
vanillylmandelate (VMA),0.0009433374423391577
"sphingomyelin (d18:1/24:1, d18:2/24:0)*",0.0009431950856153809
pentose acid*,0.0009430909244367062
"5,6-dihydrouracil",0.0009428665478949183
octadecanedioate (C18-DC),0.0009427408056814249
1-linoleoyl-2-arachidonoyl-GPC (18:2/20:4n6)*,0.000942636211523688
glycodeoxycholate,0.000942263552387823
isovalerylglycine,0.0009421090722503084
isobutyrylcarnitine (C4),0.0009420969318569998
pregnenediol disulfate (C21H34O8S2)*,0.0009420120679608361
1-palmitoyl-2-dihomo-linolenoyl-GPC (16:0/20:3n3 or 6)*,0.0009417959689599406
"5alpha-androstan-3alpha,17beta-diol monosulfate (1)",0.0009417206475827132
isovalerylcarnitine (C5),0.0009417037189503653
glycocholate,0.0009416679090349972
docosahexaenoylcholine,0.0009416653790789091
"fibrinopeptide A, phosphono-ser(3)*",0.0009416647763041365
2-hydroxydecanoate,0.000941435798298591
prolylproline,0.0009413857425231027
inosine,0.0009413254990049778
2-hydroxy-4-(methylthio)butanoic acid,0.0009411983559768716
"androstenediol (3alpha, 17alpha) monosulfate (3)",0.0009411148164872507
N-acetylglucosamine/N-acetylgalactosamine,0.0009410541399900636
palmitoleoylcarnitine (C16:1)*,0.0009409597590443201
1-stearoyl-2-docosahexaenoyl-GPC (18:0/22:6),0.0009406783311437666
6-bromotryptophan,0.000940452307583586
pyruvate,0.0009404051468249635
serotonin,0.0009399116440818563
"5alpha-androstan-3beta,17beta-diol disulfate",0.0009397918871671618
leucylalanine,0.0009397706372339787
1-palmitoyl-2-pentadecanoyl-GPC (16:0/15:0)*,0.0009391601876951876
3-hydroxyisobutyrate,0.0009391233759851269
1-myristoyl-GPC (14:0),0.0009390632343444284
"5alpha-androstan-3alpha,17alpha-diol monosulfate",0.0009389781751831973
gamma-glutamylleucine,0.0009388773504902362
1-palmitoyl-2-arachidonoyl-GPI (16:0/20:4)*,0.0009387547240280325
valine,0.000938404172293689
histidine,0.0009382434691433806
histidylalanine,0.0009381147385253803
2-hydroxy-3-methylvalerate,0.0009379669738082205
"sphingomyelin (d18:0/20:0, d16:0/22:0)*",0.0009368200801911083
N-lactoyl valine,0.0009365536452518019
1-(1-enyl-oleoyl)-2-docosahexaenoyl-GPC (P-18:1/22:6)*,0.0009360410320014653
methylmalonate (MMA),0.0009359491810118099
choline,0.0009355644494009204
4-hydroxyphenylpyruvate,0.0009351923590806859
uracil,0.000935190695082722
1-meadoyl-GPC (20:3n9)*,0.000934779347994194
leucylglycine,0.0009343077404079701
nisinate (24:6n3),0.0009340638373594619
tryptophan,0.0009339266169559311
taurodeoxycholate,0.0009337498086824711
leucine,0.00093347137767621
1-palmityl-2-linoleoyl-GPC (O-16:0/18:2)*,0.000933164064419574
cysteinylglycine,0.000933054121696953
4-guanidinobutanoate,0.0009329977325414588
1-(1-enyl-stearoyl)-2-docosahexaenoyl-GPE (P-18:0/22:6)*,0.000932699639191909
pregnenediol sulfate (C21H34O5S)*,0.0009325687097194561
threonate,0.0009325554062255298
1-(1-enyl-oleoyl)-2-docosahexaenoyl-GPE (P-18:1/22:6)*,0.0009323616438503652
methionine,0.0009322896674486369
1-pentadecanoyl-2-docosahexaenoyl-GPC (15:0/22:6)*,0.0009320956249105499
carotene diol (3),0.0009320920592006271
N-palmitoyl-sphingadienine (d18:2/16:0)*,0.0009320730930197518
1-myristoyl-2-palmitoyl-GPC (14:0/16:0),0.0009319012173116851
gamma-glutamylglutamine,0.0009314793683584559
myristoyl-linoleoyl-glycerol (14:0/18:2) [2]*,0.0009314153129266275
phenylacetylglycine,0.0009314070268959496
beta-hydroxyisovalerate,0.000931170153389861
4-methyl-2-oxopentanoate,0.0009311328238028829
"sphingomyelin (d17:1/16:0, d18:1/15:0, d16:1/17:0)*",0.0009311121681546869
1-palmitoyl-2-gamma-linolenoyl-GPC (16:0/18:3n6)*,0.0009302843121880285
leukotriene B5,0.0009299123407247916
androsterone sulfate,0.0009296975746202243
undecenoylcarnitine (C11:1),0.0009296544804688711
1-arachidonoyl-GPI (20:4)*,0.0009294398926498001
N-lactoyl leucine,0.0009292940975628833
1-palmitoyl-GPA (16:0),0.0009291791968055123
uridine,0.0009291600098902134
3-(4-hydroxyphenyl)lactate,0.0009291419775857464
dopamine 4-sulfate,0.0009286982164960627
1-linoleoyl-GPG (18:2)*,0.0009283459498250421
"5alpha-androstan-3alpha,17beta-diol monosulfate (2)",0.0009283224755680502
2-docosahexaenoyl-GPE (22:6)*,0.0009275980421687253
tricosanoyl sphingomyelin (d18:1/23:0)*,0.0009275362025709205
2-linoleoyl-GPE (18:2)*,0.0009274650242090322
1-(1-enyl-palmitoyl)-2-linoleoyl-GPE (P-16:0/18:2)*,0.000926671526404416
1-docosahexaenoyl-GPC (22:6)*,0.0009266479332904266
phenol glucuronide,0.00092663766913972
"sphingomyelin (d18:1/20:0, d16:1/22:0)*",0.0009261966842099048
1-linoleoyl-GPE (18:2)*,0.0009259791079863271
N-delta-acetylornithine,0.0009259688438356206
formiminoglutamate,0.000925829645312061
3-indoxyl sulfate,0.0009251312670645298
1-pentadecanoyl-2-linoleoyl-GPC (15:0/18:2)*,0.0009249538984652248
2-hydroxyoleate,0.000924697056983568
asparagine,0.000924674593011054
1-linoleoyl-2-docosahexaenoyl-GPC (18:2/22:6)*,0.0009244369554242674
"sphingomyelin (d18:1/21:0, d17:1/22:0, d16:1/23:0)*",0.0009243483899816124
2-arachidonoyl-GPE (20:4)*,0.0009241631768204772
2-myristoyl-GPC (14:0)*,0.0009241047076675279
3-hydroxyoleoylcarnitine,0.0009240154800216016
1-(1-enyl-palmitoyl)-2-docosahexaenoyl-GPE (P-16:0/22:6)*,0.0009229201958107299
galactonate,0.0009228359856280519
"ceramide (d18:1/14:0, d16:1/16:0)*",0.000922833345304752
glucuronide of C14H26O4 (1)*,0.0009223312593884731
"glycosyl ceramide (d18:1/23:1, d17:1/24:1)*",0.000921517071976519
retinol (vitamin A),0.0009214151436114388
"sphingomyelin (d18:1/17:0, d17:1/18:0, d19:1/16:0)",0.0009212445413712018
linoleoyl-linolenoyl-glycerol (18:2/18:3) [1]*,0.0009208494522219649
beta-hydroxyisovaleroylcarnitine,0.0009206667690169179
1-dihomo-linolenoyl-GPC (20:3n3 or 6)*,0.0009204751460677069
glycylproline,0.0009202763577395083
N-palmitoyl-heptadecasphingosine (d17:1/16:0)*,0.00092025878388346
1-eicosapentaenoyl-GPC (20:5)*,0.0009202027173398161
"5alpha-androstan-3beta,17alpha-diol disulfate",0.0009199306621624884
4-hydroxyglutamate,0.0009197811145903672
"N6,N6-dimethyllysine",0.0009196216679283173
"sphingomyelin (d17:2/16:0, d18:2/15:0)*",0.0009195779285532638
gamma-glutamyltryptophan,0.0009194275489821605
phenylpyruvate,0.0009188725547224552
fibrinopeptide A (3-16)**,0.0009188233988642331
10-undecenoate (11:1n1),0.0009182688630529462
2'-O-methylcytidine,0.0009181131688761008
cholesterol sulfate,0.0009179683755838767
1-oleoyl-GPG (18:1)*,0.0009178677376661973
gamma-glutamyltyrosine,0.0009177883921306284
branched chain 14:0 dicarboxylic acid**,0.000917433935094941
1-oleoyl-GPI (18:1),0.0009172475758127591
ribose,0.0009172457165497279
epiandrosterone sulfate,0.0009169312294243185
1-(1-enyl-stearoyl)-2-docosahexaenoyl-GPC (P-18:0/22:6)*,0.0009169108794084017
prolylglycine,0.0009166094495731384
1-palmitoyl-2-linoleoyl-GPC (16:0/18:2),0.0009165835557272699
cerotoylcarnitine (C26)*,0.0009164744280240598
N-formylanthranilic acid,0.0009162337680736244
1-palmitoyl-2-docosahexaenoyl-GPC (16:0/22:6),0.0009161480636886931
"sphingomyelin (d18:2/23:0, d18:1/23:1, d17:1/24:1)*",0.0009160498623394608
1-(1-enyl-oleoyl)-2-linoleoyl-GPE (P-18:1/18:2)*,0.0009158165460535092
glycodeoxycholate 3-sulfate,0.0009156463513229778
N-methyltaurine,0.0009152916395937244
1-methylnicotinamide,0.000914860333019414
pregnenolone sulfate,0.0009145830566239852
alpha-ketobutyrate,0.0009143103562229573
glucose,0.0009140409923076429
2-hydroxyadipate,0.0009135892253502038
carotene diol (1),0.000912594010241381
1-palmitoyl-2-eicosapentaenoyl-GPC (16:0/20:5)*,0.0009121610396691067
"12,13-DiHOME",0.0009115951445247802
dopamine 3-O-sulfate,0.0009114975035013929
carotene diol (2),0.0009106443819329954
1-eicosenoyl-GPE (20:1)*,0.0009098218405720794
3-methyl-2-oxovalerate,0.0009085764824223833
N-acetyl-aspartyl-glutamate (NAAG),0.0009084554859990015
arginine,0.0009069869483672776
"sphingomyelin (d18:1/25:0, d19:0/24:1, d20:1/23:0, d19:1/24:0)*",0.0009060106654801879
isoleucine,0.0009050879276704399
2-linoleoyl-GPC (18:2)*,0.0009044625191295438
1-eicosapentaenoylglycerol (20:5)*,0.0009023785569447077
N6-methyllysine,0.0009018055049111788
1-myristoyl-2-arachidonoyl-GPC (14:0/20:4)*,0.0009008077938054101
1-(1-enyl-palmitoyl)-2-arachidonoyl-GPE (P-16:0/20:4)*,0.0008981086362916714
oxindolylalanine,0.0008967227297425165
"9,10-DiHOME",0.0008964193302770101
3-methylhistidine,0.0008954200655404892
beta-cryptoxanthin,0.0008936660758498703
adenosine,0.0008929276427942056
octadecadienedioate (C18:2-DC)*,0.0008912446616697647
2-docosahexaenoyl-GPC (22:6)*,0.0008909340458865573
glucuronide of C12H22O4 (1)*,0.0008890339469869571
glucuronide of C12H22O4 (2)*,0.0008867076438741505
tyrosine,0.0008842184472463686
ascorbate (vitamin C),0.0008824164223492179
5-hydroxyindole sulfate,0.0008822582916039253
2-hydroxyarachidate*,0.0008787612980051643
palmitoyl dihydrosphingomyelin (d18:0/16:0)*,0.0008777113832081679
S-methylmethionine,0.0008737945951842762
