enzyme_id,real_score,n_null,p_value,q_value,significant_fdr
ec:1.4.3.19,0.0015748715242302346,200,0.024875621890547265,0.8516909125259778,False
ec:1.5.3.1,0.0015748715242302346,200,0.024875621890547265,0.8516909125259778,False
ec:1.5.8.3,0.0015748715242302346,200,0.024875621890547265,0.8516909125259778,False
ec:2.1.1.20,0.0015748715242302346,200,0.024875621890547265,0.8516909125259778,False
ec:1.4.3.3,0.0016491253102072071,200,0.03980099502487562,0.8516909125259778,False
ec:4.1.2.5,0.0016391611591175005,200,0.04477611940298507,0.8516909125259778,False
ec:3.5.1.59,0.0007455499382128354,200,0.04975124378109453,0.8516909125259778,False
ec:1.5.3.24,0.0007455499382128354,200,0.04975124378109453,0.8516909125259778,False
ec:1.21.4.3,0.0007455499382128354,200,0.04975124378109453,0.8516909125259778,False
ec:1.1.1.106,0.0008396312332873176,200,0.05472636815920398,0.8516909125259778,False
ec:1.1.1.169,0.0008396312332873176,200,0.05472636815920398,0.8516909125259778,False
ec:1.13.99.1,0.0014717418698407558,200,0.05472636815920398,0.8516909125259778,False
ec:2.6.1.101,0.00079806765456471,200,0.05472636815920398,0.8516909125259778,False
ec:2.6.1.50,0.00079806765456471,200,0.05472636815920398,0.8516909125259778,False
ec:2.7.1.169,0.0008396312332873176,200,0.05472636815920398,0.8516909125259778,False
ec:2.6.1.117,0.00079806765456471,200,0.05472636815920398,0.8516909125259778,False
ec:2.6.1.15,0.00079806765456471,200,0.05472636815920398,0.8516909125259778,False
ec:2.6.1.100,0.00079806765456471,200,0.05472636815920398,0.8516909125259778,False
ec:1.3.1.15,0.001472404355806874,200,0.05472636815920398,0.8516909125259778,False
ec:1.3.5.2,0.001472404355806874,200,0.05472636815920398,0.8516909125259778,False
ec:1.3.1.14,0.001472404355806874,200,0.05472636815920398,0.8516909125259778,False
ec:1.4.1.1,0.000829321586017399,200,0.05970149253731343,0.8516909125259778,False
ec:2.3.1.29,0.000829321586017399,200,0.05970149253731343,0.8516909125259778,False
ec:4.1.3.14,0.000829321586017399,200,0.05970149253731343,0.8516909125259778,False
ec:1.4.1.10,0.000829321586017399,200,0.05970149253731343,0.8516909125259778,False
ec:2.3.1.13,0.000829321586017399,200,0.05970149253731343,0.8516909125259778,False
ec:2.6.1.35,0.000829321586017399,200,0.05970149253731343,0.8516909125259778,False
ec:1.5.1.22,0.000829321586017399,200,0.05970149253731343,0.8516909125259778,False
ec:6.3.2.3,0.000829321586017399,200,0.05970149253731343,0.8516909125259778,False
ec:1.4.2.1,0.000829321586017399,200,0.05970149253731343,0.8516909125259778,False
ec:1.4.99.5,0.000829321586017399,200,0.05970149253731343,0.8516909125259778,False
ec:3.2.1.31,0.0007474649825765942,200,0.06467661691542288,0.8516909125259778,False
ec:3.1.1.19,0.0007474649825765942,200,0.06467661691542288,0.8516909125259778,False
ec:2.7.1.43,0.0007474649825765942,200,0.06467661691542288,0.8516909125259778,False
ec:3.2.1.56,0.0007474649825765942,200,0.06467661691542288,0.8516909125259778,False
ec:5.3.1.12,0.0007474649825765942,200,0.06467661691542288,0.8516909125259778,False
ec:3.2.1.167,0.0007474649825765942,200,0.06467661691542288,0.8516909125259778,False
ec:3.2.1.139,0.0007474649825765942,200,0.06467661691542288,0.8516909125259778,False
ec:1.1.1.203,0.0007474649825765942,200,0.06467661691542288,0.8516909125259778,False
ec:1.14.18.5,0.0008007403013127607,200,0.06965174129353234,0.8516909125259778,False
ec:1.1.1.102,0.0008007403013127607,200,0.06965174129353234,0.8516909125259778,False
ec:1.11.2.3,0.0008795223312078489,200,0.07462686567164178,0.8516909125259778,False
ec:2.1.1.156,0.002308481731769861,200,0.07462686567164178,0.8516909125259778,False
ec:1.1.1.19,0.0014297119187030147,200,0.07960199004975124,0.8516909125259778,False
ec:2.1.4.1,0.003159971859852474,200,0.0845771144278607,0.8516909125259778,False
ec:2.1.1.162,0.003047697876544064,200,0.08955223880597014,0.8516909125259778,False
ec:4.2.1.6,0.0007665034084477738,200,0.0945273631840796,0.8516909125259778,False
ec:1.3.98.1,0.002215880987553953,200,0.0945273631840796,0.8516909125259778,False
ec:1.14.15.7,0.0007632504429873559,200,0.0945273631840796,0.8516909125259778,False
ec:2.7.8.24,0.0007632504429873559,200,0.0945273631840796,0.8516909125259778,False
ec:3.1.1.49,0.0007632504429873559,200,0.0945273631840796,0.8516909125259778,False
ec:4.2.1.31,0.0008501700592236364,200,0.0945273631840796,0.8516909125259778,False
ec:2.3.1.91,0.0007632504429873559,200,0.0945273631840796,0.8516909125259778,False
ec:4.2.1.140,0.0007665034084477738,200,0.0945273631840796,0.8516909125259778,False
ec:3.1.1.8,0.0007632504429873559,200,0.0945273631840796,0.8516909125259778,False
ec:2.8.2.6,0.0007632504429873559,200,0.0945273631840796,0.8516909125259778,False
ec:3.7.1.23,0.0008501700592236364,200,0.0945273631840796,0.8516909125259778,False
ec:3.1.1.7,0.0007632504429873559,200,0.0945273631840796,0.8516909125259778,False
ec:3.1.4.4,0.0007632504429873559,200,0.0945273631840796,0.8516909125259778,False
ec:3.1.4.41,0.0007632504429873559,200,0.0945273631840796,0.8516909125259778,False
ec:3.5.1.107,0.0008501700592236364,200,0.0945273631840796,0.8516909125259778,False
ec:1.1.99.1,0.0007632504429873559,200,0.0945273631840796,0.8516909125259778,False
ec:1.1.3.9,0.0007665034084477738,200,0.0945273631840796,0.8516909125259778,False
ec:3.1.6.6,0.0007632504429873559,200,0.0945273631840796,0.8516909125259778,False
ec:2.3.1.6,0.0007632504429873559,200,0.0945273631840796,0.8516909125259778,False
ec:2.3.1.57,0.0007836399299374943,200,0.09950248756218906,0.8516909125259778,False
ec:3.5.1.62,0.0007836399299374943,200,0.09950248756218906,0.8516909125259778,False
ec:4.1.1.75,0.000819803724189808,200,0.1044776119402985,0.8516909125259778,False
ec:1.14.14.9,0.0007697255361953035,200,0.1044776119402985,0.8516909125259778,False
ec:1.14.13.18,0.0007697255361953035,200,0.1044776119402985,0.8516909125259778,False
ec:1.2.1.53,0.0007697255361953035,200,0.1044776119402985,0.8516909125259778,False
ec:2.6.1.84,0.000819803724189808,200,0.1044776119402985,0.8516909125259778,False
ec:2.6.1.125,0.000819803724189808,200,0.1044776119402985,0.8516909125259778,False
ec:2.1.1.243,0.000819803724189808,200,0.1044776119402985,0.8516909125259778,False
ec:1.4.1.25,0.000819803724189808,200,0.1044776119402985,0.8516909125259778,False
ec:4.1.1.83,0.0007697255361953035,200,0.1044776119402985,0.8516909125259778,False
ec:1.4.3.25,0.000819803724189808,200,0.1044776119402985,0.8516909125259778,False
ec:1.4.99.6,0.000819803724189808,200,0.1044776119402985,0.8516909125259778,False
ec:4.1.2.48,0.002474660098341758,200,0.11442786069651742,0.8516909125259778,False
ec:2.6.1.73,0.0015576081172129564,200,0.11940298507462686,0.8516909125259778,False
ec:3.1.2.17,0.0007544791087157935,200,0.11940298507462686,0.8516909125259778,False
ec:3.1.1.25,0.0014487503445741942,200,0.11940298507462686,0.8516909125259778,False
ec:1.14.15.4,0.0015706502986625806,200,0.12437810945273632,0.8516909125259778,False
ec:1.14.14.16,0.0015706502986625806,200,0.12437810945273632,0.8516909125259778,False
ec:2.3.1.192,0.0008399557684892799,200,0.13432835820895522,0.8516909125259778,False
ec:6.3.3.6,0.0007757749978135656,200,0.13930348258706468,0.8516909125259778,False
ec:2.3.1.14,0.0031938256451672677,200,0.13930348258706468,0.8516909125259778,False
ec:4.2.1.176,0.0008059126485825927,200,0.13930348258706468,0.8516909125259778,False
ec:1.1.1.2,0.002167765692110905,200,0.13930348258706468,0.8516909125259778,False
ec:1.5.3.10,0.0014791601457524626,200,0.14427860696517414,0.8516909125259778,False
ec:1.5.7.3,0.0014791601457524626,200,0.14427860696517414,0.8516909125259778,False
ec:1.5.8.4,0.0014791601457524626,200,0.14427860696517414,0.8516909125259778,False
ec:1.3.99.18,0.0006931016795510648,200,0.14925373134328357,0.8516909125259778,False
ec:1.14.99.2,0.0006931016795510648,200,0.14925373134328357,0.8516909125259778,False
ec:1.7.2.3,0.0008039585125271071,200,0.15422885572139303,0.8516909125259778,False
ec:4.1.2.32,0.0008039585125271071,200,0.15422885572139303,0.8516909125259778,False
ec:2.6.1.63,0.0014749087008426192,200,0.15422885572139303,0.8516909125259778,False
ec:2.6.1.7,0.0014749087008426192,200,0.15422885572139303,0.8516909125259778,False
ec:1.14.13.148,0.0008039585125271071,200,0.15422885572139303,0.8516909125259778,False
ec:1.1.1.18,0.0007242768872641615,200,0.15920398009950248,0.8516909125259778,False
ec:1.14.15.5,0.0008267125451003541,200,0.15920398009950248,0.8516909125259778,False
ec:3.1.3.25,0.0007242768872641615,200,0.15920398009950248,0.8516909125259778,False
ec:2.7.8.11,0.0007242768872641615,200,0.15920398009950248,0.8516909125259778,False
ec:2.7.1.64,0.0007242768872641615,200,0.15920398009950248,0.8516909125259778,False
ec:2.1.1.129,0.0007242768872641615,200,0.15920398009950248,0.8516909125259778,False
ec:2.1.1.39,0.0007242768872641615,200,0.15920398009950248,0.8516909125259778,False
ec:2.3.1.72,0.0007242768872641615,200,0.15920398009950248,0.8516909125259778,False
ec:2.1.1.40,0.0007242768872641615,200,0.15920398009950248,0.8516909125259778,False
ec:2.4.1.67,0.0007242768872641615,200,0.15920398009950248,0.8516909125259778,False
ec:2.4.1.123,0.0007242768872641615,200,0.15920398009950248,0.8516909125259778,False
ec:3.5.3.2,0.002308486176696866,200,0.16417910447761194,0.8516909125259778,False
ec:2.4.2.10,0.001423122593223048,200,0.16417910447761194,0.8516909125259778,False
ec:1.1.1.159,0.0007970541700844495,200,0.17412935323383086,0.8516909125259778,False
ec:1.1.1.176,0.0007970541700844495,200,0.17412935323383086,0.8516909125259778,False
ec:1.14.16.1,0.0007697401685904097,200,0.1791044776119403,0.8516909125259778,False
ec:4.1.1.25,0.0007697401685904097,200,0.1791044776119403,0.8516909125259778,False
ec:1.3.1.78,0.0007697401685904097,200,0.1791044776119403,0.8516909125259778,False
ec:4.3.1.23,0.0007697401685904097,200,0.1791044776119403,0.8516909125259778,False
ec:4.3.1.25,0.0007697401685904097,200,0.1791044776119403,0.8516909125259778,False
ec:4.1.99.2,0.0007697401685904097,200,0.1791044776119403,0.8516909125259778,False
ec:1.3.1.79,0.0007697401685904097,200,0.1791044776119403,0.8516909125259778,False
ec:1.14.18.1,0.0007697401685904097,200,0.1791044776119403,0.8516909125259778,False
ec:6.3.2.25,0.0007697401685904097,200,0.1791044776119403,0.8516909125259778,False
ec:1.14.14.36,0.0007697401685904097,200,0.1791044776119403,0.8516909125259778,False
ec:1.10.3.1,0.0007697401685904097,200,0.1791044776119403,0.8516909125259778,False
ec:5.4.3.6,0.0007697401685904097,200,0.1791044776119403,0.8516909125259778,False
ec:6.1.1.1,0.0007697401685904097,200,0.1791044776119403,0.8516909125259778,False
ec:1.14.16.2,0.0007697401685904097,200,0.1791044776119403,0.8516909125259778,False
ec:6.3.2.24,0.0007697401685904097,200,0.1791044776119403,0.8516909125259778,False
ec:1.3.1.43,0.0007697401685904097,200,0.1791044776119403,0.8516909125259778,False
ec:2.8.3.5,0.001596882601543616,200,0.18407960199004975,0.8516909125259778,False
ec:1.1.1.380,0.0006822469361264202,200,0.1890547263681592,0.8516909125259778,False
ec:3.5.2.1,0.001472554433165739,200,0.1890547263681592,0.8516909125259778,False
ec:1.1.1.45,0.0006822469361264202,200,0.1890547263681592,0.8516909125259778,False
ec:3.1.1.17,0.0006822469361264202,200,0.1890547263681592,0.8516909125259778,False
ec:1.2.1.39,0.0015875941225569302,200,0.1890547263681592,0.8516909125259778,False
ec:1.2.1.29,0.0015940259437067575,200,0.19402985074626866,0.8516909125259778,False
ec:2.3.1.319,0.0008214412089540632,200,0.19900497512437812,0.8516909125259778,False
ec:2.3.1.318,0.0008214412089540632,200,0.19900497512437812,0.8516909125259778,False
ec:2.3.1.247,0.0008214412089540632,200,0.19900497512437812,0.8516909125259778,False
ec:4.1.1.4,0.0008214412089540632,200,0.19900497512437812,0.8516909125259778,False
ec:1.1.1.30,0.0008214412089540632,200,0.19900497512437812,0.8516909125259778,False
ec:1.8.1.5,0.0008214412089540632,200,0.19900497512437812,0.8516909125259778,False
ec:5.2.1.1,0.0015936466909707155,200,0.19900497512437812,0.8516909125259778,False
ec:3.1.2.11,0.0008214412089540632,200,0.19900497512437812,0.8516909125259778,False
ec:4.2.1.27,0.0008214412089540632,200,0.19900497512437812,0.8516909125259778,False
ec:6.4.1.6,0.0008214412089540632,200,0.19900497512437812,0.8516909125259778,False
ec:6.2.1.16,0.0008214412089540632,200,0.19900497512437812,0.8516909125259778,False
ec:1.1.99.24,0.0008214412089540632,200,0.19900497512437812,0.8516909125259778,False
ec:3.5.2.3,0.0006796297342143462,200,0.19900497512437812,0.8516909125259778,False
ec:2.8.3.9,0.0008214412089540632,200,0.19900497512437812,0.8516909125259778,False
ec:2.8.3.8,0.0008214412089540632,200,0.19900497512437812,0.8516909125259778,False
ec:4.1.3.4,0.0008214412089540632,200,0.19900497512437812,0.8516909125259778,False
ec:2.3.1.317,0.0008214412089540632,200,0.19900497512437812,0.8516909125259778,False
ec:3.1.2.27,0.0015640420967210724,200,0.20398009950248755,0.8516909125259778,False
ec:1.14.14.139,0.0015640420967210724,200,0.20398009950248755,0.8516909125259778,False
ec:1.1.1.442,0.0007439377535622268,200,0.20398009950248755,0.8516909125259778,False
ec:1.2.3.13,0.0015055956608885151,200,0.20398009950248755,0.8516909125259778,False
ec:2.3.1.27,0.0007439377535622268,200,0.20398009950248755,0.8516909125259778,False
ec:2.8.2.18,0.0007439377535622268,200,0.20398009950248755,0.8516909125259778,False
ec:6.2.1.7,0.0015640420967210724,200,0.20398009950248755,0.8516909125259778,False
ec:1.1.3.17,0.0015024665877615584,200,0.20398009950248755,0.8516909125259778,False
ec:3.1.4.46,0.002259536584236202,200,0.208955223880597,0.8516909125259778,False
ec:3.1.4.2,0.002259536584236202,200,0.208955223880597,0.8516909125259778,False
ec:2.5.1.72,0.0007149172073191482,200,0.208955223880597,0.8516909125259778,False
ec:3.5.1.95,0.0022466527618188546,200,0.208955223880597,0.8516909125259778,False
ec:2.4.2.19,0.0007149172073191482,200,0.208955223880597,0.8516909125259778,False
ec:2.1.3.3,0.0007778116837505365,200,0.21393034825870647,0.8516909125259778,False
ec:3.5.3.18,0.0007778116837505365,200,0.21393034825870647,0.8516909125259778,False
ec:6.3.4.5,0.0007778116837505365,200,0.21393034825870647,0.8516909125259778,False
ec:3.5.1.16,0.0007778116837505365,200,0.21393034825870647,0.8516909125259778,False
ec:3.5.1.20,0.0007778116837505365,200,0.21393034825870647,0.8516909125259778,False
ec:1.14.13.39,0.0007778116837505365,200,0.21393034825870647,0.8516909125259778,False
ec:1.14.14.47,0.0007778116837505365,200,0.21393034825870647,0.8516909125259778,False
ec:3.5.3.6,0.0007778116837505365,200,0.21393034825870647,0.8516909125259778,False
ec:3.1.1.93,0.001422784470552485,200,0.21890547263681592,0.8516909125259778,False
ec:1.1.1.146,0.002241436916685808,200,0.21890547263681592,0.8516909125259778,False
ec:3.1.3.96,0.0006279851767859364,200,0.23383084577114427,0.8516909125259778,False
ec:4.3.1.3,0.0015825604979796224,200,0.23383084577114427,0.8516909125259778,False
ec:2.7.1.83,0.0006279851767859364,200,0.23383084577114427,0.8516909125259778,False
ec:2.4.1.276,0.0022182966611396897,200,0.24378109452736318,0.8516909125259778,False
ec:1.23.5.1,0.0022182966611396897,200,0.24378109452736318,0.8516909125259778,False
ec:1.13.11.65,0.0022182966611396897,200,0.24378109452736318,0.8516909125259778,False
ec:2.1.1.157,0.002218376290526665,200,0.24378109452736318,0.8516909125259778,False
ec:1.13.11.84,0.0022182966611396897,200,0.24378109452736318,0.8516909125259778,False
ec:3.1.1.5,0.0007774920015763177,200,0.24378109452736318,0.8516909125259778,False
ec:1.14.15.21,0.0022182966611396897,200,0.24378109452736318,0.8516909125259778,False
ec:1.2.1.5,0.002896413558589819,200,0.24378109452736318,0.8516909125259778,False
ec:3.3.2.2,0.0007774920015763177,200,0.24378109452736318,0.8516909125259778,False
ec:3.5.1.74,0.0022707183934837913,200,0.24378109452736318,0.8516909125259778,False
ec:3.2.1.74,0.00072013646886929,200,0.24875621890547264,0.8516909125259778,False
ec:1.1.5.9,0.00072013646886929,200,0.24875621890547264,0.8516909125259778,False
ec:3.2.1.39,0.00072013646886929,200,0.24875621890547264,0.8516909125259778,False
ec:3.2.1.42,0.00072013646886929,200,0.24875621890547264,0.8516909125259778,False
ec:1.1.1.119,0.00072013646886929,200,0.24875621890547264,0.8516909125259778,False
ec:1.1.1.121,0.00072013646886929,200,0.24875621890547264,0.8516909125259778,False
ec:1.1.3.10,0.00072013646886929,200,0.24875621890547264,0.8516909125259778,False
ec:1.1.1.118,0.00072013646886929,200,0.24875621890547264,0.8516909125259778,False
ec:3.1.3.58,0.00072013646886929,200,0.24875621890547264,0.8516909125259778,False
ec:2.7.1.2,0.00072013646886929,200,0.24875621890547264,0.8516909125259778,False
ec:3.1.3.9,0.00072013646886929,200,0.24875621890547264,0.8516909125259778,False
ec:3.2.1.58,0.00072013646886929,200,0.24875621890547264,0.8516909125259778,False
ec:3.1.6.3,0.00072013646886929,200,0.24875621890547264,0.8516909125259778,False
ec:3.2.1.21,0.00072013646886929,200,0.24875621890547264,0.8516909125259778,False
ec:3.2.1.28,0.00072013646886929,200,0.24875621890547264,0.8516909125259778,False
ec:3.1.3.10,0.00072013646886929,200,0.24875621890547264,0.8516909125259778,False
ec:3.1.1.33,0.00072013646886929,200,0.24875621890547264,0.8516909125259778,False
ec:2.7.1.42,0.00072013646886929,200,0.24875621890547264,0.8516909125259778,False
ec:2.3.1.103,0.00072013646886929,200,0.24875621890547264,0.8516909125259778,False
ec:2.4.1.22,0.00072013646886929,200,0.24875621890547264,0.8516909125259778,False
ec:2.3.1.90,0.00072013646886929,200,0.24875621890547264,0.8516909125259778,False
ec:1.1.1.56,0.0007666318881566826,200,0.2537313432835821,0.8516909125259778,False
ec:1.14.14.178,0.0008603114151698656,200,0.2537313432835821,0.8516909125259778,False
ec:3.5.99.1,0.0007666318881566826,200,0.2537313432835821,0.8516909125259778,False
ec:1.1.2.2,0.0007666318881566826,200,0.2537313432835821,0.8516909125259778,False
ec:4.2.1.11,0.0007626404708181998,200,0.25870646766169153,0.8516909125259778,False
ec:1.5.1.23,0.0007453372275122679,200,0.263681592039801,0.8516909125259778,False
ec:4.1.1.122,0.0007453372275122679,200,0.263681592039801,0.8516909125259778,False
ec:1.14.11.17,0.0007453372275122679,200,0.263681592039801,0.8516909125259778,False
ec:2.6.1.77,0.0007453372275122679,200,0.263681592039801,0.8516909125259778,False
ec:1.4.99.2,0.0007453372275122679,200,0.263681592039801,0.8516909125259778,False
ec:3.1.4.44,0.0014430710269366894,200,0.26865671641791045,0.8516909125259778,False
ec:3.5.1.31,0.0014326619920004273,200,0.2736318407960199,0.8516909125259778,False
ec:3.7.1.2,0.0015649178407011423,200,0.2736318407960199,0.8516909125259778,False
ec:3.2.1.1,0.000741339827194435,200,0.2736318407960199,0.8516909125259778,False
ec:2.4.1.25,0.000741339827194435,200,0.2736318407960199,0.8516909125259778,False
ec:2.7.1.208,0.000741339827194435,200,0.2736318407960199,0.8516909125259778,False
ec:3.1.3.90,0.000741339827194435,200,0.2736318407960199,0.8516909125259778,False
ec:3.2.1.2,0.000741339827194435,200,0.2736318407960199,0.8516909125259778,False
ec:3.2.1.133,0.000741339827194435,200,0.2736318407960199,0.8516909125259778,False
ec:2.4.1.139,0.000741339827194435,200,0.2736318407960199,0.8516909125259778,False
ec:2.4.1.8,0.000741339827194435,200,0.2736318407960199,0.8516909125259778,False
ec:2.3.1.79,0.000741339827194435,200,0.2736318407960199,0.8516909125259778,False
ec:2.7.1.175,0.000741339827194435,200,0.2736318407960199,0.8516909125259778,False
ec:5.4.99.16,0.000741339827194435,200,0.2736318407960199,0.8516909125259778,False
ec:2.3.1.226,0.0014406481097059983,200,0.27860696517412936,0.8516909125259778,False
ec:3.5.3.3,0.00221234783765772,200,0.27860696517412936,0.8516909125259778,False
ec:3.5.1.63,0.0006923131515980177,200,0.27860696517412936,0.8516909125259778,False
ec:2.7.1.32,0.0015253901251392604,200,0.2835820895522388,0.8516909125259778,False
ec:1.14.14.80,0.002427253876011835,200,0.2835820895522388,0.8516909125259778,False
ec:1.1.1.392,0.0008156150164916539,200,0.2835820895522388,0.8516909125259778,False
ec:2.6.1.103,0.001505610293283621,200,0.2835820895522388,0.8516909125259778,False
ec:1.14.14.138,0.0008156150164916539,200,0.2835820895522388,0.8516909125259778,False
ec:3.1.6.1,0.0014214218691179972,200,0.2835820895522388,0.8516909125259778,False
ec:1.1.1.52,0.0008156150164916539,200,0.2835820895522388,0.8516909125259778,False
ec:1.3.99.33,0.00077083911803666,200,0.2885572139303483,0.8516909125259778,False
ec:4.2.1.49,0.00077083911803666,200,0.2885572139303483,0.8516909125259778,False
ec:4.1.3.30,0.0007754413925895527,200,0.2935323383084577,0.8516909125259778,False
ec:1.14.11.2,0.0007754413925895527,200,0.2935323383084577,0.8516909125259778,False
ec:1.14.11.6,0.0007754413925895527,200,0.2935323383084577,0.8516909125259778,False
ec:3.1.2.13,0.0007754413925895527,200,0.2935323383084577,0.8516909125259778,False
ec:1.2.1.79,0.0007754413925895527,200,0.2935323383084577,0.8516909125259778,False
ec:2.8.3.2,0.0007754413925895527,200,0.2935323383084577,0.8516909125259778,False
ec:3.1.2.3,0.0007754413925895527,200,0.2935323383084577,0.8516909125259778,False
ec:1.2.1.16,0.0007754413925895527,200,0.2935323383084577,0.8516909125259778,False
ec:1.2.1.24,0.0007754413925895527,200,0.2935323383084577,0.8516909125259778,False
ec:2.6.1.64,0.0015682315246034462,200,0.2935323383084577,0.8516909125259778,False
ec:3.5.1.96,0.0007754413925895527,200,0.2935323383084577,0.8516909125259778,False
ec:1.14.11.57,0.0007754413925895527,200,0.2935323383084577,0.8516909125259778,False
ec:6.2.1.5,0.0007754413925895527,200,0.2935323383084577,0.8516909125259778,False
ec:6.2.1.4,0.0007754413925895527,200,0.2935323383084577,0.8516909125259778,False
ec:2.3.1.33,0.0008117213799429621,200,0.29850746268656714,0.8516909125259778,False
ec:1.14.99.52,0.0008117213799429621,200,0.29850746268656714,0.8516909125259778,False
ec:1.1.1.23,0.0008117213799429621,200,0.29850746268656714,0.8516909125259778,False
ec:4.1.1.22,0.0008117213799429621,200,0.29850746268656714,0.8516909125259778,False
ec:5.1.1.24,0.0008117213799429621,200,0.29850746268656714,0.8516909125259778,False
ec:6.1.1.21,0.0008117213799429621,200,0.29850746268656714,0.8516909125259778,False
ec:2.1.1.44,0.0008117213799429621,200,0.29850746268656714,0.8516909125259778,False
ec:2.6.1.38,0.0008117213799429621,200,0.29850746268656714,0.8516909125259778,False
ec:1.3.1.3,0.0029787838253659267,200,0.29850746268656714,0.8516909125259778,False
ec:1.1.1.129,0.0007342734928295371,200,0.30845771144278605,0.8516909125259778,False
ec:3.4.13.5,0.001674367577679774,200,0.31343283582089554,0.8516909125259778,False
ec:2.8.3.25,0.0023701148429768537,200,0.31343283582089554,0.8516909125259778,False
ec:2.8.2.22,0.0007592232828471456,200,0.32338308457711445,0.8516909125259778,False
ec:2.8.2.1,0.0007592232828471456,200,0.32338308457711445,0.8516909125259778,False
ec:2.6.1.45,0.0014348972163996951,200,0.32338308457711445,0.8516909125259778,False
ec:1.1.1.172,0.0014617725898097074,200,0.3283582089552239,0.8516909125259778,False
ec:1.2.1.54,0.0008242237800932853,200,0.3283582089552239,0.8516909125259778,False
ec:1.14.14.57,0.0015740082558265544,200,0.3283582089552239,0.8516909125259778,False
ec:3.1.1.53,0.0006227170419194212,200,0.3333333333333333,0.8516909125259778,False
ec:2.7.7.43,0.0006227170419194212,200,0.3333333333333333,0.8516909125259778,False
ec:1.14.18.2,0.0006227170419194212,200,0.3333333333333333,0.8516909125259778,False
ec:4.1.3.3,0.0006227170419194212,200,0.3333333333333333,0.8516909125259778,False
ec:3.2.1.18,0.0006227170419194212,200,0.3333333333333333,0.8516909125259778,False
ec:3.1.3.29,0.0006227170419194212,200,0.3333333333333333,0.8516909125259778,False
ec:1.3.1.6,0.0015189180243366318,200,0.3333333333333333,0.8516909125259778,False
ec:2.3.1.44,0.0006227170419194212,200,0.3333333333333333,0.8516909125259778,False
ec:2.5.1.56,0.0006227170419194212,200,0.3333333333333333,0.8516909125259778,False
ec:2.3.1.65,0.003919794332383117,200,0.3383084577114428,0.8516909125259778,False
ec:4.1.1.73,0.0007518092060668273,200,0.3383084577114428,0.8516909125259778,False
ec:1.2.7.5,0.0007518092060668273,200,0.3383084577114428,0.8516909125259778,False
ec:2.7.1.165,0.0007518092060668273,200,0.3383084577114428,0.8516909125259778,False
ec:2.4.1.269,0.0007518092060668273,200,0.3383084577114428,0.8516909125259778,False
ec:1.1.1.26,0.0007518092060668273,200,0.3383084577114428,0.8516909125259778,False
ec:1.1.1.81,0.0007518092060668273,200,0.3383084577114428,0.8516909125259778,False
ec:1.2.1.89,0.0007518092060668273,200,0.3383084577114428,0.8516909125259778,False
ec:2.4.1.268,0.0007518092060668273,200,0.3383084577114428,0.8516909125259778,False
ec:1.2.99.8,0.0007518092060668273,200,0.3383084577114428,0.8516909125259778,False
ec:2.4.1.352,0.0007518092060668273,200,0.3383084577114428,0.8516909125259778,False
ec:1.1.1.92,0.0007518092060668273,200,0.3383084577114428,0.8516909125259778,False
ec:1.1.1.29,0.0007518092060668273,200,0.3383084577114428,0.8516909125259778,False
ec:3.2.1.170,0.0007518092060668273,200,0.3383084577114428,0.8516909125259778,False
ec:3.5.3.7,0.0015422991045432309,200,0.3383084577114428,0.8516909125259778,False
ec:3.1.3.38,0.0007518092060668273,200,0.3383084577114428,0.8516909125259778,False
ec:3.1.3.20,0.0007518092060668273,200,0.3383084577114428,0.8516909125259778,False
ec:3.1.1.27,0.0007020945480462952,200,0.3383084577114428,0.8516909125259778,False
ec:2.7.1.31,0.0007518092060668273,200,0.3383084577114428,0.8516909125259778,False
ec:1.1.99.42,0.0007020945480462952,200,0.3383084577114428,0.8516909125259778,False
ec:1.1.1.60,0.0007518092060668273,200,0.3383084577114428,0.8516909125259778,False
ec:1.1.1.79,0.0007518092060668273,200,0.3383084577114428,0.8516909125259778,False
ec:3.4.13.20,0.0031004185019708015,200,0.34328358208955223,0.8516909125259778,False
ec:3.5.1.111,0.0014999842090332562,200,0.34328358208955223,0.8516909125259778,False
ec:3.5.1.3,0.0014999842090332562,200,0.34328358208955223,0.8516909125259778,False
ec:6.3.2.11,0.0031004185019708015,200,0.34328358208955223,0.8516909125259778,False
ec:6.3.2.44,0.0015506031776816938,200,0.3482587064676617,0.8516909125259778,False
ec:2.1.1.95,0.0007740162146429065,200,0.3482587064676617,0.8516909125259778,False
ec:2.4.1.17,0.001373989544297581,200,0.35323383084577115,0.8516909125259778,False
ec:2.4.1.82,0.0014914724254393792,200,0.3582089552238806,0.8516909125259778,False
ec:1.11.1.8,0.0014481422658221043,200,0.3582089552238806,0.8516909125259778,False
ec:3.1.3.75,0.002343060778142393,200,0.3582089552238806,0.8516909125259778,False
ec:3.2.2.12,0.0007367178308865959,200,0.36318407960199006,0.8516909125259778,False
ec:2.4.2.44,0.0007367178308865959,200,0.36318407960199006,0.8516909125259778,False
ec:1.2.3.1,0.004938787679931008,200,0.36318407960199006,0.8516909125259778,False
ec:3.2.2.26,0.0007367178308865959,200,0.36318407960199006,0.8516909125259778,False
ec:1.1.1.145,0.0022291704348708723,200,0.3681592039800995,0.8516909125259778,False
ec:3.2.1.20,0.002228671834238942,200,0.3681592039800995,0.8516909125259778,False
ec:6.3.2.26,0.000752721699983281,200,0.3681592039800995,0.8516909125259778,False
ec:5.3.3.1,0.0022291704348708723,200,0.3681592039800995,0.8516909125259778,False
ec:1.2.1.31,0.000752721699983281,200,0.3681592039800995,0.8516909125259778,False
ec:2.8.2.4,0.0006621985862708514,200,0.3681592039800995,0.8516909125259778,False
ec:2.6.1.39,0.000752721699983281,200,0.3681592039800995,0.8516909125259778,False
ec:2.8.2.15,0.0006621985862708514,200,0.3681592039800995,0.8516909125259778,False
ec:2.3.1.164,0.000752721699983281,200,0.3681592039800995,0.8516909125259778,False
ec:4.1.1.23,0.0006303479716305206,200,0.3681592039800995,0.8516909125259778,False
ec:6.3.2.43,0.000752721699983281,200,0.3681592039800995,0.8516909125259778,False
ec:1.2.1.95,0.000752721699983281,200,0.3681592039800995,0.8516909125259778,False
ec:4.1.1.119,0.0008178685863616263,200,0.373134328358209,0.8516909125259778,False
ec:6.2.1.30,0.0008178685863616263,200,0.373134328358209,0.8516909125259778,False
ec:3.5.1.11,0.0008178685863616263,200,0.373134328358209,0.8516909125259778,False
ec:4.1.2.27,0.0016133299615002964,200,0.3781094527363184,0.8516909125259778,False
ec:4.2.3.1,0.0008098395731001014,200,0.38308457711442784,0.8516909125259778,False
ec:5.1.1.6,0.0008098395731001014,200,0.38308457711442784,0.8516909125259778,False
ec:2.7.7.87,0.0008098395731001014,200,0.38308457711442784,0.8516909125259778,False
ec:2.7.1.177,0.0008098395731001014,200,0.38308457711442784,0.8516909125259778,False
ec:1.1.1.103,0.0008098395731001014,200,0.38308457711442784,0.8516909125259778,False
ec:2.2.1.8,0.0008098395731001014,200,0.38308457711442784,0.8516909125259778,False
ec:6.1.1.3,0.0008098395731001014,200,0.38308457711442784,0.8516909125259778,False
ec:6.2.1.70,0.0008098395731001014,200,0.38308457711442784,0.8516909125259778,False
ec:3.5.1.4,0.0023866097117109927,200,0.3880597014925373,0.8516909125259778,False
ec:1.13.11.20,0.0008398042929173748,200,0.3880597014925373,0.8516909125259778,False
ec:4.1.1.12,0.0008398042929173748,200,0.3880597014925373,0.8516909125259778,False
ec:2.8.3.22,0.0015083197472213193,200,0.3880597014925373,0.8516909125259778,False
ec:2.3.1.328,0.0007935423721478142,200,0.39303482587064675,0.8516909125259778,False
ec:1.2.3.8,0.0013018049132632347,200,0.39303482587064675,0.8516909125259778,False
ec:2.6.1.67,0.0007935423721478142,200,0.39303482587064675,0.8516909125259778,False
ec:6.2.1.76,0.0007740983286531158,200,0.40298507462686567,0.8516909125259778,False
ec:1.2.1.15,0.0007740983286531158,200,0.40298507462686567,0.8516909125259778,False
ec:4.1.1.88,0.0007740983286531158,200,0.40298507462686567,0.8516909125259778,False
ec:2.8.3.3,0.0007740983286531158,200,0.40298507462686567,0.8516909125259778,False
ec:2.3.1.187,0.0007740983286531158,200,0.40298507462686567,0.8516909125259778,False
ec:1.14.14.54,0.0016087736960532961,200,0.4079601990049751,0.8516909125259778,False
ec:3.7.1.20,0.0007434766317470792,200,0.4129353233830846,0.8516909125259778,False
ec:3.7.1.14,0.0007434766317470792,200,0.4129353233830846,0.8516909125259778,False
ec:2.6.1.4,0.0015312381404859452,200,0.4129353233830846,0.8516909125259778,False
ec:2.6.1.44,0.0015312381404859452,200,0.4129353233830846,0.8516909125259778,False
ec:3.7.1.5,0.0007434766317470792,200,0.4129353233830846,0.8516909125259778,False
ec:4.2.99.12,0.0007434766317470792,200,0.4129353233830846,0.8516909125259778,False
ec:4.3.2.2,0.0007434766317470792,200,0.4129353233830846,0.8516909125259778,False
ec:4.3.2.1,0.0007434766317470792,200,0.4129353233830846,0.8516909125259778,False
ec:4.3.1.1,0.0007434766317470792,200,0.4129353233830846,0.8516909125259778,False
ec:3.5.5.1,0.002322155643479422,200,0.4129353233830846,0.8516909125259778,False
ec:1.3.5.1,0.0007434766317470792,200,0.4129353233830846,0.8516909125259778,False
ec:4.1.99.11,0.0007434766317470792,200,0.4129353233830846,0.8516909125259778,False
ec:1.3.4.1,0.0007434766317470792,200,0.4129353233830846,0.8516909125259778,False
ec:6.3.2.46,0.0007434766317470792,200,0.4129353233830846,0.8516909125259778,False
ec:3.5.1.22,0.00216493272202976,200,0.417910447761194,0.8516909125259778,False
ec:3.1.3.4,0.002284119219866995,200,0.417910447761194,0.8516909125259778,False
ec:2.7.1.91,0.002284119219866995,200,0.417910447761194,0.8516909125259778,False
ec:6.3.2.1,0.00216493272202976,200,0.417910447761194,0.8516909125259778,False
ec:3.5.1.101,0.0007364978041953812,200,0.4228855721393035,0.8516909125259778,False
ec:1.5.1.21,0.0007364978041953812,200,0.4228855721393035,0.8516909125259778,False
ec:1.5.99.3,0.0007364978041953812,200,0.4228855721393035,0.8516909125259778,False
ec:1.5.3.7,0.0007364978041953812,200,0.4228855721393035,0.8516909125259778,False
ec:1.5.1.1,0.0007364978041953812,200,0.4228855721393035,0.8516909125259778,False
ec:4.3.1.28,0.0007364978041953812,200,0.4228855721393035,0.8516909125259778,False
ec:3.1.3.91,0.0007868116219092063,200,0.42786069651741293,0.8516909125259778,False
ec:2.4.1.99,0.0014873320070445076,200,0.43283582089552236,0.8516909125259778,False
ec:2.6.1.30,0.0005997103652169392,200,0.43781094527363185,0.8516909125259778,False
ec:1.4.3.5,0.0005997103652169392,200,0.43781094527363185,0.8516909125259778,False
ec:1.1.3.12,0.0005997103652169392,200,0.43781094527363185,0.8516909125259778,False
ec:2.1.1.4,0.0006405613348544256,200,0.43781094527363185,0.8516909125259778,False
ec:3.5.4.2,0.0014960691098012359,200,0.43781094527363185,0.8516909125259778,False
ec:1.1.1.107,0.0005997103652169392,200,0.43781094527363185,0.8516909125259778,False
ec:1.1.1.65,0.0005997103652169392,200,0.43781094527363185,0.8516909125259778,False
ec:2.7.1.35,0.0005997103652169392,200,0.43781094527363185,0.8516909125259778,False
ec:2.6.1.31,0.0005997103652169392,200,0.43781094527363185,0.8516909125259778,False
ec:2.6.1.54,0.0005997103652169392,200,0.43781094527363185,0.8516909125259778,False
ec:2.6.1.55,0.0013596667718603335,200,0.43781094527363185,0.8516909125259778,False
ec:2.3.2.2,0.0014593996204395174,200,0.44776119402985076,0.8516909125259778,False
ec:3.5.1.2,0.0007658750175301945,200,0.4527363184079602,0.8516909125259778,False
ec:3.4.13.18,0.0014260509242910275,200,0.4527363184079602,0.8516909125259778,False
ec:2.3.1.286,0.0007503970009832427,200,0.4527363184079602,0.8516909125259778,False
ec:3.5.2.2,0.0007225600206404422,200,0.4527363184079602,0.8516909125259778,False
ec:6.3.5.2,0.0007658750175301945,200,0.4527363184079602,0.8516909125259778,False
ec:6.3.5.5,0.0007658750175301945,200,0.4527363184079602,0.8516909125259778,False
ec:6.3.5.1,0.0007658750175301945,200,0.4527363184079602,0.8516909125259778,False
ec:6.3.4.2,0.0007658750175301945,200,0.4527363184079602,0.8516909125259778,False
ec:6.3.5.4,0.0007658750175301945,200,0.4527363184079602,0.8516909125259778,False
ec:3.5.1.19,0.0007503970009832427,200,0.4527363184079602,0.8516909125259778,False
ec:3.5.1.38,0.0007658750175301945,200,0.4527363184079602,0.8516909125259778,False
ec:3.5.1.87,0.0007658750175301945,200,0.4527363184079602,0.8516909125259778,False
ec:3.2.2.5,0.0007503970009832427,200,0.4527363184079602,0.8516909125259778,False
ec:3.2.2.6,0.0007503970009832427,200,0.4527363184079602,0.8516909125259778,False
ec:3.2.2.14,0.0007503970009832427,200,0.4527363184079602,0.8516909125259778,False
ec:2.3.1.1,0.0007658750175301945,200,0.4527363184079602,0.8516909125259778,False
ec:2.7.2.11,0.0007658750175301945,200,0.4527363184079602,0.8516909125259778,False
ec:2.3.1.313,0.0007503970009832427,200,0.4527363184079602,0.8516909125259778,False
ec:6.3.1.2,0.0007658750175301945,200,0.4527363184079602,0.8516909125259778,False
ec:2.6.1.123,0.0007658750175301945,200,0.4527363184079602,0.8516909125259778,False
ec:4.3.2.10,0.0007658750175301945,200,0.4527363184079602,0.8516909125259778,False
ec:2.4.2.12,0.0007503970009832427,200,0.4527363184079602,0.8516909125259778,False
ec:4.3.3.6,0.0007658750175301945,200,0.4527363184079602,0.8516909125259778,False
ec:2.6.1.85,0.0007658750175301945,200,0.4527363184079602,0.8516909125259778,False
ec:2.4.99.20,0.0007503970009832427,200,0.4527363184079602,0.8516909125259778,False
ec:2.4.2.31,0.0007503970009832427,200,0.4527363184079602,0.8516909125259778,False
ec:2.4.2.36,0.0007503970009832427,200,0.4527363184079602,0.8516909125259778,False
ec:2.4.2.37,0.0007503970009832427,200,0.4527363184079602,0.8516909125259778,False
ec:2.4.2.30,0.0007503970009832427,200,0.4527363184079602,0.8516909125259778,False
ec:2.4.2.59,0.0007503970009832427,200,0.4527363184079602,0.8516909125259778,False
ec:2.4.2.60,0.0007503970009832427,200,0.4527363184079602,0.8516909125259778,False
ec:5.1.1.3,0.0007658750175301945,200,0.4527363184079602,0.8516909125259778,False
ec:5.4.99.1,0.0007658750175301945,200,0.4527363184079602,0.8516909125259778,False
ec:6.3.5.13,0.0007658750175301945,200,0.4527363184079602,0.8516909125259778,False
ec:4.2.1.2,0.001476354986378846,200,0.4577114427860697,0.8516909125259778,False
ec:5.4.99.62,0.0008287642781693223,200,0.4626865671641791,0.8516909125259778,False
ec:4.1.1.29,0.002324170948479671,200,0.4626865671641791,0.8516909125259778,False
ec:3.5.3.1,0.0007180753244499452,200,0.46766169154228854,0.8516909125259778,False
ec:3.5.3.10,0.0007180753244499452,200,0.46766169154228854,0.8516909125259778,False
ec:3.5.3.22,0.0007180753244499452,200,0.46766169154228854,0.8516909125259778,False
ec:3.5.3.20,0.0007180753244499452,200,0.46766169154228854,0.8516909125259778,False
ec:6.3.4.6,0.0007180753244499452,200,0.46766169154228854,0.8516909125259778,False
ec:4.2.1.69,0.0007180753244499452,200,0.46766169154228854,0.8516909125259778,False
ec:4.3.2.3,0.0007180753244499452,200,0.46766169154228854,0.8516909125259778,False
ec:3.5.3.16,0.0007180753244499452,200,0.46766169154228854,0.8516909125259778,False
ec:3.5.3.4,0.0007180753244499452,200,0.46766169154228854,0.8516909125259778,False
ec:3.5.1.5,0.0007180753244499452,200,0.46766169154228854,0.8516909125259778,False
ec:3.5.3.11,0.0007180753244499452,200,0.46766169154228854,0.8516909125259778,False
ec:4.1.1.15,0.003704375510357932,200,0.472636815920398,0.8516909125259778,False
ec:4.1.1.62,0.000824300407511454,200,0.472636815920398,0.8516909125259778,False
ec:1.14.13.24,0.000824300407511454,200,0.472636815920398,0.8516909125259778,False
ec:1.14.13.172,0.000824300407511454,200,0.472636815920398,0.8516909125259778,False
ec:1.13.11.4,0.000824300407511454,200,0.472636815920398,0.8516909125259778,False
ec:1.1.1.115,0.0006434001944431656,200,0.472636815920398,0.8516909125259778,False
ec:2.7.1.20,0.0007890274539941427,200,0.48258706467661694,0.8516909125259778,False
ec:3.1.3.74,0.001328313773957064,200,0.48258706467661694,0.8516909125259778,False
ec:3.5.1.135,0.0015365602626658586,200,0.48258706467661694,0.8516909125259778,False
ec:2.5.1.153,0.0007890274539941427,200,0.48258706467661694,0.8516909125259778,False
ec:1.1.3.39,0.0007890274539941427,200,0.48258706467661694,0.8516909125259778,False
ec:3.13.2.3,0.0007890274539941427,200,0.48258706467661694,0.8516909125259778,False
ec:3.13.2.1,0.0007890274539941427,200,0.48258706467661694,0.8516909125259778,False
ec:2.7.1.114,0.0007890274539941427,200,0.48258706467661694,0.8516909125259778,False
ec:2.5.1.6,0.0014568899399356823,200,0.48756218905472637,0.8516909125259778,False
ec:2.1.1.5,0.002201112883509387,200,0.48756218905472637,0.8516909125259778,False
ec:4.1.3.1,0.001604105804869173,200,0.48756218905472637,0.8516909125259778,False
ec:1.14.99.64,0.002886653021246606,200,0.4925373134328358,0.8516909125259778,False
ec:1.14.15.24,0.002886653021246606,200,0.4925373134328358,0.8516909125259778,False
ec:1.14.99.38,0.0007478857726285264,200,0.5024875621890548,0.8516909125259778,False
ec:2.3.1.26,0.0007478857726285264,200,0.5024875621890548,0.8516909125259778,False
ec:3.2.1.104,0.0007478857726285264,200,0.5024875621890548,0.8516909125259778,False
ec:1.3.1.21,0.0007478857726285264,200,0.5024875621890548,0.8516909125259778,False
ec:1.14.15.6,0.0007478857726285264,200,0.5024875621890548,0.8516909125259778,False
ec:1.14.14.25,0.0007478857726285264,200,0.5024875621890548,0.8516909125259778,False
ec:1.14.14.23,0.0007478857726285264,200,0.5024875621890548,0.8516909125259778,False
ec:3.5.2.9,0.0015424489877538532,200,0.5024875621890548,0.8516909125259778,False
ec:1.21.4.4,0.0007392161447742024,200,0.5024875621890548,0.8516909125259778,False
ec:4.3.2.6,0.0007765739702236589,200,0.5024875621890548,0.8516909125259778,False
ec:4.3.2.7,0.0007765739702236589,200,0.5024875621890548,0.8516909125259778,False
ec:1.3.1.72,0.0007478857726285264,200,0.5024875621890548,0.8516909125259778,False
ec:1.14.15.15,0.0007478857726285264,200,0.5024875621890548,0.8516909125259778,False
ec:3.1.2.33,0.0007392161447742024,200,0.5024875621890548,0.8516909125259778,False
ec:3.1.1.13,0.0007478857726285264,200,0.5024875621890548,0.8516909125259778,False
ec:2.3.1.73,0.0007478857726285264,200,0.5024875621890548,0.8516909125259778,False
ec:4.3.2.8,0.0007765739702236589,200,0.5024875621890548,0.8516909125259778,False
ec:1.13.11.90,0.0007392161447742024,200,0.5024875621890548,0.8516909125259778,False
ec:1.2.1.8,0.0007392161447742024,200,0.5024875621890548,0.8516909125259778,False
ec:4.3.2.9,0.0007765739702236589,200,0.5024875621890548,0.8516909125259778,False
ec:4.2.3.2,0.0008176706530031326,200,0.5074626865671642,0.8516909125259778,False
ec:2.7.7.14,0.0008176706530031326,200,0.5074626865671642,0.8516909125259778,False
ec:2.7.1.82,0.0008176706530031326,200,0.5074626865671642,0.8516909125259778,False
ec:1.3.1.13,0.0007358701246932115,200,0.5074626865671642,0.8516909125259778,False
ec:2.5.1.111,0.0007358701246932115,200,0.5074626865671642,0.8516909125259778,False
ec:6.4.1.10,0.0007358701246932115,200,0.5074626865671642,0.8516909125259778,False
ec:3.2.2.7,0.0015483787329087825,200,0.5074626865671642,0.8516909125259778,False
ec:3.1.4.62,0.0008176706530031326,200,0.5074626865671642,0.8516909125259778,False
ec:1.13.11.46,0.0007358701246932115,200,0.5074626865671642,0.8516909125259778,False
ec:4.1.1.80,0.0007358701246932115,200,0.5074626865671642,0.8516909125259778,False
ec:1.3.1.12,0.0007358701246932115,200,0.5074626865671642,0.8516909125259778,False
ec:3.1.3.108,0.0007286034087401248,200,0.5124378109452736,0.8516909125259778,False
ec:3.1.3.17,0.0007286034087401248,200,0.5124378109452736,0.8516909125259778,False
ec:2.7.1.1,0.0013993074421526266,200,0.5124378109452736,0.8516909125259778,False
ec:7.1.2.2,0.0007286034087401248,200,0.5124378109452736,0.8516909125259778,False
ec:6.3.4.16,0.0007286034087401248,200,0.5124378109452736,0.8516909125259778,False
ec:3.6.1.1,0.0007286034087401248,200,0.5124378109452736,0.8516909125259778,False
ec:3.6.1.25,0.0007286034087401248,200,0.5124378109452736,0.8516909125259778,False
ec:3.6.1.15,0.0007286034087401248,200,0.5124378109452736,0.8516909125259778,False
ec:3.6.1.5,0.0007286034087401248,200,0.5124378109452736,0.8516909125259778,False
ec:3.6.1.39,0.0007286034087401248,200,0.5124378109452736,0.8516909125259778,False
ec:3.6.1.6,0.0007286034087401248,200,0.5124378109452736,0.8516909125259778,False
ec:3.6.1.8,0.0007286034087401248,200,0.5124378109452736,0.8516909125259778,False
ec:3.6.1.14,0.0007286034087401248,200,0.5124378109452736,0.8516909125259778,False
ec:4.2.1.93,0.0007286034087401248,200,0.5124378109452736,0.8516909125259778,False
ec:2.7.7.53,0.0007286034087401248,200,0.5124378109452736,0.8516909125259778,False
ec:1.18.6.1,0.0007286034087401248,200,0.5124378109452736,0.8516909125259778,False
ec:3.1.3.97,0.0007286034087401248,200,0.5124378109452736,0.8516909125259778,False
ec:2.1.1.158,0.0006104964030169279,200,0.5124378109452736,0.8516909125259778,False
ec:3.1.3.16,0.0007286034087401248,200,0.5124378109452736,0.8516909125259778,False
ec:3.1.3.7,0.0007286034087401248,200,0.5124378109452736,0.8516909125259778,False
ec:3.13.2.4,0.0007429474046470191,200,0.5174129353233831,0.8516909125259778,False
ec:1.2.1.3,0.005685981744642359,200,0.5223880597014925,0.8516909125259778,False
ec:3.5.3.24,0.0014608360313551226,200,0.5223880597014925,0.8516909125259778,False
ec:3.5.1.21,0.0014894791033705607,200,0.527363184079602,0.8516909125259778,False
ec:1.1.1.299,0.0007328783546317666,200,0.527363184079602,0.8516909125259778,False
ec:1.1.1.40,0.0007328783546317666,200,0.527363184079602,0.8516909125259778,False
ec:1.1.1.37,0.0007328783546317666,200,0.527363184079602,0.8516909125259778,False
ec:3.1.2.30,0.0007328783546317666,200,0.527363184079602,0.8516909125259778,False
ec:1.14.13.251,0.0014728263523138296,200,0.527363184079602,0.8516909125259778,False
ec:2.1.1.376,0.0014728263523138296,200,0.527363184079602,0.8516909125259778,False
ec:2.1.1.161,0.0014728263523138296,200,0.527363184079602,0.8516909125259778,False
ec:1.1.1.82,0.0007328783546317666,200,0.527363184079602,0.8516909125259778,False
ec:1.14.99.46,0.0006772599645030331,200,0.527363184079602,0.8516909125259778,False
ec:1.3.3.7,0.0006772599645030331,200,0.527363184079602,0.8516909125259778,False
ec:2.5.1.53,0.0006772599645030331,200,0.527363184079602,0.8516909125259778,False
ec:1.3.1.2,0.0006772599645030331,200,0.527363184079602,0.8516909125259778,False
ec:2.3.3.9,0.0007328783546317666,200,0.527363184079602,0.8516909125259778,False
ec:1.3.1.1,0.0006772599645030331,200,0.527363184079602,0.8516909125259778,False
ec:2.3.1.92,0.0007328783546317666,200,0.527363184079602,0.8516909125259778,False
ec:1.1.99.7,0.0007328783546317666,200,0.527363184079602,0.8516909125259778,False
ec:4.1.1.66,0.0006772599645030331,200,0.527363184079602,0.8516909125259778,False
ec:2.4.2.9,0.0006772599645030331,200,0.527363184079602,0.8516909125259778,False
ec:4.1.1.101,0.0007328783546317666,200,0.527363184079602,0.8516909125259778,False
ec:6.2.1.9,0.0007328783546317666,200,0.527363184079602,0.8516909125259778,False
ec:4.2.1.70,0.0006772599645030331,200,0.527363184079602,0.8516909125259778,False
ec:1.17.99.4,0.0006772599645030331,200,0.527363184079602,0.8516909125259778,False
ec:1.1.5.4,0.0007328783546317666,200,0.527363184079602,0.8516909125259778,False
ec:2.8.3.12,0.0006674419882223045,200,0.5323383084577115,0.8516909125259778,False
ec:2.4.2.29,0.0008498545994797835,200,0.5323383084577115,0.8516909125259778,False
ec:2.4.2.64,0.0008498545994797835,200,0.5323383084577115,0.8516909125259778,False
ec:1.1.1.95,0.0006674419882223045,200,0.5323383084577115,0.8516909125259778,False
ec:2.3.3.11,0.0006674419882223045,200,0.5323383084577115,0.8516909125259778,False
ec:4.1.99.17,0.0007282865311955576,200,0.5373134328358209,0.8516909125259778,False
ec:2.4.99.17,0.0007593512789146399,200,0.5373134328358209,0.8516909125259778,False
ec:2.6.1.6,0.0015203125212562099,200,0.5373134328358209,0.8516909125259778,False
ec:1.2.1.25,0.0015203125212562099,200,0.5373134328358209,0.8516909125259778,False
ec:2.4.2.7,0.0007593512789146399,200,0.5373134328358209,0.8516909125259778,False
ec:3.2.2.16,0.0007593512789146399,200,0.5373134328358209,0.8516909125259778,False
ec:3.2.2.30,0.0007593512789146399,200,0.5373134328358209,0.8516909125259778,False
ec:3.2.2.9,0.0007593512789146399,200,0.5373134328358209,0.8516909125259778,False
ec:3.2.2.4,0.0007593512789146399,200,0.5373134328358209,0.8516909125259778,False
ec:3.4.13.12,0.0007282865311955576,200,0.5373134328358209,0.8516909125259778,False
ec:2.4.2.52,0.0007593512789146399,200,0.5373134328358209,0.8516909125259778,False
ec:4.1.1.57,0.0007282865311955576,200,0.5373134328358209,0.8516909125259778,False
ec:2.4.2.28,0.0007593512789146399,200,0.5373134328358209,0.8516909125259778,False
ec:2.1.1.3,0.0007282865311955576,200,0.5373134328358209,0.8516909125259778,False
ec:1.8.4.14,0.0007282865311955576,200,0.5373134328358209,0.8516909125259778,False
ec:2.1.1.13,0.0007282865311955576,200,0.5373134328358209,0.8516909125259778,False
ec:2.1.1.14,0.0007282865311955576,200,0.5373134328358209,0.8516909125259778,False
ec:1.97.1.4,0.0007282865311955576,200,0.5373134328358209,0.8516909125259778,False
ec:1.8.4.13,0.0007282865311955576,200,0.5373134328358209,0.8516909125259778,False
ec:2.1.1.10,0.0007282865311955576,200,0.5373134328358209,0.8516909125259778,False
ec:5.1.1.2,0.0007282865311955576,200,0.5373134328358209,0.8516909125259778,False
ec:1.4.1.9,0.0015203125212562099,200,0.5373134328358209,0.8516909125259778,False
ec:1.2.4.4,0.0015203125212562099,200,0.5373134328358209,0.8516909125259778,False
ec:1.2.7.7,0.0015203125212562099,200,0.5373134328358209,0.8516909125259778,False
ec:1.5.99.12,0.0007593512789146399,200,0.5373134328358209,0.8516909125259778,False
ec:2.1.1.12,0.0007282865311955576,200,0.5373134328358209,0.8516909125259778,False
ec:2.8.1.6,0.0007282865311955576,200,0.5373134328358209,0.8516909125259778,False
ec:6.1.1.10,0.0007282865311955576,200,0.5373134328358209,0.8516909125259778,False
ec:2.7.8.37,0.0007593512789146399,200,0.5373134328358209,0.8516909125259778,False
ec:3.5.1.24,0.007713274800372012,200,0.5422885572139303,0.8516909125259778,False
ec:1.17.3.2,0.0037007598199212907,200,0.5422885572139303,0.8516909125259778,False
ec:1.2.1.88,0.0022349275169213684,200,0.5422885572139303,0.8516909125259778,False
ec:1.14.13.235,0.000744517345256081,200,0.5472636815920398,0.8516909125259778,False
ec:3.5.1.134,0.000744517345256081,200,0.5472636815920398,0.8516909125259778,False
ec:6.3.2.20,0.000744517345256081,200,0.5472636815920398,0.8516909125259778,False
ec:1.14.13.168,0.000744517345256081,200,0.5472636815920398,0.8516909125259778,False
ec:2.4.1.121,0.000744517345256081,200,0.5472636815920398,0.8516909125259778,False
ec:6.2.1.75,0.000744517345256081,200,0.5472636815920398,0.8516909125259778,False
ec:1.2.3.7,0.000744517345256081,200,0.5472636815920398,0.8516909125259778,False
ec:4.1.1.115,0.000744517345256081,200,0.5472636815920398,0.8516909125259778,False
ec:2.1.1.278,0.000744517345256081,200,0.5472636815920398,0.8516909125259778,False
ec:1.5.3.16,0.000742760706905177,200,0.5572139303482587,0.8516909125259778,False
ec:2.3.1.24,0.001488459911369831,200,0.5572139303482587,0.8516909125259778,False
ec:2.3.1.248,0.000742760706905177,200,0.5572139303482587,0.8516909125259778,False
ec:2.5.1.22,0.000742760706905177,200,0.5572139303482587,0.8516909125259778,False
ec:2.5.1.16,0.000742760706905177,200,0.5572139303482587,0.8516909125259778,False
ec:2.5.1.128,0.000742760706905177,200,0.5572139303482587,0.8516909125259778,False
ec:2.5.1.79,0.000742760706905177,200,0.5572139303482587,0.8516909125259778,False
ec:2.5.1.46,0.000742760706905177,200,0.5572139303482587,0.8516909125259778,False
ec:2.5.1.45,0.000742760706905177,200,0.5572139303482587,0.8516909125259778,False
ec:1.5.99.6,0.000742760706905177,200,0.5572139303482587,0.8516909125259778,False
ec:4.1.1.96,0.000742760706905177,200,0.5572139303482587,0.8516909125259778,False
ec:3.5.1.78,0.000742760706905177,200,0.5572139303482587,0.8516909125259778,False
ec:1.5.3.17,0.000742760706905177,200,0.5572139303482587,0.8516909125259778,False
ec:1.5.3.14,0.000742760706905177,200,0.5572139303482587,0.8516909125259778,False
ec:1.5.3.13,0.000742760706905177,200,0.5572139303482587,0.8516909125259778,False
ec:3.5.1.48,0.000742760706905177,200,0.5572139303482587,0.8516909125259778,False
ec:6.3.1.8,0.000742760706905177,200,0.5572139303482587,0.8516909125259778,False
ec:2.3.1.298,0.001488459911369831,200,0.5572139303482587,0.8516909125259778,False
ec:2.3.1.299,0.001488459911369831,200,0.5572139303482587,0.8516909125259778,False
ec:2.3.1.297,0.001488459911369831,200,0.5572139303482587,0.8516909125259778,False
ec:2.3.1.291,0.001488459911369831,200,0.5572139303482587,0.8516909125259778,False
ec:2.7.3.1,0.000761089266229522,200,0.5572139303482587,0.8516909125259778,False
ec:3.5.1.23,0.001488459911369831,200,0.5572139303482587,0.8516909125259778,False
ec:6.3.1.9,0.000742760706905177,200,0.5572139303482587,0.8516909125259778,False
ec:2.5.1.44,0.000742760706905177,200,0.5572139303482587,0.8516909125259778,False
ec:2.6.1.21,0.0015899675942285443,200,0.572139303482587,0.8516909125259778,False
ec:2.1.1.1,0.0014548729542619553,200,0.572139303482587,0.8516909125259778,False
ec:2.4.2.18,0.0007911819024958686,200,0.5771144278606966,0.8516909125259778,False
ec:1.14.12.1,0.0007911819024958686,200,0.5771144278606966,0.8516909125259778,False
ec:3.7.1.13,0.0007911819024958686,200,0.5771144278606966,0.8516909125259778,False
ec:1.13.11.23,0.0007911819024958686,200,0.5771144278606966,0.8516909125259778,False
ec:4.1.1.24,0.0007911819024958686,200,0.5771144278606966,0.8516909125259778,False
ec:6.2.1.32,0.0007911819024958686,200,0.5771144278606966,0.8516909125259778,False
ec:3.5.1.9,0.0007911819024958686,200,0.5771144278606966,0.8516909125259778,False
ec:4.1.3.27,0.0007911819024958686,200,0.5771144278606966,0.8516909125259778,False
ec:3.7.1.3,0.0007911819024958686,200,0.5771144278606966,0.8516909125259778,False
ec:1.14.14.8,0.0007911819024958686,200,0.5771144278606966,0.8516909125259778,False
ec:2.3.1.144,0.0007911819024958686,200,0.5771144278606966,0.8516909125259778,False
ec:2.1.2.7,0.0007339696531882129,200,0.5771144278606966,0.8516909125259778,False
ec:1.14.13.35,0.0007911819024958686,200,0.5771144278606966,0.8516909125259778,False
ec:2.3.1.113,0.0007911819024958686,200,0.5771144278606966,0.8516909125259778,False
ec:3.5.3.17,0.0013324048687980107,200,0.5771144278606966,0.8516909125259778,False
ec:3.5.1.6,0.0013368895649885078,200,0.5771144278606966,0.8516909125259778,False
ec:2.1.1.111,0.0007911819024958686,200,0.5771144278606966,0.8516909125259778,False
ec:2.6.1.5,0.0022757741633223573,200,0.582089552238806,0.8516909125259778,False
ec:2.6.1.57,0.0022757741633223573,200,0.582089552238806,0.8516909125259778,False
ec:2.6.1.9,0.0022757741633223573,200,0.582089552238806,0.8516909125259778,False
ec:2.3.1.188,0.0015477315448039859,200,0.582089552238806,0.8516909125259778,False
ec:3.5.1.57,0.0007803244790380147,200,0.5870646766169154,0.8516909125259778,False
ec:1.14.14.156,0.0007803244790380147,200,0.5870646766169154,0.8516909125259778,False
ec:4.1.99.1,0.0007803244790380147,200,0.5870646766169154,0.8516909125259778,False
ec:6.1.1.2,0.0007803244790380147,200,0.5870646766169154,0.8516909125259778,False
ec:4.1.1.105,0.0007803244790380147,200,0.5870646766169154,0.8516909125259778,False
ec:1.13.99.3,0.0007803244790380147,200,0.5870646766169154,0.8516909125259778,False
ec:2.6.1.27,0.0007803244790380147,200,0.5870646766169154,0.8516909125259778,False
ec:2.5.1.34,0.0007803244790380147,200,0.5870646766169154,0.8516909125259778,False
ec:1.4.1.19,0.0007803244790380147,200,0.5870646766169154,0.8516909125259778,False
ec:1.3.3.10,0.0007803244790380147,200,0.5870646766169154,0.8516909125259778,False
ec:1.14.16.4,0.0007803244790380147,200,0.5870646766169154,0.8516909125259778,False
ec:1.13.12.3,0.0007803244790380147,200,0.5870646766169154,0.8516909125259778,False
ec:1.13.11.11,0.0007803244790380147,200,0.5870646766169154,0.8516909125259778,False
ec:1.4.3.22,0.0008318995903932498,200,0.5920398009950248,0.8516909125259778,False
ec:2.1.1.8,0.0008318995903932498,200,0.5920398009950248,0.8516909125259778,False
ec:2.1.1.103,0.0015798103351550373,200,0.5970149253731343,0.8516909125259778,False
ec:1.4.3.4,0.002289719663201952,200,0.5970149253731343,0.8516909125259778,False
ec:1.1.1.381,0.0008354989392242568,200,0.6019900497512438,0.8516909125259778,False
ec:4.1.2.49,0.0008354989392242568,200,0.6019900497512438,0.8516909125259778,False
ec:2.7.7.39,0.000718794139672528,200,0.6069651741293532,0.8516909125259778,False
ec:2.3.1.15,0.000718794139672528,200,0.6069651741293532,0.8516909125259778,False
ec:3.6.1.16,0.000718794139672528,200,0.6069651741293532,0.8516909125259778,False
ec:1.1.5.3,0.000718794139672528,200,0.6069651741293532,0.8516909125259778,False
ec:4.2.1.172,0.0006648731118924325,200,0.6069651741293532,0.8516909125259778,False
ec:2.4.1.137,0.000718794139672528,200,0.6069651741293532,0.8516909125259778,False
ec:2.4.1.96,0.000718794139672528,200,0.6069651741293532,0.8516909125259778,False
ec:2.7.8.5,0.000718794139672528,200,0.6069651741293532,0.8516909125259778,False
ec:1.1.1.177,0.000718794139672528,200,0.6069651741293532,0.8516909125259778,False
ec:1.1.1.94,0.000718794139672528,200,0.6069651741293532,0.8516909125259778,False
ec:1.1.3.21,0.000718794139672528,200,0.6069651741293532,0.8516909125259778,False
ec:1.1.1.8,0.000718794139672528,200,0.6069651741293532,0.8516909125259778,False
ec:1.5.1.2,0.0006648731118924325,200,0.6069651741293532,0.8516909125259778,False
ec:1.4.3.2,0.003784385173555929,200,0.6069651741293532,0.8516909125259778,False
ec:1.5.5.2,0.0006648731118924325,200,0.6069651741293532,0.8516909125259778,False
ec:2.4.2.8,0.0023130825290165373,200,0.6119402985074627,0.8516909125259778,False
ec:1.5.1.26,0.0006143295443480657,200,0.6218905472636815,0.8516909125259778,False
ec:6.3.2.23,0.0006143295443480657,200,0.6218905472636815,0.8516909125259778,False
ec:3.1.3.24,0.0007671955381752176,200,0.6218905472636815,0.8516909125259778,False
ec:2.4.1.166,0.0007671955381752176,200,0.6218905472636815,0.8516909125259778,False
ec:2.7.1.211,0.0007671955381752176,200,0.6218905472636815,0.8516909125259778,False
ec:2.7.1.213,0.0014902750433117705,200,0.6218905472636815,0.8516909125259778,False
ec:2.4.1.167,0.0007671955381752176,200,0.6218905472636815,0.8516909125259778,False
ec:2.7.1.48,0.0014902750433117705,200,0.6218905472636815,0.8516909125259778,False
ec:2.4.1.125,0.0007671955381752176,200,0.6218905472636815,0.8516909125259778,False
ec:3.2.1.26,0.0007671955381752176,200,0.6218905472636815,0.8516909125259778,False
ec:2.4.1.10,0.0007671955381752176,200,0.6218905472636815,0.8516909125259778,False
ec:2.6.1.120,0.0006143295443480657,200,0.6218905472636815,0.8516909125259778,False
ec:1.1.99.13,0.0007671955381752176,200,0.6218905472636815,0.8516909125259778,False
ec:3.2.1.10,0.0007671955381752176,200,0.6218905472636815,0.8516909125259778,False
ec:1.2.1.19,0.0006143295443480657,200,0.6218905472636815,0.8516909125259778,False
ec:2.4.1.13,0.0007671955381752176,200,0.6218905472636815,0.8516909125259778,False
ec:4.1.1.11,0.0006143295443480657,200,0.6218905472636815,0.8516909125259778,False
ec:2.6.1.19,0.0006143295443480657,200,0.6218905472636815,0.8516909125259778,False
ec:3.2.1.48,0.0007671955381752176,200,0.6218905472636815,0.8516909125259778,False
ec:2.4.1.5,0.0007671955381752176,200,0.6218905472636815,0.8516909125259778,False
ec:2.6.1.18,0.0006143295443480657,200,0.6218905472636815,0.8516909125259778,False
ec:2.4.1.7,0.0007671955381752176,200,0.6218905472636815,0.8516909125259778,False
ec:1.1.3.6,0.0014852326813086455,200,0.6218905472636815,0.8516909125259778,False
ec:2.4.1.9,0.0007671955381752176,200,0.6218905472636815,0.8516909125259778,False
ec:2.4.1.4,0.0007671955381752176,200,0.6218905472636815,0.8516909125259778,False
ec:5.4.99.11,0.0007671955381752176,200,0.6218905472636815,0.8516909125259778,False
ec:2.7.7.15,0.0007621396821519047,200,0.6268656716417911,0.8516909125259778,False
ec:2.6.1.32,0.0007267701491083959,200,0.6268656716417911,0.8516909125259778,False
ec:2.1.2.11,0.0007267701491083959,200,0.6268656716417911,0.8516909125259778,False
ec:1.1.1.84,0.0007267701491083959,200,0.6268656716417911,0.8516909125259778,False
ec:3.1.4.12,0.0007621396821519047,200,0.6268656716417911,0.8516909125259778,False
ec:4.2.1.9,0.0007267701491083959,200,0.6268656716417911,0.8516909125259778,False
ec:1.4.1.23,0.0007267701491083959,200,0.6268656716417911,0.8516909125259778,False
ec:4.1.2.12,0.0007267701491083959,200,0.6268656716417911,0.8516909125259778,False
ec:2.6.1.66,0.0007267701491083959,200,0.6268656716417911,0.8516909125259778,False
ec:2.3.3.13,0.0007267701491083959,200,0.6268656716417911,0.8516909125259778,False
ec:1.4.1.8,0.0007267701491083959,200,0.6268656716417911,0.8516909125259778,False
ec:3.6.1.53,0.0007621396821519047,200,0.6268656716417911,0.8516909125259778,False
ec:3.1.4.3,0.002298604474827565,200,0.6318407960199005,0.8524555990994747,False
ec:3.5.4.32,0.0007197917483014921,200,0.6318407960199005,0.8524555990994747,False
ec:1.7.3.3,0.0007197917483014921,200,0.6318407960199005,0.8524555990994747,False
ec:1.14.13.113,0.0007197917483014921,200,0.6318407960199005,0.8524555990994747,False
ec:2.4.2.16,0.0007197917483014921,200,0.6318407960199005,0.8524555990994747,False
ec:3.4.11.1,0.0007140623929272499,200,0.6417910447761194,0.8610696517412935,False
ec:3.4.13.23,0.0007140623929272499,200,0.6417910447761194,0.8610696517412935,False
ec:3.4.11.2,0.0007140623929272499,200,0.6417910447761194,0.8610696517412935,False
ec:3.4.11.23,0.0007140623929272499,200,0.6417910447761194,0.8610696517412935,False
ec:3.2.1.22,0.002908697172130605,200,0.6616915422885572,0.8827292110874201,False
ec:3.2.2.3,0.0021311203868888398,200,0.6666666666666666,0.8827292110874201,False
ec:2.6.1.1,0.004583370028238473,200,0.6716417910447762,0.8827292110874201,False
ec:2.3.3.8,0.0007126561718918617,200,0.6716417910447762,0.8827292110874201,False
ec:2.3.3.5,0.0007126561718918617,200,0.6716417910447762,0.8827292110874201,False
ec:2.8.3.10,0.0007126561718918617,200,0.6716417910447762,0.8827292110874201,False
ec:6.3.2.38,0.0007126561718918617,200,0.6716417910447762,0.8827292110874201,False
ec:4.1.3.6,0.0007126561718918617,200,0.6716417910447762,0.8827292110874201,False
ec:2.3.3.16,0.0007126561718918617,200,0.6716417910447762,0.8827292110874201,False
ec:2.3.3.1,0.0007126561718918617,200,0.6716417910447762,0.8827292110874201,False
ec:6.3.2.58,0.0007126561718918617,200,0.6716417910447762,0.8827292110874201,False
ec:6.2.1.18,0.0007126561718918617,200,0.6716417910447762,0.8827292110874201,False
ec:6.3.2.54,0.0007126561718918617,200,0.6716417910447762,0.8827292110874201,False
ec:6.3.2.57,0.0007126561718918617,200,0.6716417910447762,0.8827292110874201,False
ec:2.3.3.3,0.0007126561718918617,200,0.6716417910447762,0.8827292110874201,False
ec:3.5.4.15,0.0014065869681760992,200,0.681592039800995,0.8921651903086195,False
ec:1.17.1.4,0.0029423709567528854,200,0.681592039800995,0.8921651903086195,False
ec:6.3.1.17,0.0014573164411747388,200,0.681592039800995,0.8921651903086195,False
ec:3.5.3.14,0.0014083491995666054,200,0.6865671641791045,0.8950389751646626,False
ec:3.1.3.6,0.0030753930624650844,200,0.6865671641791045,0.8950389751646626,False
ec:2.4.2.15,0.0016459451646389546,200,0.6865671641791045,0.8950389751646626,False
ec:3.5.4.21,0.0006671947912999012,200,0.6915422885572139,0.89909804945662,False
ec:1.14.14.29,0.0007661124737143856,200,0.6915422885572139,0.89909804945662,False
ec:1.3.1.22,0.0014081335267033459,200,0.6965174129353234,0.903135330061104,False
ec:2.5.1.49,0.0014785038776210248,200,0.6965174129353234,0.903135330061104,False
ec:2.8.2.2,0.0036808517646012033,200,0.7014925373134329,0.9047286929836797,False
ec:2.4.2.1,0.006794698517949056,200,0.7014925373134329,0.9047286929836797,False
ec:3.1.6.2,0.0036808517646012033,200,0.7014925373134329,0.9047286929836797,False
ec:2.3.1.31,0.0007502173464254673,200,0.7014925373134329,0.9047286929836797,False
ec:3.1.1.52,0.0006875171193731065,200,0.7064676616915423,0.9087187232943141,False
ec:4.1.1.28,0.002224244790499632,200,0.7064676616915423,0.9087187232943141,False
ec:1.21.99.3,0.0006784020972316945,200,0.7114427860696517,0.9126875582248122,False
ec:1.21.99.4,0.0006784020972316945,200,0.7114427860696517,0.9126875582248122,False
ec:3.5.1.92,0.0007109719443943762,200,0.7164179104477612,0.9146113404608166,False
ec:2.7.1.33,0.0007109719443943762,200,0.7164179104477612,0.9146113404608166,False
ec:3.2.2.1,0.006044301516965813,200,0.7213930348258707,0.9146113404608166,False
ec:1.1.1.41,0.0008286644122796202,200,0.7313432835820896,0.9146113404608166,False
ec:1.1.1.286,0.0008286644122796202,200,0.7313432835820896,0.9146113404608166,False
ec:2.3.1.126,0.0008286644122796202,200,0.7313432835820896,0.9146113404608166,False
ec:1.13.11.19,0.0007390294280500287,200,0.7313432835820896,0.9146113404608166,False
ec:2.7.9.2,0.0014327025886924716,200,0.7313432835820896,0.9146113404608166,False
ec:4.2.1.3,0.001541320584171482,200,0.736318407960199,0.9146113404608166,False
ec:3.2.1.137,0.000679170973283337,200,0.7412935323383084,0.9146113404608166,False
ec:2.7.1.61,0.000679170973283337,200,0.7412935323383084,0.9146113404608166,False
ec:5.3.1.7,0.000679170973283337,200,0.7412935323383084,0.9146113404608166,False
ec:3.2.1.78,0.000679170973283337,200,0.7412935323383084,0.9146113404608166,False
ec:2.4.2.22,0.0015763646981299412,200,0.7412935323383084,0.9146113404608166,False
ec:1.1.1.255,0.000679170973283337,200,0.7412935323383084,0.9146113404608166,False
ec:3.2.1.25,0.000679170973283337,200,0.7412935323383084,0.9146113404608166,False
ec:1.1.3.40,0.000679170973283337,200,0.7412935323383084,0.9146113404608166,False
ec:3.2.1.209,0.000679170973283337,200,0.7412935323383084,0.9146113404608166,False
ec:3.2.1.77,0.000679170973283337,200,0.7412935323383084,0.9146113404608166,False
ec:2.7.1.7,0.000679170973283337,200,0.7412935323383084,0.9146113404608166,False
ec:3.5.4.3,0.0015763646981299412,200,0.7412935323383084,0.9146113404608166,False
ec:2.7.1.191,0.000679170973283337,200,0.7412935323383084,0.9146113404608166,False
ec:3.1.4.49,0.000679170973283337,200,0.7412935323383084,0.9146113404608166,False
ec:4.2.1.122,0.0013859001094203112,200,0.746268656716418,0.9146113404608166,False
ec:4.2.1.20,0.0013859001094203112,200,0.746268656716418,0.9146113404608166,False
ec:2.4.2.57,0.002166019085185023,200,0.746268656716418,0.9146113404608166,False
ec:3.1.4.38,0.0015001934555597942,200,0.7512437810945274,0.9146113404608166,False
ec:1.13.11.27,0.0022969391044236173,200,0.7512437810945274,0.9146113404608166,False
ec:2.5.1.48,0.0030816910077931187,200,0.7512437810945274,0.9146113404608166,False
ec:3.2.2.2,0.00151297111775099,200,0.7512437810945274,0.9146113404608166,False
ec:4.2.1.186,0.0007541409842807886,200,0.7512437810945274,0.9146113404608166,False
ec:1.1.1.237,0.0015060339947319476,200,0.7562189054726368,0.9146113404608166,False
ec:2.6.1.58,0.0015060339947319476,200,0.7562189054726368,0.9146113404608166,False
ec:1.4.1.20,0.0015060339947319476,200,0.7562189054726368,0.9146113404608166,False
ec:4.2.1.22,0.0013941891919194834,200,0.7562189054726368,0.9146113404608166,False
ec:1.1.1.110,0.0015060339947319476,200,0.7562189054726368,0.9146113404608166,False
ec:5.3.2.1,0.0015060339947319476,200,0.7562189054726368,0.9146113404608166,False
ec:1.14.15.29,0.0007373469086801187,200,0.7611940298507462,0.9146113404608166,False
ec:3.1.1.111,0.0006543995765359384,200,0.7611940298507462,0.9146113404608166,False
ec:1.14.15.28,0.0007373469086801187,200,0.7611940298507462,0.9146113404608166,False
ec:1.17.99.10,0.0007373469086801187,200,0.7611940298507462,0.9146113404608166,False
ec:2.6.1.42,0.002287731228497122,200,0.7661691542288557,0.9146113404608166,False
ec:3.1.4.13,0.0014232462833854286,200,0.7661691542288557,0.9146113404608166,False
ec:2.1.1.2,0.0015098118412244614,200,0.7661691542288557,0.9146113404608166,False
ec:4.4.1.9,0.0007171239609569644,200,0.7711442786069652,0.9146113404608166,False
ec:3.2.2.10,0.0014066678062703828,200,0.7711442786069652,0.9146113404608166,False
ec:3.5.4.1,0.0014066678062703828,200,0.7711442786069652,0.9146113404608166,False
ec:2.8.2.14,0.006049585630508805,200,0.7711442786069652,0.9146113404608166,False
ec:3.9.1.1,0.0007487225749949391,200,0.7761194029850746,0.9146113404608166,False
ec:2.7.3.2,0.0007487225749949391,200,0.7761194029850746,0.9146113404608166,False
ec:1.1.1.85,0.001560961079388726,200,0.7810945273631841,0.9146113404608166,False
ec:2.7.1.30,0.0014568479130804175,200,0.7810945273631841,0.9146113404608166,False
ec:3.1.3.21,0.0014568479130804175,200,0.7810945273631841,0.9146113404608166,False
ec:2.7.1.142,0.0014568479130804175,200,0.7810945273631841,0.9146113404608166,False
ec:1.14.11.48,0.00144630184695165,200,0.7860696517412935,0.9146113404608166,False
ec:1.1.1.38,0.0014369775345841134,200,0.7910447761194029,0.9146113404608166,False
ec:1.1.1.39,0.0014369775345841134,200,0.7910447761194029,0.9146113404608166,False
ec:1.1.1.21,0.0007380537734078894,200,0.7960199004975125,0.9146113404608166,False
ec:1.1.1.156,0.0007380537734078894,200,0.7960199004975125,0.9146113404608166,False
ec:1.1.1.372,0.0007380537734078894,200,0.7960199004975125,0.9146113404608166,False
ec:3.1.4.43,0.0007380537734078894,200,0.7960199004975125,0.9146113404608166,False
ec:3.5.4.4,0.0015652807408585367,200,0.7960199004975125,0.9146113404608166,False
ec:3.1.3.19,0.0007380537734078894,200,0.7960199004975125,0.9146113404608166,False
ec:3.1.1.34,0.0007380537734078894,200,0.7960199004975125,0.9146113404608166,False
ec:3.1.1.79,0.0007380537734078894,200,0.7960199004975125,0.9146113404608166,False
ec:2.7.1.73,0.0015723438520235656,200,0.7960199004975125,0.9146113404608166,False
ec:3.1.1.23,0.0007380537734078894,200,0.7960199004975125,0.9146113404608166,False
ec:2.6.1.2,0.0014677915719987407,200,0.7960199004975125,0.9146113404608166,False
ec:2.7.1.79,0.0007380537734078894,200,0.7960199004975125,0.9146113404608166,False
ec:1.4.1.4,0.0014677915719987407,200,0.7960199004975125,0.9146113404608166,False
ec:1.4.7.1,0.0014677915719987407,200,0.7960199004975125,0.9146113404608166,False
ec:1.4.3.11,0.0014677915719987407,200,0.7960199004975125,0.9146113404608166,False
ec:1.4.1.14,0.0014677915719987407,200,0.7960199004975125,0.9146113404608166,False
ec:1.4.1.2,0.0014677915719987407,200,0.7960199004975125,0.9146113404608166,False
ec:4.2.1.30,0.0007380537734078894,200,0.7960199004975125,0.9146113404608166,False
ec:1.4.1.13,0.0014677915719987407,200,0.7960199004975125,0.9146113404608166,False
ec:1.4.1.3,0.0014677915719987407,200,0.7960199004975125,0.9146113404608166,False
ec:1.1.1.72,0.0007380537734078894,200,0.7960199004975125,0.9146113404608166,False
ec:1.1.1.6,0.0007380537734078894,200,0.7960199004975125,0.9146113404608166,False
ec:1.1.99.22,0.0007380537734078894,200,0.7960199004975125,0.9146113404608166,False
ec:1.4.1.7,0.000605575630382296,200,0.8009950248756219,0.9146113404608166,False
ec:2.7.8.8,0.000605575630382296,200,0.8009950248756219,0.9146113404608166,False
ec:2.3.1.30,0.000605575630382296,200,0.8009950248756219,0.9146113404608166,False
ec:4.3.1.17,0.000605575630382296,200,0.8009950248756219,0.9146113404608166,False
ec:5.1.1.10,0.000605575630382296,200,0.8009950248756219,0.9146113404608166,False
ec:2.7.1.80,0.000605575630382296,200,0.8009950248756219,0.9146113404608166,False
ec:2.1.2.1,0.000605575630382296,200,0.8009950248756219,0.9146113404608166,False
ec:2.3.1.50,0.000605575630382296,200,0.8009950248756219,0.9146113404608166,False
ec:4.2.1.50,0.000605575630382296,200,0.8009950248756219,0.9146113404608166,False
ec:5.1.1.18,0.000605575630382296,200,0.8009950248756219,0.9146113404608166,False
ec:2.7.8.4,0.000605575630382296,200,0.8009950248756219,0.9146113404608166,False
ec:3.1.3.3,0.000605575630382296,200,0.8009950248756219,0.9146113404608166,False
ec:2.6.1.51,0.000605575630382296,200,0.8009950248756219,0.9146113404608166,False
ec:3.2.2.8,0.0028969428495821538,200,0.8059701492537313,0.9192056247687184,False
ec:3.4.17.21,0.0006678363573923789,200,0.8109452736318408,0.9218469058217683,False
ec:6.3.2.42,0.0006678363573923789,200,0.8109452736318408,0.9218469058217683,False
ec:2.4.2.4,0.0029467748019587708,200,0.8159203980099502,0.9218469058217683,False
ec:6.3.4.8,0.0007860554993346015,200,0.8159203980099502,0.9218469058217683,False
ec:2.8.3.13,0.0006877504411122523,200,0.8159203980099502,0.9218469058217683,False
ec:1.14.13.5,0.0007860554993346015,200,0.8159203980099502,0.9218469058217683,False
ec:1.13.11.52,0.0014545046219092226,200,0.8159203980099502,0.9218469058217683,False
ec:3.1.2.5,0.0006877504411122523,200,0.8159203980099502,0.9218469058217683,False
ec:3.4.13.4,0.001345789409280021,200,0.8208955223880597,0.9253034709765061,False
ec:2.6.1.28,0.0015504883490767506,200,0.8208955223880597,0.9253034709765061,False
ec:1.14.13.179,0.0007265100986501579,200,0.835820895522388,0.9388406803193335,False
ec:1.14.13.178,0.0007265100986501579,200,0.835820895522388,0.9388406803193335,False
ec:1.14.13.128,0.0007265100986501579,200,0.835820895522388,0.9388406803193335,False
ec:2.3.1.87,0.0006741801428712078,200,0.845771144278607,0.9467148613825427,False
ec:2.1.1.49,0.0006741801428712078,200,0.845771144278607,0.9467148613825427,False
ec:1.14.14.186,0.0006741801428712078,200,0.845771144278607,0.9467148613825427,False
ec:1.1.3.28,0.000776253286864394,200,0.8507462686567164,0.9467982667308619,False
ec:1.1.99.2,0.0013693585426908506,200,0.8507462686567164,0.9467982667308619,False
ec:3.1.3.99,0.000776253286864394,200,0.8507462686567164,0.9467982667308619,False
ec:3.13.1.9,0.000776253286864394,200,0.8507462686567164,0.9467982667308619,False
ec:3.5.2.10,0.0014159173662948404,200,0.8507462686567164,0.9467982667308619,False
ec:3.1.3.5,0.005873688568175889,200,0.8606965174129353,0.956769661473988,False
ec:4.4.1.11,0.001495705238436469,200,0.8805970149253731,0.96630676405208,False
ec:2.1.1.281,0.0007701638700387358,200,0.8805970149253731,0.96630676405208,False
ec:1.97.1.15,0.0007701638700387358,200,0.8805970149253731,0.96630676405208,False
ec:1.4.5.1,0.0007701638700387358,200,0.8805970149253731,0.96630676405208,False
ec:4.2.1.51,0.0007701638700387358,200,0.8805970149253731,0.96630676405208,False
ec:4.2.1.91,0.0007701638700387358,200,0.8805970149253731,0.96630676405208,False
ec:4.3.1.19,0.002182833910723309,200,0.8805970149253731,0.96630676405208,False
ec:4.1.1.43,0.0007701638700387358,200,0.8805970149253731,0.96630676405208,False
ec:2.6.1.70,0.0007701638700387358,200,0.8805970149253731,0.96630676405208,False
ec:1.14.99.63,0.0006683563601069162,200,0.8855721393034826,0.96630676405208,False
ec:4.1.1.42,0.0007403549084903668,200,0.8905472636815921,0.96630676405208,False
ec:1.14.11.1,0.0007403549084903668,200,0.8905472636815921,0.96630676405208,False
ec:1.1.1.108,0.0007403549084903668,200,0.8905472636815921,0.96630676405208,False
ec:2.3.1.7,0.0007403549084903668,200,0.8905472636815921,0.96630676405208,False
ec:1.14.11.39,0.0006939052669295547,200,0.8955223880597015,0.96630676405208,False
ec:1.1.1.279,0.0007315746123983291,200,0.8955223880597015,0.96630676405208,False
ec:2.8.2.34,0.0014782310712913352,200,0.900497512437811,0.96630676405208,False
ec:3.5.1.99,0.0007343739845661076,200,0.9054726368159204,0.96630676405208,False
ec:3.5.4.5,0.002173217450401129,200,0.9054726368159204,0.96630676405208,False
ec:2.1.1.123,0.0007585255416094253,200,0.9054726368159204,0.96630676405208,False
ec:2.1.3.8,0.0006592991875120371,200,0.9104477611940298,0.96630676405208,False
ec:1.14.11.10,0.0013602023715923916,200,0.9154228855721394,0.96630676405208,False
ec:1.14.99.48,0.0006454771233634269,200,0.9203980099502488,0.96630676405208,False
ec:2.5.1.141,0.0006454771233634269,200,0.9203980099502488,0.96630676405208,False
ec:4.98.1.1,0.0006454771233634269,200,0.9203980099502488,0.96630676405208,False
ec:1.3.98.5,0.0006454771233634269,200,0.9203980099502488,0.96630676405208,False
ec:2.1.1.342,0.0006454771233634269,200,0.9203980099502488,0.96630676405208,False
ec:1.14.99.57,0.0006454771233634269,200,0.9203980099502488,0.96630676405208,False
ec:1.3.98.6,0.0006454771233634269,200,0.9203980099502488,0.96630676405208,False
ec:1.14.99.58,0.0006454771233634269,200,0.9203980099502488,0.96630676405208,False
ec:4.4.1.17,0.0006454771233634269,200,0.9203980099502488,0.96630676405208,False
ec:4.3.1.13,0.0007040991799523467,200,0.9253731343283582,0.96630676405208,False
ec:4.1.3.17,0.0007040991799523467,200,0.9253731343283582,0.96630676405208,False
ec:1.2.1.104,0.0007040991799523467,200,0.9253731343283582,0.96630676405208,False
ec:1.2.1.23,0.0007040991799523467,200,0.9253731343283582,0.96630676405208,False
ec:1.2.1.22,0.0007040991799523467,200,0.9253731343283582,0.96630676405208,False
ec:4.3.1.15,0.0007040991799523467,200,0.9253731343283582,0.96630676405208,False
ec:2.7.1.40,0.0007040991799523467,200,0.9253731343283582,0.96630676405208,False
ec:2.7.9.1,0.0007040991799523467,200,0.9253731343283582,0.96630676405208,False
ec:1.2.1.49,0.0007040991799523467,200,0.9253731343283582,0.96630676405208,False
ec:1.2.1.51,0.0007040991799523467,200,0.9253731343283582,0.96630676405208,False
ec:1.2.4.1,0.0007040991799523467,200,0.9253731343283582,0.96630676405208,False
ec:4.1.1.1,0.0007040991799523467,200,0.9253731343283582,0.96630676405208,False
ec:3.1.3.60,0.0007040991799523467,200,0.9253731343283582,0.96630676405208,False
ec:3.1.1.76,0.0014006741571959565,200,0.9253731343283582,0.96630676405208,False
ec:1.1.2.4,0.0007040991799523467,200,0.9253731343283582,0.96630676405208,False
ec:1.1.2.5,0.0007040991799523467,200,0.9253731343283582,0.96630676405208,False
ec:1.2.3.3,0.0007040991799523467,200,0.9253731343283582,0.96630676405208,False
ec:1.1.2.3,0.0007040991799523467,200,0.9253731343283582,0.96630676405208,False
ec:1.2.3.6,0.0007040991799523467,200,0.9253731343283582,0.96630676405208,False
ec:2.4.2.3,0.002063665792994956,200,0.9303482587064676,0.96630676405208,False
ec:2.4.2.2,0.0035798852566715123,200,0.9303482587064676,0.96630676405208,False
ec:3.2.1.45,0.0006877196100570706,200,0.9353233830845771,0.96630676405208,False
ec:1.2.1.26,0.0007019165544685462,200,0.9353233830845771,0.96630676405208,False
ec:1.4.3.15,0.0007019165544685462,200,0.9353233830845771,0.96630676405208,False
ec:1.4.3.7,0.0007019165544685462,200,0.9353233830845771,0.96630676405208,False
ec:2.3.3.14,0.0007019165544685462,200,0.9353233830845771,0.96630676405208,False
ec:2.7.8.10,0.0006877196100570706,200,0.9353233830845771,0.96630676405208,False
ec:2.2.1.5,0.0007019165544685462,200,0.9353233830845771,0.96630676405208,False
ec:2.4.1.23,0.0006877196100570706,200,0.9353233830845771,0.96630676405208,False
ec:2.4.1.47,0.0006877196100570706,200,0.9353233830845771,0.96630676405208,False
ec:3.2.1.46,0.0006877196100570706,200,0.9353233830845771,0.96630676405208,False
ec:4.1.1.71,0.0007019165544685462,200,0.9353233830845771,0.96630676405208,False
ec:2.6.1.36,0.0007019165544685462,200,0.9353233830845771,0.96630676405208,False
ec:1.1.1.27,0.0007674187072409114,200,0.9402985074626866,0.96630676405208,False
ec:2.3.3.6,0.0007674187072409114,200,0.9402985074626866,0.96630676405208,False
ec:4.1.1.112,0.0007674187072409114,200,0.9402985074626866,0.96630676405208,False
ec:1.2.7.1,0.0007674187072409114,200,0.9402985074626866,0.96630676405208,False
ec:4.4.1.1,0.0007674187072409114,200,0.9402985074626866,0.96630676405208,False
ec:3.5.99.7,0.0007674187072409114,200,0.9402985074626866,0.96630676405208,False
ec:4.4.1.2,0.0007674187072409114,200,0.9402985074626866,0.96630676405208,False
ec:1.8.4.4,0.0013691278303563277,200,0.945273631840796,0.9693570364736827,False
ec:1.1.1.42,0.0015305809667481662,200,0.945273631840796,0.9693570364736827,False
ec:2.3.1.54,0.0014715178871932582,200,0.9502487562189055,0.9723943840121426,False
ec:2.2.1.6,0.0014715178871932582,200,0.9502487562189055,0.9723943840121426,False
ec:2.1.4.3,0.0006831291253939634,200,0.9552238805970149,0.9743888792573563,False
ec:1.1.1.31,0.000619433589397598,200,0.9552238805970149,0.9743888792573563,False
ec:3.1.2.4,0.000619433589397598,200,0.9552238805970149,0.9743888792573563,False
ec:2.8.3.24,0.0006907702927169379,200,0.9651741293532339,0.9803976960622754,False
ec:1.14.11.3,0.0013864058284919227,200,0.9651741293532339,0.9803976960622754,False
ec:3.5.1.124,0.0006666715587654514,200,0.9651741293532339,0.9803976960622754,False
ec:1.1.1.436,0.0006666715587654514,200,0.9651741293532339,0.9803976960622754,False
ec:1.1.1.66,0.0021361913038880132,200,0.9800995024875622,0.9934691704123663,False
ec:3.2.1.187,0.0006459671204326885,200,0.9800995024875622,0.9934691704123663,False
ec:2.7.1.21,0.0006829424070893583,200,0.9850746268656716,0.9950248756218907,False
ec:3.1.3.89,0.0006829424070893583,200,0.9850746268656716,0.9950248756218907,False
ec:2.7.1.145,0.0006829424070893583,200,0.9850746268656716,0.9950248756218907,False
ec:1.1.1.98,0.00215305041930408,200,0.9900497512437811,0.9950248756218907,False
ec:1.3.3.5,0.000634926361103544,200,0.9950248756218906,0.9950248756218907,False
ec:1.3.7.4,0.000634926361103544,200,0.9950248756218906,0.9950248756218907,False
ec:1.3.1.24,0.000634926361103544,200,0.9950248756218906,0.9950248756218907,False
ec:2.4.1.48,0.0014238833484356821,200,0.9950248756218906,0.9950248756218907,False
ec:1.3.7.5,0.000634926361103544,200,0.9950248756218906,0.9950248756218907,False
ec:1.3.7.2,0.000634926361103544,200,0.9950248756218906,0.9950248756218907,False
ec:1.3.7.6,0.000634926361103544,200,0.9950248756218906,0.9950248756218907,False
ec:1.14.14.18,0.001280403484466971,200,0.9950248756218906,0.9950248756218907,False
ec:1.14.15.20,0.001280403484466971,200,0.9950248756218906,0.9950248756218907,False
