metabolite,real_score,n_null,p_value,q_value,significant_fdr
3-methyladipate,0.0011209559434287844,200,0.05472636815920398,0.8034492714996446,False
1-pentadecanoyl-2-docosahexaenoyl-GPC (15:0/22:6)*,0.0011088664937835293,200,0.06467661691542288,0.8034492714996446,False
docosahexaenoylcholine,0.00103219160124027,200,0.0845771144278607,0.8034492714996446,False
N-delta-acetylornithine,0.0009190381280117498,200,0.0845771144278607,0.8034492714996446,False
1-docosahexaenoyl-GPC (22:6)*,0.0010446972814534543,200,0.08955223880597014,0.8034492714996446,False
oleoyl-oleoyl-glycerol (18:1/18:1) [1]*,0.001026818294934957,200,0.0945273631840796,0.8034492714996446,False
2-methylcitrate/homocitrate,0.000995184235241274,200,0.09950248756218906,0.8034492714996446,False
citraconate/glutaconate,0.001129742186342057,200,0.10945273631840796,0.8034492714996446,False
adipate (C6-DC),0.0009866783858044968,200,0.10945273631840796,0.8034492714996446,False
1-linoleoyl-2-docosahexaenoyl-GPC (18:2/22:6)*,0.0010198162660638788,200,0.10945273631840796,0.8034492714996446,False
kynurenine,0.0010948300092231533,200,0.11442786069651742,0.8034492714996446,False
1-nonadecanoyl-GPC (19:0),0.0011056214363403382,200,0.11940298507462686,0.8034492714996446,False
dodecenedioate (C12:1-DC)*,0.0010708287213786242,200,0.11940298507462686,0.8034492714996446,False
11beta-hydroxyetiocholanolone glucuronide*,0.0011630231774003804,200,0.11940298507462686,0.8034492714996446,False
glycohyocholate,0.0011520190572732898,200,0.12437810945273632,0.8034492714996446,False
2-docosahexaenoyl-GPC (22:6)*,0.001100491032449944,200,0.12935323383084577,0.8034492714996446,False
glycoursodeoxycholate,0.0010895365648201742,200,0.12935323383084577,0.8034492714996446,False
phenylalanylglycine,0.001168078944516615,200,0.13432835820895522,0.8034492714996446,False
2-linoleoyl-GPE (18:2)*,0.0010248119674880405,200,0.13432835820895522,0.8034492714996446,False
oleoyl-oleoyl-glycerol (18:1/18:1) [2]*,0.001036843775711223,200,0.13930348258706468,0.8034492714996446,False
"N1,N12-diacetylspermine",0.0010848111259001984,200,0.13930348258706468,0.8034492714996446,False
1-oleoyl-2-docosahexaenoyl-GPC (18:1/22:6)*,0.0010509808712728067,200,0.13930348258706468,0.8034492714996446,False
1-arachidonoyl-GPE (20:4n6)*,0.0010981100756556133,200,0.13930348258706468,0.8034492714996446,False
pentose acid*,0.0011052784519176078,200,0.13930348258706468,0.8034492714996446,False
1-margaroyl-2-arachidonoyl-GPC (17:0/20:4)*,0.001052360537547985,200,0.14427860696517414,0.8034492714996446,False
1-arachidonoyl-GPC (20:4n6)*,0.0010774650089192767,200,0.14427860696517414,0.8034492714996446,False
N-linoleoylglycine,0.0010796565599347323,200,0.14427860696517414,0.8034492714996446,False
1-myristoyl-GPC (14:0),0.0010456351496365276,200,0.14427860696517414,0.8034492714996446,False
methionine sulfoxide,0.0009987816626117352,200,0.14427860696517414,0.8034492714996446,False
1-stearoyl-2-arachidonoyl-GPE (18:0/20:4),0.0009941123435464215,200,0.15422885572139303,0.8034492714996446,False
glycoursodeoxycholic acid sulfate (1),0.0011515540780543377,200,0.15422885572139303,0.8034492714996446,False
palmitoyl-docosahexaenoyl-glycerol (16:0/22:6) [1]*,0.0011848493181407323,200,0.15422885572139303,0.8034492714996446,False
1-palmitoyl-2-stearoyl-GPC (16:0/18:0),0.0011284136719516378,200,0.15920398009950248,0.8034492714996446,False
1-(1-enyl-palmitoyl)-2-palmitoleoyl-GPC (P-16:0/16:1)*,0.0010693025684821939,200,0.15920398009950248,0.8034492714996446,False
2-linoleoyl-GPC (18:2)*,0.0009685983864076059,200,0.16417910447761194,0.8034492714996446,False
tiglylcarnitine (C5:1-DC),0.0009605039713377883,200,0.16417910447761194,0.8034492714996446,False
1-palmitoyl-2-stearoyl-GPE (16:0/18:0)*,0.0010600054925461791,200,0.16417910447761194,0.8034492714996446,False
margaroylcarnitine (C17)*,0.0010888894273428057,200,0.16417910447761194,0.8034492714996446,False
gamma-glutamyl-epsilon-lysine,0.0012141452764396282,200,0.16417910447761194,0.8034492714996446,False
arabitol/xylitol,0.0010251828437661133,200,0.16417910447761194,0.8034492714996446,False
behenate (22:0)*,0.001090804516786514,200,0.1691542288557214,0.8034492714996446,False
2-arachidonoyl-GPC (20:4)*,0.0010749718777587694,200,0.1691542288557214,0.8034492714996446,False
indolelactate,0.0010897627850763594,200,0.1691542288557214,0.8034492714996446,False
arachidonoylcholine,0.001003943935496826,200,0.1691542288557214,0.8034492714996446,False
1-arachidonoyl-GPI (20:4)*,0.001098222018705985,200,0.1691542288557214,0.8034492714996446,False
1-(1-enyl-stearoyl)-2-docosahexaenoyl-GPE (P-18:0/22:6)*,0.0009734905280304327,200,0.17412935323383086,0.8034492714996446,False
alpha-CMBHC glucuronide,0.0009938133788278184,200,0.17412935323383086,0.8034492714996446,False
"sphingomyelin (d17:1/14:0, d16:1/15:0)*",0.0010480369391126588,200,0.17412935323383086,0.8034492714996446,False
6-oxopiperidine-2-carboxylate,0.0009582653568326753,200,0.1791044776119403,0.8034492714996446,False
N-palmitoyl-sphinganine (d18:0/16:0),0.0010267499699946922,200,0.1791044776119403,0.8034492714996446,False
1-stearoyl-2-oleoyl-GPE (18:0/18:1),0.0010697268125746122,200,0.1791044776119403,0.8034492714996446,False
nisinate (24:6n3),0.001096878255183445,200,0.1791044776119403,0.8034492714996446,False
1-arachidonylglycerol (20:4),0.0009979958510364165,200,0.1791044776119403,0.8034492714996446,False
N-stearoylserine*,0.0010802276792746543,200,0.1791044776119403,0.8034492714996446,False
glutarylcarnitine (C5-DC),0.0009759519382820354,200,0.1791044776119403,0.8034492714996446,False
1-eicosapentaenoyl-GPC (20:5)*,0.0010903977732484456,200,0.18407960199004975,0.8034492714996446,False
2-arachidonoyl-GPI (20:4)*,0.0010455164501519043,200,0.18407960199004975,0.8034492714996446,False
proline,0.0011464884045622246,200,0.18407960199004975,0.8034492714996446,False
3-methoxytyrosine,0.0009964046244952723,200,0.18407960199004975,0.8034492714996446,False
1-palmitoyl-2-pentadecanoyl-GPC (16:0/15:0)*,0.001073636850011749,200,0.18407960199004975,0.8034492714996446,False
1-pentadecanoyl-2-arachidonoyl-GPC (15:0/20:4)*,0.0009625320909943774,200,0.1890547263681592,0.8034492714996446,False
oleoyl-arachidonoyl-glycerol (18:1/20:4) [1]*,0.0010124408920581301,200,0.1890547263681592,0.8034492714996446,False
5-hydroxylysine,0.0010142049421681836,200,0.1890547263681592,0.8034492714996446,False
N-acetyl-isoputreanine,0.0009036472425021023,200,0.1890547263681592,0.8034492714996446,False
isovalerate (i5:0),0.0010483166785634553,200,0.1890547263681592,0.8034492714996446,False
"glycosyl ceramide (d18:1/23:1, d17:1/24:1)*",0.0010665258954990697,200,0.19402985074626866,0.8034492714996446,False
1-(1-enyl-stearoyl)-2-docosahexaenoyl-GPC (P-18:0/22:6)*,0.0010059231917964285,200,0.19402985074626866,0.8034492714996446,False
linoleoyl-docosahexaenoyl-glycerol (18:2/22:6) [1]*,0.0010246596259012332,200,0.19402985074626866,0.8034492714996446,False
catechol glucuronide,0.0010900313202559645,200,0.19402985074626866,0.8034492714996446,False
1-(1-enyl-oleoyl)-GPE (P-18:1)*,0.0010059693916657524,200,0.19900497512437812,0.8034492714996446,False
histidylalanine,0.001030159178979373,200,0.19900497512437812,0.8034492714996446,False
1-palmitoyl-2-arachidonoyl-GPC (16:0/20:4n6),0.0010320886478937643,200,0.19900497512437812,0.8034492714996446,False
1-stearoyl-2-dihomo-linolenoyl-GPI (18:0/20:3n3 or 6)*,0.0010523654673937038,200,0.20398009950248755,0.8034492714996446,False
pimelate (C7-DC),0.0010181889370446916,200,0.20398009950248755,0.8034492714996446,False
1-(1-enyl-palmitoyl)-2-docosahexaenoyl-GPC (P-16:0/22:6)*,0.00102387898693384,200,0.20398009950248755,0.8034492714996446,False
retinol (vitamin A),0.0009489779140747431,200,0.20398009950248755,0.8034492714996446,False
gamma-CEHC glucuronide*,0.0010304854695868172,200,0.20398009950248755,0.8034492714996446,False
"ceramide (d18:1/20:0, d16:1/22:0, d20:1/18:0)*",0.0010159851248185486,200,0.208955223880597,0.8034492714996446,False
tetradecadienedioate (C14:2-DC)*,0.0010289771386192026,200,0.208955223880597,0.8034492714996446,False
N-succinyl-phenylalanine,0.0010665250198452357,200,0.208955223880597,0.8034492714996446,False
S-methylcysteine sulfoxide,0.001073493544554733,200,0.208955223880597,0.8034492714996446,False
N1-methylinosine,0.0011074079121581551,200,0.21393034825870647,0.8034492714996446,False
mannitol/sorbitol,0.0009753691464466171,200,0.21393034825870647,0.8034492714996446,False
gamma-glutamylglycine,0.0010108593436539903,200,0.21393034825870647,0.8034492714996446,False
arabonate/xylonate,0.0010073973489259517,200,0.21890547263681592,0.8034492714996446,False
"sphingomyelin (d18:2/21:0, d16:2/23:0)*",0.00106749511569584,200,0.21890547263681592,0.8034492714996446,False
dopamine 4-sulfate,0.0010255249040550965,200,0.21890547263681592,0.8034492714996446,False
2-myristoyl-GPC (14:0)*,0.0010288694110808041,200,0.21890547263681592,0.8034492714996446,False
1-palmitoyl-2-docosahexaenoyl-GPE (16:0/22:6)*,0.0009549747322492481,200,0.22388059701492538,0.8034492714996446,False
"sphingomyelin (d17:1/16:0, d18:1/15:0, d16:1/17:0)*",0.0010958301596538736,200,0.22388059701492538,0.8034492714996446,False
2-hydroxysebacate,0.0011022689855567777,200,0.22388059701492538,0.8034492714996446,False
methylmalonate (MMA),0.001015065906433648,200,0.22388059701492538,0.8034492714996446,False
1-oleoyl-GPE (18:1),0.0011421132318201058,200,0.22388059701492538,0.8034492714996446,False
1-oleoyl-2-docosapentaenoyl-GPC (18:1/22:5n3)*,0.0010444777386806072,200,0.22388059701492538,0.8034492714996446,False
stearoylcholine*,0.0009513007173405547,200,0.22885572139303484,0.8034492714996446,False
1-(1-enyl-oleoyl)-2-docosahexaenoyl-GPC (P-18:1/22:6)*,0.0010404217710310644,200,0.22885572139303484,0.8034492714996446,False
1-palmitoyl-2-arachidonoyl-GPE (16:0/20:4)*,0.0009668708165461608,200,0.22885572139303484,0.8034492714996446,False
propionylcarnitine (C3),0.0010577332654274553,200,0.22885572139303484,0.8034492714996446,False
valylglycine,0.0010506432954331723,200,0.22885572139303484,0.8034492714996446,False
"5,6-dihydrouridine",0.0009329136393448251,200,0.22885572139303484,0.8034492714996446,False
1-pentadecanoyl-GPC (15:0)*,0.001074399908544396,200,0.22885572139303484,0.8034492714996446,False
1-(1-enyl-palmitoyl)-2-docosahexaenoyl-GPE (P-16:0/22:6)*,0.00091326080481797,200,0.23383084577114427,0.8034492714996446,False
gamma-glutamyltyrosine,0.0009907155741942172,200,0.23383084577114427,0.8034492714996446,False
gamma-glutamylphenylalanine,0.0009865312053446032,200,0.23383084577114427,0.8034492714996446,False
N-palmitoyl-heptadecasphingosine (d17:1/16:0)*,0.0010832882769863195,200,0.23383084577114427,0.8034492714996446,False
prolylproline,0.0010715491054884686,200,0.23383084577114427,0.8034492714996446,False
1-(1-enyl-oleoyl)-2-docosahexaenoyl-GPE (P-18:1/22:6)*,0.0010076784740547509,200,0.23880597014925373,0.8034492714996446,False
gamma-glutamyl-alpha-lysine,0.000993895322166467,200,0.23880597014925373,0.8034492714996446,False
docosahexaenoate (DHA; 22:6n3),0.001072580540336655,200,0.23880597014925373,0.8034492714996446,False
7-ketodeoxycholate,0.0009972194269087021,200,0.23880597014925373,0.8034492714996446,False
2-stearoyl-GPI (18:0)*,0.0010356073558518693,200,0.23880597014925373,0.8034492714996446,False
acisoga,0.0009631179414785466,200,0.23880597014925373,0.8034492714996446,False
tryptophan betaine,0.0010269437724591797,200,0.23880597014925373,0.8034492714996446,False
glucuronide of C14H26O4 (1)*,0.0010572703897167041,200,0.23880597014925373,0.8034492714996446,False
isobutyrylcarnitine (C4),0.0010302300143509558,200,0.24378109452736318,0.8034492714996446,False
alpha-ketoglutaramate*,0.0010030313675444017,200,0.24378109452736318,0.8034492714996446,False
"12,13-DiHOME",0.0010190688828341295,200,0.24378109452736318,0.8034492714996446,False
2-hydroxyheptanoate*,0.0010161951888243176,200,0.24378109452736318,0.8034492714996446,False
"1,2-dipalmitoyl-GPC (16:0/16:0)",0.0011093087816845025,200,0.24875621890547264,0.8034492714996446,False
isobutyrylglycine,0.0010488866873280558,200,0.24875621890547264,0.8034492714996446,False
1-stearoyl-2-docosahexaenoyl-GPI (18:0/22:6)*,0.0010368240825310085,200,0.24875621890547264,0.8034492714996446,False
palmitoylcholine,0.0009673804056948337,200,0.24875621890547264,0.8034492714996446,False
1-pentadecanoyl-2-linoleoyl-GPC (15:0/18:2)*,0.0010121297961347157,200,0.24875621890547264,0.8034492714996446,False
1-oleoyl-GPG (18:1)*,0.0010893779918076376,200,0.24875621890547264,0.8034492714996446,False
stearoyl-arachidonoyl-glycerol (18:0/20:4) [1]*,0.0009915805518853115,200,0.24875621890547264,0.8034492714996446,False
1-dihomo-linolenylglycerol (20:3),0.0009823240236532017,200,0.24875621890547264,0.8034492714996446,False
glucuronate,0.0009394326651094254,200,0.2537313432835821,0.8034492714996446,False
1-behenoyl-GPC (22:0),0.0011507327166787953,200,0.25870646766169153,0.8034492714996446,False
1-myristoyl-2-arachidonoyl-GPC (14:0/20:4)*,0.0009716351370001539,200,0.25870646766169153,0.8034492714996446,False
1-linoleoyl-2-arachidonoyl-GPE (18:2/20:4)*,0.0010485820163771947,200,0.25870646766169153,0.8034492714996446,False
stearoylcarnitine (C18),0.0009579474549547468,200,0.25870646766169153,0.8034492714996446,False
linoleoylcholine*,0.0009787539767381504,200,0.25870646766169153,0.8034492714996446,False
1-palmitoyl-2-eicosapentaenoyl-GPE (16:0/20:5)*,0.0010714543111343443,200,0.25870646766169153,0.8034492714996446,False
"glycosyl ceramide (d18:2/24:1, d18:1/24:2)*",0.0010670943952978843,200,0.25870646766169153,0.8034492714996446,False
3-(3-amino-3-carboxypropyl)uridine*,0.0008254505101027925,200,0.25870646766169153,0.8034492714996446,False
sarcosine,0.0009370257895067086,200,0.263681592039801,0.8034492714996446,False
orotate,0.0009963789514614051,200,0.263681592039801,0.8034492714996446,False
pro-hydroxy-pro,0.0009714583220244428,200,0.263681592039801,0.8034492714996446,False
phenylacetylcarnitine,0.0010064357135389742,200,0.26865671641791045,0.8034492714996446,False
2-oleoyl-GPE (18:1)*,0.0011222218725466927,200,0.26865671641791045,0.8034492714996446,False
3-hydroxysebacate,0.0010939197720960807,200,0.26865671641791045,0.8034492714996446,False
3-amino-2-piperidone,0.000927053251434264,200,0.26865671641791045,0.8034492714996446,False
gamma-CEHC,0.0009830484149762184,200,0.26865671641791045,0.8034492714996446,False
dopamine 3-O-sulfate,0.001035059292503442,200,0.26865671641791045,0.8034492714996446,False
1-stearoyl-2-docosapentaenoyl-GPE (18:0/22:5n3)*,0.0010063525523827885,200,0.26865671641791045,0.8034492714996446,False
N-acetylserine,0.0008808452013630742,200,0.26865671641791045,0.8034492714996446,False
"5,6-dihydrouracil",0.0010803208047933809,200,0.26865671641791045,0.8034492714996446,False
tigloylglycine,0.0010290839976232076,200,0.26865671641791045,0.8034492714996446,False
octadecanedioylcarnitine (C18-DC)*,0.0010903496752253691,200,0.26865671641791045,0.8034492714996446,False
octadecenedioate (C18:1-DC),0.0010278821729780541,200,0.2736318407960199,0.8034492714996446,False
1-stearoyl-GPI (18:0),0.0010306581365785742,200,0.2736318407960199,0.8034492714996446,False
1-docosahexaenoylglycerol (22:6),0.0009875540471787267,200,0.2736318407960199,0.8034492714996446,False
gulonate*,0.0008574649948933305,200,0.2736318407960199,0.8034492714996446,False
5-(galactosylhydroxy)-lysine,0.0008818039015430866,200,0.2736318407960199,0.8034492714996446,False
trigonelline (N'-methylnicotinate),0.0010926516498497851,200,0.2736318407960199,0.8034492714996446,False
4-hydroxyphenylacetylglutamine,0.0010268788353328376,200,0.2736318407960199,0.8034492714996446,False
1-(1-enyl-stearoyl)-GPC (P-18:0)*,0.0010383029333581476,200,0.2736318407960199,0.8034492714996446,False
adipoylcarnitine (C6-DC),0.0010444952102964696,200,0.27860696517412936,0.8034492714996446,False
N6-acetyllysine,0.0009690610635471447,200,0.27860696517412936,0.8034492714996446,False
gamma-glutamylalanine,0.001159185976418231,200,0.27860696517412936,0.8034492714996446,False
N-acetylalanine,0.0009217690327393686,200,0.27860696517412936,0.8034492714996446,False
N-acetylaspartate (NAA),0.0009988568997712354,200,0.27860696517412936,0.8034492714996446,False
oleoyl-arachidonoyl-glycerol (18:1/20:4) [2]*,0.0010033635069695845,200,0.27860696517412936,0.8034492714996446,False
17alpha-hydroxypregnenolone 3-sulfate,0.0011253883792320834,200,0.27860696517412936,0.8034492714996446,False
galactonate,0.0009633606344090677,200,0.27860696517412936,0.8034492714996446,False
pimeloylcarnitine/3-methyladipoylcarnitine (C7-DC),0.00109201626573076,200,0.27860696517412936,0.8034492714996446,False
glutarate (C5-DC),0.0010256004188374374,200,0.2835820895522388,0.8034492714996446,False
ascorbic acid 2-sulfate,0.0010029056880986422,200,0.2835820895522388,0.8034492714996446,False
"N,N-dimethyl-pro-pro",0.0009235296992488136,200,0.2835820895522388,0.8034492714996446,False
3-carboxy-4-methyl-5-pentyl-2-furanpropionate (3-CMPFP)**,0.001037360049046402,200,0.2835820895522388,0.8034492714996446,False
1-(1-enyl-palmitoyl)-2-oleoyl-GPC (P-16:0/18:1)*,0.0010323019560080726,200,0.2885572139303483,0.8034492714996446,False
glutamine,0.0011052370509581166,200,0.2885572139303483,0.8034492714996446,False
2-O-methylascorbic acid,0.000970997295061321,200,0.2885572139303483,0.8034492714996446,False
corticosterone,0.001039032981646652,200,0.2885572139303483,0.8034492714996446,False
N-palmitoyl-sphingosine (d18:1/16:0),0.0009826483430888165,200,0.2885572139303483,0.8034492714996446,False
oleoylcholine,0.0009782519810393213,200,0.2885572139303483,0.8034492714996446,False
"1,2-dilinoleoyl-GPC (18:2/18:2)",0.0010065642608504603,200,0.2885572139303483,0.8034492714996446,False
3-indoxyl sulfate,0.0010750906735443604,200,0.2885572139303483,0.8034492714996446,False
picolinoylglycine,0.0009708274474009912,200,0.2935323383084577,0.8034492714996446,False
hexadecenedioate (C16:1-DC)*,0.001102965792918145,200,0.2935323383084577,0.8034492714996446,False
pyroglutamylvaline,0.0009521845895826798,200,0.2935323383084577,0.8034492714996446,False
1-stearoyl-2-dihomo-linolenoyl-GPE (18:0/20:3n3 or 6)*,0.000968599393791142,200,0.2935323383084577,0.8034492714996446,False
4-methoxyphenol sulfate,0.0010762108282445526,200,0.29850746268656714,0.8034492714996446,False
1-eicosapentaenoyl-GPE (20:5)*,0.001064639272131061,200,0.29850746268656714,0.8034492714996446,False
1-palmitoyl-GPI (16:0),0.0010935106674622656,200,0.29850746268656714,0.8034492714996446,False
eicosenoylcarnitine (C20:1)*,0.001048360816365806,200,0.29850746268656714,0.8034492714996446,False
N-acetylputrescine,0.000984898242764043,200,0.3034825870646766,0.8034492714996446,False
"2,3-dihydroxy-2-methylbutyrate",0.0011103046722487084,200,0.3034825870646766,0.8034492714996446,False
N-acetylthreonine,0.0008554993465824543,200,0.3034825870646766,0.8034492714996446,False
2-hydroxy-4-(methylthio)butanoic acid,0.0010343421062714605,200,0.3034825870646766,0.8034492714996446,False
1-adrenoyl-GPC (22:4)*,0.0007875783156940713,200,0.3034825870646766,0.8034492714996446,False
5-methylthioribose**,0.0009315828066840753,200,0.3034825870646766,0.8034492714996446,False
N-acetyl-2-aminoadipate,0.0009488742587917107,200,0.3034825870646766,0.8034492714996446,False
N1-methyladenosine,0.0010176379522174647,200,0.3034825870646766,0.8034492714996446,False
asparagine,0.0010235198355091784,200,0.3034825870646766,0.8034492714996446,False
S-adenosylhomocysteine (SAH),0.0009470687695859418,200,0.30845771144278605,0.8034492714996446,False
ethylmalonate,0.000948248194085308,200,0.30845771144278605,0.8034492714996446,False
hyocholate (gamma-muricholate),0.0011797316281018599,200,0.30845771144278605,0.8034492714996446,False
1-(1-enyl-palmitoyl)-GPC (P-16:0)*,0.000936002347682047,200,0.30845771144278605,0.8034492714996446,False
N-acetylisoleucine,0.001022334066360458,200,0.30845771144278605,0.8034492714996446,False
alpha-CEHC sulfate,0.0010530890430480964,200,0.31343283582089554,0.8034492714996446,False
1-linoleoyl-GPC (18:2),0.001034825105944295,200,0.31343283582089554,0.8034492714996446,False
N-lactoyl leucine,0.0010339549862302443,200,0.31343283582089554,0.8034492714996446,False
sphingadienine,0.0010594222560950228,200,0.31343283582089554,0.8034492714996446,False
5-hydroxyindole sulfate,0.0010568525571120375,200,0.31343283582089554,0.8034492714996446,False
1-stearoyl-2-arachidonoyl-GPC (18:0/20:4),0.001017546907687833,200,0.31343283582089554,0.8034492714996446,False
1-stearoyl-GPG (18:0),0.0010716346765696112,200,0.31343283582089554,0.8034492714996446,False
octadecadienedioate (C18:2-DC)*,0.001021096773388626,200,0.31343283582089554,0.8034492714996446,False
glycylvaline,0.0009937464599884312,200,0.31343283582089554,0.8034492714996446,False
carboxyethyl-GABA,0.0010706026342268068,200,0.31343283582089554,0.8034492714996446,False
pregnanolone/allopregnanolone sulfate,0.0010652753540472788,200,0.31343283582089554,0.8034492714996446,False
glycine,0.0010423120894566663,200,0.31343283582089554,0.8034492714996446,False
deoxycholic acid 12-sulfate*,0.0010996844130558407,200,0.31840796019900497,0.8034492714996446,False
N-acetylkynurenine (2),0.001055130631230458,200,0.31840796019900497,0.8034492714996446,False
methylsuccinoylcarnitine,0.0010060987901720155,200,0.31840796019900497,0.8034492714996446,False
"2,3-dihydroxy-5-methylthio-4-pentenoate (DMTPA)*",0.0009079412197804276,200,0.31840796019900497,0.8034492714996446,False
lactosyl-N-nervonoyl-sphingosine (d18:1/24:1)*,0.001058398186380713,200,0.31840796019900497,0.8034492714996446,False
1-margaroyl-2-oleoyl-GPC (17:0/18:1)*,0.0010626204053450737,200,0.31840796019900497,0.8034492714996446,False
1-myristoylglycerol (14:0),0.001153072864185677,200,0.31840796019900497,0.8034492714996446,False
2-arachidonoyl-GPE (20:4)*,0.0010224725365163936,200,0.32338308457711445,0.8034492714996446,False
phenylacetylglutamate,0.0010408418862813916,200,0.32338308457711445,0.8034492714996446,False
delta-CEHC glucuronide,0.0009803868577931596,200,0.32338308457711445,0.8034492714996446,False
1-stearoyl-2-arachidonoyl-GPI (18:0/20:4),0.0010756691492218163,200,0.32338308457711445,0.8034492714996446,False
gamma-glutamylvaline,0.0009475022124986941,200,0.32338308457711445,0.8034492714996446,False
1-margaroyl-GPE (17:0)*,0.0010527526446006642,200,0.3283582089552239,0.8034492714996446,False
2-palmitoyl-GPC (16:0)*,0.0010546539454160705,200,0.3283582089552239,0.8034492714996446,False
dihomo-linolenoyl-choline,0.000921816411995415,200,0.3283582089552239,0.8034492714996446,False
palmitamide (16:0),0.0011137283436913495,200,0.3283582089552239,0.8034492714996446,False
1-palmitoyl-2-linoleoyl-GPC (16:0/18:2),0.0009921527193976392,200,0.3283582089552239,0.8034492714996446,False
alpha-CEHC glucuronide*,0.0010220201998274278,200,0.3283582089552239,0.8034492714996446,False
threonylphenylalanine,0.0010802618430218508,200,0.3283582089552239,0.8034492714996446,False
phenylacetylglycine,0.0010556773956766075,200,0.3283582089552239,0.8034492714996446,False
2-hydroxyoleate,0.0011054056402504133,200,0.3333333333333333,0.8034492714996446,False
1-stearoyl-2-docosapentaenoyl-GPC (18:0/22:5n6)*,0.001053122093068604,200,0.3333333333333333,0.8034492714996446,False
N-palmitoyl-sphingadienine (d18:2/16:0)*,0.0010060397746378047,200,0.3333333333333333,0.8034492714996446,False
1-palmitoyl-2-eicosapentaenoyl-GPC (16:0/20:5)*,0.0009903631851690326,200,0.3333333333333333,0.8034492714996446,False
pseudouridine,0.0007892674600535853,200,0.3333333333333333,0.8034492714996446,False
hexanoylglycine,0.0011122876540628046,200,0.3333333333333333,0.8034492714996446,False
dimethylarginine (SDMA + ADMA),0.0008504009973591449,200,0.3333333333333333,0.8034492714996446,False
1-oleoyl-GPA (18:1),0.0010660101884940184,200,0.3333333333333333,0.8034492714996446,False
decanoylcarnitine (C10),0.0009724747829800695,200,0.3383084577114428,0.8034492714996446,False
oxindolylalanine,0.0010059157065987413,200,0.3383084577114428,0.8034492714996446,False
"9,10-DiHOME",0.0010169374739165955,200,0.3383084577114428,0.8034492714996446,False
eicosapentaenoate (EPA; 20:5n3),0.0010085826981154834,200,0.3383084577114428,0.8034492714996446,False
2-stearoyl-GPE (18:0)*,0.0010462651859440668,200,0.3383084577114428,0.8034492714996446,False
2-hydroxyarachidate*,0.0010179142209619043,200,0.3383084577114428,0.8034492714996446,False
3-carboxy-4-methyl-5-propyl-2-furanpropanoate (CMPF),0.0009734258896123614,200,0.3383084577114428,0.8034492714996446,False
1-oleoyl-2-docosahexaenoyl-GPE (18:1/22:6)*,0.000987135674148728,200,0.3383084577114428,0.8034492714996446,False
suberoylcarnitine (C8-DC),0.0010169203307021657,200,0.3383084577114428,0.8034492714996446,False
ximenoylcarnitine (C26:1)*,0.0010484964470963757,200,0.3383084577114428,0.8034492714996446,False
pantoate,0.001055269511726445,200,0.3383084577114428,0.8034492714996446,False
cortisol,0.0009349995555582646,200,0.3383084577114428,0.8034492714996446,False
11beta-hydroxyandrosterone glucuronide,0.0008505872083369952,200,0.34328358208955223,0.8034492714996446,False
cysteine-glutathione disulfide,0.001224216425282793,200,0.34328358208955223,0.8034492714996446,False
carotene diol (1),0.0009335488310457656,200,0.34328358208955223,0.8034492714996446,False
1-palmitoyl-GPG (16:0)*,0.0010096353852244143,200,0.34328358208955223,0.8034492714996446,False
gamma-glutamylhistidine,0.0010101707395589283,200,0.34328358208955223,0.8034492714996446,False
linoleoyl-linolenoyl-glycerol (18:2/18:3) [1]*,0.001061030837733748,200,0.34328358208955223,0.8034492714996446,False
"hydroxy-N6,N6,N6-trimethyllysine*",0.0008826890619943206,200,0.34328358208955223,0.8034492714996446,False
linoleoyl-linolenoyl-glycerol (18:2/18:3) [2]*,0.0010634611992467473,200,0.34328358208955223,0.8034492714996446,False
argininate*,0.0009686792301477058,200,0.34328358208955223,0.8034492714996446,False
allantoin,0.0009636532131758009,200,0.34328358208955223,0.8034492714996446,False
"N2,N5-diacetylornithine",0.0010416996379301996,200,0.34328358208955223,0.8034492714996446,False
glucuronide of C10H18O2 (7)*,0.0010091415690184269,200,0.34328358208955223,0.8034492714996446,False
1-(1-enyl-palmitoyl)-GPE (P-16:0)*,0.0009847158498422436,200,0.3482587064676617,0.8034492714996446,False
p-cresol glucuronide*,0.0010765140360644028,200,0.3482587064676617,0.8034492714996446,False
1-palmitoyl-GPE (16:0),0.001023702848087004,200,0.3482587064676617,0.8034492714996446,False
1-stearoyl-2-docosahexaenoyl-GPE (18:0/22:6)*,0.0009356520916836676,200,0.3482587064676617,0.8034492714996446,False
3-methylglutarylcarnitine (2),0.0009511153528977721,200,0.3482587064676617,0.8034492714996446,False
"2S,3R-dihydroxybutyrate",0.0010342960180969101,200,0.3482587064676617,0.8034492714996446,False
C-glycosyltryptophan,0.0007936477717998706,200,0.3482587064676617,0.8034492714996446,False
N-methylproline,0.0009750133995696261,200,0.35323383084577115,0.8034492714996446,False
isoleucylglycine,0.0010117753479620063,200,0.35323383084577115,0.8034492714996446,False
(S)-3-hydroxybutyrylcarnitine,0.0009857847378802046,200,0.35323383084577115,0.8034492714996446,False
1-eicosenoyl-GPC (20:1)*,0.0010349245652250096,200,0.35323383084577115,0.8034492714996446,False
ascorbic acid 3-sulfate*,0.0010009965783287183,200,0.35323383084577115,0.8034492714996446,False
1-ribosyl-imidazoleacetate*,0.0009964459229678901,200,0.35323383084577115,0.8034492714996446,False
4-hydroxyphenylacetate,0.0009674102850652771,200,0.35323383084577115,0.8034492714996446,False
myo-inositol,0.0009102892875787758,200,0.35323383084577115,0.8034492714996446,False
1-palmitoyl-2-oleoyl-GPE (16:0/18:1),0.0010214875881025217,200,0.35323383084577115,0.8034492714996446,False
"ceramide (d18:1/17:0, d17:1/18:0)*",0.0010574085090859148,200,0.3582089552238806,0.8034492714996446,False
gamma-glutamylmethionine,0.0010254525853143131,200,0.3582089552238806,0.8034492714996446,False
N-lactoyl valine,0.0010250874919170707,200,0.3582089552238806,0.8034492714996446,False
1-stearoyl-2-docosapentaenoyl-GPE (18:0/22:5n6)*,0.0009446200805723786,200,0.3582089552238806,0.8034492714996446,False
quinolinate,0.0008985258079773563,200,0.3582089552238806,0.8034492714996446,False
1-linolenoyl-GPC (18:3)*,0.0010353636510822789,200,0.3582089552238806,0.8034492714996446,False
1-palmitoleoyl-2-linolenoyl-GPC (16:1/18:3)*,0.0011341051503325986,200,0.3582089552238806,0.8034492714996446,False
1-linolenoyl-GPE (18:3)*,0.0009932527950602444,200,0.36318407960199006,0.8034492714996446,False
"sphingomyelin (d18:2/23:0, d18:1/23:1, d17:1/24:1)*",0.0010173219822165198,200,0.36318407960199006,0.8034492714996446,False
maleate,0.0010685149714700604,200,0.36318407960199006,0.8034492714996446,False
N-acetyltaurine,0.00096244385002606,200,0.36318407960199006,0.8034492714996446,False
2-aminobutyrate,0.0008839376156936897,200,0.36318407960199006,0.8034492714996446,False
"N,N-dimethyl-5-aminovalerate",0.0010280758690367625,200,0.36318407960199006,0.8034492714996446,False
choline,0.0009592722261448369,200,0.3681592039800995,0.8034492714996446,False
"2R,3R-dihydroxybutyrate",0.0009634840089167155,200,0.3681592039800995,0.8034492714996446,False
fructose,0.001077023296236653,200,0.3681592039800995,0.8034492714996446,False
5-methylthioadenosine (MTA),0.0009461186503264292,200,0.3681592039800995,0.8034492714996446,False
5alpha-pregnan-diol disulfate,0.0010378492872649553,200,0.3681592039800995,0.8034492714996446,False
5-hydroxymethyl-2-furoic acid,0.0009856440760844937,200,0.373134328358209,0.8034492714996446,False
ornithine,0.00103263903496353,200,0.373134328358209,0.8034492714996446,False
N-stearoyl-sphingosine (d18:1/18:0)*,0.000936071878960709,200,0.373134328358209,0.8034492714996446,False
N-formylphenylalanine,0.0010890821945506498,200,0.373134328358209,0.8034492714996446,False
1-palmitoyl-2-docosahexaenoyl-GPC (16:0/22:6),0.0010183670187752358,200,0.373134328358209,0.8034492714996446,False
1-palmitoyl-GPC (16:0),0.0010760826070843462,200,0.373134328358209,0.8034492714996446,False
2'-O-methyluridine,0.0008733599655097469,200,0.373134328358209,0.8034492714996446,False
octadecenedioylcarnitine (C18:1-DC)*,0.0010742017504679607,200,0.373134328358209,0.8034492714996446,False
propionylglycine,0.001025128367158275,200,0.373134328358209,0.8034492714996446,False
trimethylamine N-oxide,0.0010104351450114335,200,0.373134328358209,0.8034492714996446,False
maltose,0.0009317344167914425,200,0.3781094527363184,0.8034492714996446,False
"sphingomyelin (d18:1/19:0, d19:1/18:0)*",0.0010771556179404607,200,0.3781094527363184,0.8034492714996446,False
lactosyl-N-behenoyl-sphingosine (d18:1/22:0)*,0.0010432824514182216,200,0.3781094527363184,0.8034492714996446,False
"ceramide (d18:1/14:0, d16:1/16:0)*",0.0010416581352928503,200,0.3781094527363184,0.8034492714996446,False
1-(1-enyl-stearoyl)-GPE (P-18:0)*,0.0010061569374622578,200,0.3781094527363184,0.8034492714996446,False
glycosyl-N-behenoyl-sphingadienine (d18:2/22:0)*,0.0010185156819419925,200,0.3781094527363184,0.8034492714996446,False
indolepropionylglycine,0.0008758397218662335,200,0.3781094527363184,0.8034492714996446,False
N-lactoyl tyrosine,0.0010705660018511772,200,0.3781094527363184,0.8034492714996446,False
carotene diol (2),0.0009688418623389765,200,0.3781094527363184,0.8034492714996446,False
oxalate (ethanedioate),0.0009540521785148462,200,0.3781094527363184,0.8034492714996446,False
dodecanedioate (C12-DC),0.0009769654982931533,200,0.38308457711442784,0.8034492714996446,False
cholate,0.0010017575949282504,200,0.38308457711442784,0.8034492714996446,False
sphinganine,0.0010063904167519813,200,0.38308457711442784,0.8034492714996446,False
decadienedioic acid (C10:2-DC)**,0.0009535192527491166,200,0.3880597014925373,0.8034492714996446,False
palmitoloelycholine,0.0010103262258608122,200,0.3880597014925373,0.8034492714996446,False
N-lactoyl phenylalanine,0.001051549562765841,200,0.3880597014925373,0.8034492714996446,False
sphinganine-1-phosphate,0.0010489404268248465,200,0.3880597014925373,0.8034492714996446,False
vanillactate,0.0008748304382543834,200,0.3880597014925373,0.8034492714996446,False
aspartate,0.0010358182879633988,200,0.3880597014925373,0.8034492714996446,False
dodecadienoate (12:2)*,0.0010112828793526411,200,0.3880597014925373,0.8034492714996446,False
tauroursodeoxycholate,0.0010929157199413711,200,0.3880597014925373,0.8034492714996446,False
N-linoleoylserine*,0.0010049492281456148,200,0.3880597014925373,0.8034492714996446,False
campesterol,0.0010812608809995588,200,0.39303482587064675,0.8034492714996446,False
pyridoxate,0.0008824099694360478,200,0.39303482587064675,0.8034492714996446,False
"branched-chain, straight-chain, or cyclopropyl 10:1 fatty acid (2)*",0.0009253681751605215,200,0.39303482587064675,0.8034492714996446,False
kynurenate,0.0008711075076293007,200,0.39303482587064675,0.8034492714996446,False
gamma-glutamylthreonine,0.0009347322568898157,200,0.39303482587064675,0.8034492714996446,False
dihydroorotate,0.0008541756301408657,200,0.39303482587064675,0.8034492714996446,False
2-oleoyl-GPC (18:1)*,0.0010261342485589472,200,0.39303482587064675,0.8034492714996446,False
tyrosine,0.000967428675425029,200,0.39303482587064675,0.8034492714996446,False
2-oxoarginine*,0.0010303498029131347,200,0.39800995024875624,0.8034492714996446,False
N-acetylglutamate,0.0009698732593945597,200,0.39800995024875624,0.8034492714996446,False
indolepropionate,0.0009758830762291558,200,0.39800995024875624,0.8034492714996446,False
"N,N,N-trimethyl-5-aminovalerate",0.0010148042025948665,200,0.39800995024875624,0.8034492714996446,False
3-hydroxybutyroylglycine**,0.0010659303602975543,200,0.39800995024875624,0.8034492714996446,False
1-docosahexaenoyl-GPE (22:6)*,0.0009653578926351649,200,0.39800995024875624,0.8034492714996446,False
1-(1-enyl-palmitoyl)-2-arachidonoyl-GPE (P-16:0/20:4)*,0.0010685760297831626,200,0.39800995024875624,0.8034492714996446,False
N-formylanthranilic acid,0.0010709039144107405,200,0.39800995024875624,0.8034492714996446,False
chenodeoxycholate,0.0009639695889742377,200,0.39800995024875624,0.8034492714996446,False
valerate (5:0),0.0009744436052645991,200,0.39800995024875624,0.8034492714996446,False
1-linoleoyl-GPE (18:2)*,0.0010321152541900344,200,0.39800995024875624,0.8034492714996446,False
(2 or 3)-decenoate (10:1n7 or n8),0.0009951499089388587,200,0.39800995024875624,0.8034492714996446,False
S-carboxyethylcysteine,0.0010132450303153835,200,0.39800995024875624,0.8034492714996446,False
succinoyltaurine,0.0009016141713327362,200,0.39800995024875624,0.8034492714996446,False
acetoacetate,0.0010324078346765193,200,0.40298507462686567,0.8034492714996446,False
"sphingomyelin (d17:2/16:0, d18:2/15:0)*",0.0010067212039738453,200,0.40298507462686567,0.8034492714996446,False
trans-2-hexenoylglycine,0.0010758608903285462,200,0.40298507462686567,0.8034492714996446,False
glucuronide of C10H18O2 (8)*,0.0008461064987178087,200,0.40298507462686567,0.8034492714996446,False
glycochenodeoxycholate glucuronide (1),0.0009963846693821703,200,0.40298507462686567,0.8034492714996446,False
fructosyllysine,0.0008774023099781873,200,0.40298507462686567,0.8034492714996446,False
N-methyltaurine,0.001014358649731339,200,0.40298507462686567,0.8034492714996446,False
2-hydroxy-3-methylvalerate,0.0010093361171951926,200,0.40298507462686567,0.8034492714996446,False
"5alpha-androstan-3alpha,17beta-diol disulfate",0.0010543513187691975,200,0.40298507462686567,0.8034492714996446,False
1-stearoyl-GPC (18:0),0.0010604784749509665,200,0.4079601990049751,0.8034492714996446,False
deoxycholic acid glucuronide,0.0009480889594099578,200,0.4079601990049751,0.8034492714996446,False
N-acetylhistidine,0.000927520588912283,200,0.4079601990049751,0.8034492714996446,False
lyxonate,0.001012891152028997,200,0.4079601990049751,0.8034492714996446,False
2-hydroxyadipate,0.0008866917981906376,200,0.4079601990049751,0.8034492714996446,False
"N,N,N-trimethyl-alanylproline betaine (TMAP)",0.0008435129935253427,200,0.4079601990049751,0.8034492714996446,False
erythronate*,0.0009585055978828177,200,0.4079601990049751,0.8034492714996446,False
1-arachidoyl-2-arachidonoyl-GPC (20:0/20:4)*,0.0009944699502585095,200,0.4079601990049751,0.8034492714996446,False
glucuronide of C12H22O4 (1)*,0.0010395438962733196,200,0.4079601990049751,0.8034492714996446,False
"1,5-anhydroglucitol (1,5-AG)",0.0009227543762707015,200,0.4079601990049751,0.8034492714996446,False
glycerophosphoethanolamine,0.0009771713727970608,200,0.4079601990049751,0.8034492714996446,False
1-(1-enyl-oleoyl)-2-linoleoyl-GPE (P-18:1/18:2)*,0.0010009204155939672,200,0.4079601990049751,0.8034492714996446,False
N-palmitoylserine,0.0009557353974612909,200,0.4079601990049751,0.8034492714996446,False
N-formylmethionine,0.0008852766775783926,200,0.4079601990049751,0.8034492714996446,False
N6-carboxymethyllysine,0.000982387187652051,200,0.4079601990049751,0.8034492714996446,False
azeloyltaurine,0.0010607426877561233,200,0.4079601990049751,0.8034492714996446,False
suberate (C8-DC),0.0009792453140895772,200,0.4079601990049751,0.8034492714996446,False
"sphingomyelin (d18:1/20:1, d18:2/20:0)*",0.0010217978217285381,200,0.4129353233830846,0.8034492714996446,False
"5alpha-androstan-3alpha,17alpha-diol monosulfate",0.0011060767913776066,200,0.4129353233830846,0.8034492714996446,False
cyclo(pro-val),0.0010665511693311689,200,0.4129353233830846,0.8034492714996446,False
N-stearoyl-sphingadienine (d18:2/18:0)*,0.0009907037130762123,200,0.4129353233830846,0.8034492714996446,False
octanoylcarnitine (C8),0.0009442699792577122,200,0.4129353233830846,0.8034492714996446,False
nervonoylcarnitine (C24:1)*,0.0010154710306279127,200,0.4129353233830846,0.8034492714996446,False
N-acetylneuraminate,0.0007826463365318568,200,0.4129353233830846,0.8034492714996446,False
"5alpha-pregnan-3beta-ol,20-one sulfate",0.0009227581388585111,200,0.4129353233830846,0.8034492714996446,False
tyramine O-sulfate,0.0009595270182141663,200,0.4129353233830846,0.8034492714996446,False
glycosyl-N-nervonoyl-sphingosine (d18:1/24:1)*,0.001001491371291591,200,0.4129353233830846,0.8034492714996446,False
N-acetyl-aspartyl-glutamate (NAAG),0.0010810335329026898,200,0.4129353233830846,0.8034492714996446,False
leucylglycine,0.0010803267590511348,200,0.417910447761194,0.8034492714996446,False
glucuronide of C12H22O4 (2)*,0.001125031298974782,200,0.417910447761194,0.8034492714996446,False
1-eicosapentaenoylglycerol (20:5)*,0.0010254406318050907,200,0.417910447761194,0.8034492714996446,False
glucose,0.0009050855062939934,200,0.417910447761194,0.8034492714996446,False
N-acetylglutamine,0.00102251303427265,200,0.417910447761194,0.8034492714996446,False
1-oleoyl-GPC (18:1),0.0010090591876959754,200,0.417910447761194,0.8034492714996446,False
prolylglycine,0.0010220585571032944,200,0.417910447761194,0.8034492714996446,False
N6-methyladenosine,0.0009345274337815726,200,0.417910447761194,0.8034492714996446,False
1-palmitoyl-2-arachidonoyl-GPI (16:0/20:4)*,0.0010220200137115284,200,0.4228855721393035,0.8034492714996446,False
phenylacetylglutamine,0.0009808516868990214,200,0.4228855721393035,0.8034492714996446,False
1-stearoyl-2-adrenoyl-GPC (18:0/22:4)*,0.0010124972751224693,200,0.4228855721393035,0.8034492714996446,False
N-behenoyl-sphingadienine (d18:2/22:0)*,0.0009999572229314074,200,0.4228855721393035,0.8034492714996446,False
2-methylbutyrylcarnitine (C5),0.000977971235684215,200,0.4228855721393035,0.8034492714996446,False
1-methyl-4-imidazoleacetate,0.000872852247322735,200,0.4228855721393035,0.8034492714996446,False
1-linoleoyl-2-arachidonoyl-GPC (18:2/20:4n6)*,0.0010734222933076736,200,0.4228855721393035,0.8034492714996446,False
"5alpha-pregnan-3beta,20alpha-diol monosulfate (2)",0.0010150192482303092,200,0.4228855721393035,0.8034492714996446,False
taurochenodeoxycholic acid 3-sulfate,0.001081067015910583,200,0.4228855721393035,0.8034492714996446,False
citrulline,0.0009775731573407047,200,0.4228855721393035,0.8034492714996446,False
1-stearyl-GPC (O-18:0)*,0.001000132187545854,200,0.4228855721393035,0.8034492714996446,False
1-palmitoleoylglycerol (16:1)*,0.0009288063872166874,200,0.42786069651741293,0.8034492714996446,False
1-(1-enyl-stearoyl)-2-arachidonoyl-GPE (P-18:0/20:4)*,0.0010344411729965796,200,0.42786069651741293,0.8034492714996446,False
hydantoin-5-propionate,0.0009531620711644447,200,0.42786069651741293,0.8034492714996446,False
1-stearoyl-2-linoleoyl-GPC (18:0/18:2)*,0.0010018836663481152,200,0.42786069651741293,0.8034492714996446,False
tauro-beta-muricholate,0.0011059574473341134,200,0.42786069651741293,0.8034492714996446,False
1-palmityl-2-palmitoyl-GPC (O-16:0/16:0)*,0.0010849624061195363,200,0.42786069651741293,0.8034492714996446,False
"diacylglycerol (16:1/18:2 [2], 16:0/18:3 [1])*",0.001024808178638195,200,0.42786069651741293,0.8034492714996446,False
hexanoylcarnitine (C6),0.0009872019496287936,200,0.43283582089552236,0.8034492714996446,False
3-hydroxydodecanedioate*,0.000981123379223013,200,0.43283582089552236,0.8034492714996446,False
1-stearoyl-2-oleoyl-GPI (18:0/18:1)*,0.0010492331365698575,200,0.43781094527363185,0.8034492714996446,False
3-methylglutaconate,0.0009485990495197446,200,0.43781094527363185,0.8034492714996446,False
"5alpha-androstan-3beta,17alpha-diol disulfate",0.0011533199647357796,200,0.43781094527363185,0.8034492714996446,False
1-stearoyl-2-docosapentaenoyl-GPC (18:0/22:5n3)*,0.0010227341161977187,200,0.43781094527363185,0.8034492714996446,False
phenol sulfate,0.0009542107906642087,200,0.43781094527363185,0.8034492714996446,False
N-acetyltyrosine,0.001041708206993541,200,0.43781094527363185,0.8034492714996446,False
1-stearoyl-2-oleoyl-GPC (18:0/18:1),0.0009320114347871427,200,0.43781094527363185,0.8034492714996446,False
myristoyl-linoleoyl-glycerol (14:0/18:2) [2]*,0.0011076502509560669,200,0.43781094527363185,0.8034492714996446,False
"5alpha-pregnan-3beta,20beta-diol monosulfate (1)",0.000990020834752454,200,0.43781094527363185,0.8034492714996446,False
"ceramide (d18:2/24:1, d18:1/24:2)*",0.001018064940375461,200,0.43781094527363185,0.8034492714996446,False
chenodeoxycholic acid sulfate (1),0.0010163007080125632,200,0.43781094527363185,0.8034492714996446,False
ribitol,0.00096352211091722,200,0.43781094527363185,0.8034492714996446,False
pelargonate (9:0),0.001001124721124355,200,0.43781094527363185,0.8034492714996446,False
"5alpha-pregnan-3beta,20alpha-diol disulfate",0.0009888269930117307,200,0.43781094527363185,0.8034492714996446,False
5-hydroxyindoleacetate,0.0008050734897225505,200,0.4427860696517413,0.8034492714996446,False
4-acetamidobutanoate,0.0008701164659969679,200,0.4427860696517413,0.8034492714996446,False
heptanoate (7:0),0.0010491047637959095,200,0.4427860696517413,0.8034492714996446,False
2-oleoylglycerol (18:1),0.001007506890893489,200,0.4427860696517413,0.8034492714996446,False
threonate,0.0009228532712131077,200,0.4427860696517413,0.8034492714996446,False
tricosanoyl sphingomyelin (d18:1/23:0)*,0.0009661437220603347,200,0.4427860696517413,0.8034492714996446,False
N-palmitoyltaurine,0.001093304636233613,200,0.4427860696517413,0.8034492714996446,False
lithocholate,0.001025085330425505,200,0.44776119402985076,0.8034492714996446,False
"sphingomyelin (d18:1/25:0, d19:0/24:1, d20:1/23:0, d19:1/24:0)*",0.0009586195871635778,200,0.44776119402985076,0.8034492714996446,False
glycerate,0.0009448925937300179,200,0.44776119402985076,0.8034492714996446,False
palmitoleoyl-arachidonoyl-glycerol (16:1/20:4) [2]*,0.0010569397999472022,200,0.44776119402985076,0.8034492714996446,False
sphingomyelin (d18:2/18:1)*,0.0010270805013071031,200,0.44776119402985076,0.8034492714996446,False
glycochenodeoxycholate,0.001023322353981805,200,0.44776119402985076,0.8034492714996446,False
gamma-glutamyltryptophan,0.0010182433847799655,200,0.44776119402985076,0.8034492714996446,False
succinate,0.0009745941161891413,200,0.44776119402985076,0.8034492714996446,False
trans-urocanate,0.0009688098625457323,200,0.44776119402985076,0.8034492714996446,False
1-nonadecenoyl-GPC (19:1)*,0.0010286550577782248,200,0.44776119402985076,0.8034492714996446,False
alpha-CEHC,0.001058584407513183,200,0.44776119402985076,0.8034492714996446,False
taurine,0.0009367584493837738,200,0.4527363184079602,0.8034492714996446,False
cerotoylcarnitine (C26)*,0.0010242528083447143,200,0.4527363184079602,0.8034492714996446,False
pyridoxal,0.0007537309704428388,200,0.4527363184079602,0.8034492714996446,False
linoleoyl-arachidonoyl-glycerol (18:2/20:4) [1]*,0.001041242060587043,200,0.4527363184079602,0.8034492714996446,False
S-methylcysteine,0.0010380241949934626,200,0.4527363184079602,0.8034492714996446,False
N-acetyl-1-methylhistidine*,0.0009987943955379153,200,0.4527363184079602,0.8034492714996446,False
estrone 3-sulfate,0.0008322677278977048,200,0.4527363184079602,0.8034492714996446,False
arachidoylcarnitine (C20)*,0.0010588092360623925,200,0.4577114427860697,0.8034492714996446,False
"glycosyl ceramide (d18:1/20:0, d16:1/22:0)*",0.0009554682093137556,200,0.4577114427860697,0.8034492714996446,False
linoleoyl ethanolamide,0.0010372119496672725,200,0.4577114427860697,0.8034492714996446,False
14-HDoHE/17-HDoHE,0.0010268437923128936,200,0.4577114427860697,0.8034492714996446,False
alanine,0.0009548975563019519,200,0.4577114427860697,0.8034492714996446,False
"N6,N6,N6-trimethyllysine",0.0010131285073248092,200,0.4626865671641791,0.8034492714996446,False
phenol glucuronide,0.0008487584049792102,200,0.4626865671641791,0.8034492714996446,False
lignoceroylcarnitine (C24)*,0.0010937060041488911,200,0.4626865671641791,0.8034492714996446,False
isoursodeoxycholate sulfate (1),0.0010916786378052552,200,0.4626865671641791,0.8034492714996446,False
1-palmitoleoyl-GPE (16:1)*,0.0010144625512304793,200,0.4626865671641791,0.8034492714996446,False
GlcNAc sulfate conjugate of C21H34O2 steroid**,0.0011010317562799412,200,0.4626865671641791,0.8034492714996446,False
fumarate,0.0009344200061401086,200,0.4626865671641791,0.8034492714996446,False
3-methylhistidine,0.0010151204994934796,200,0.4626865671641791,0.8034492714996446,False
sphingosine 1-phosphate,0.0010000044980354895,200,0.4626865671641791,0.8034492714996446,False
1-(1-enyl-oleoyl)-GPC (P-18:1)*,0.0010551432526246568,200,0.4626865671641791,0.8034492714996446,False
eicosapentaenoylcholine,0.0010416446821276473,200,0.46766169154228854,0.8034492714996446,False
"N2,N2-dimethylguanosine",0.0007802187510136039,200,0.46766169154228854,0.8034492714996446,False
glycosyl-N-stearoyl-sphingosine (d18:1/18:0),0.001010051673503962,200,0.46766169154228854,0.8034492714996446,False
2-aminoadipate,0.0009460394388823823,200,0.46766169154228854,0.8034492714996446,False
(12 or 13)-methylmyristate (a15:0 or i15:0),0.000935289448943302,200,0.46766169154228854,0.8034492714996446,False
tetrahydrocortisone glucuronide (5),0.0009628017225700276,200,0.46766169154228854,0.8034492714996446,False
undecenoylcarnitine (C11:1),0.0010185702177289559,200,0.46766169154228854,0.8034492714996446,False
4-guanidinobutanoate,0.0010359050396053244,200,0.46766169154228854,0.8034492714996446,False
alpha-tocopherol,0.0009728029169384983,200,0.46766169154228854,0.8034492714996446,False
N-carbamoylalanine,0.0010150141125490914,200,0.472636815920398,0.8034492714996446,False
cysteine sulfinic acid,0.001055487017393302,200,0.472636815920398,0.8034492714996446,False
succinylcarnitine (C4-DC),0.0009823285083173478,200,0.472636815920398,0.8034492714996446,False
glucuronide of C10H18O2 (1)*,0.0008662711120896362,200,0.472636815920398,0.8034492714996446,False
glycodeoxycholate 3-sulfate,0.0010062610061945467,200,0.472636815920398,0.8034492714996446,False
glu-gly-asn-val**,0.0010344505466339813,200,0.472636815920398,0.8034492714996446,False
HWESASXX*,0.0009655705988649695,200,0.472636815920398,0.8034492714996446,False
gamma-glutamylglutamine,0.0011053756225955626,200,0.472636815920398,0.8034492714996446,False
N-acetyltryptophan,0.0009767628237251711,200,0.472636815920398,0.8034492714996446,False
imidazole propionate,0.0010201917107307116,200,0.472636815920398,0.8034492714996446,False
2-arachidonoylglycerol (20:4),0.001010217293235644,200,0.472636815920398,0.8034492714996446,False
docosatrienoate (22:3n6)*,0.0010551975883445178,200,0.47761194029850745,0.8034492714996446,False
phenylacetate,0.001027917673342307,200,0.47761194029850745,0.8034492714996446,False
1-linoleoyl-GPI (18:2)*,0.0009605731547607392,200,0.47761194029850745,0.8034492714996446,False
linoleamide (18:2n6),0.0010735544746223171,200,0.47761194029850745,0.8034492714996446,False
1-oleoyl-GPI (18:1),0.0009780239238596122,200,0.47761194029850745,0.8034492714996446,False
1-stearoyl-2-docosahexaenoyl-GPC (18:0/22:6),0.0010111970077600204,200,0.47761194029850745,0.8034492714996446,False
3-hydroxyadipate,0.0009505005142774876,200,0.48258706467661694,0.8034492714996446,False
5-oxoproline,0.0009760175680565237,200,0.48258706467661694,0.8034492714996446,False
4-hydroxyglutamate,0.0010107127461942247,200,0.48258706467661694,0.8034492714996446,False
glutamate,0.0009625708570038477,200,0.48258706467661694,0.8034492714996446,False
xanthosine,0.0007672871322331686,200,0.48258706467661694,0.8034492714996446,False
nicotinamide,0.0009431176990977907,200,0.48258706467661694,0.8034492714996446,False
phenyllactate (PLA),0.0010203163471315096,200,0.48756218905472637,0.8034492714996446,False
1-oleoyl-2-arachidonoyl-GPE (18:1/20:4)*,0.0009979127541763567,200,0.48756218905472637,0.8034492714996446,False
1-meadoyl-GPC (20:3n9)*,0.0010995108764734658,200,0.48756218905472637,0.8034492714996446,False
"1,2-dipalmitoyl-GPI (16:0/16:0)*",0.0010046393057343177,200,0.48756218905472637,0.8034492714996446,False
1-(1-enyl-stearoyl)-2-arachidonoyl-GPC (P-18:0/20:4),0.001067351533713134,200,0.48756218905472637,0.8034492714996446,False
13-HODE + 9-HODE,0.0010005904444874664,200,0.48756218905472637,0.8034492714996446,False
linoleoylcarnitine (C18:2)*,0.0009829764528862814,200,0.48756218905472637,0.8034492714996446,False
gamma-tocopherol/beta-tocopherol,0.0008577515372701807,200,0.48756218905472637,0.8034492714996446,False
phenylalanine,0.0010256458735687405,200,0.48756218905472637,0.8034492714996446,False
caprate (10:0),0.0009910460558238134,200,0.48756218905472637,0.8034492714996446,False
xanthurenate,0.0009825945973835973,200,0.48756218905472637,0.8034492714996446,False
isovalerylglycine,0.0010206996370180248,200,0.48756218905472637,0.8034492714996446,False
docosahexaenoylcarnitine (C22:6)*,0.001148878564905085,200,0.48756218905472637,0.8034492714996446,False
mead acid (20:3n9),0.0009255521887379363,200,0.4925373134328358,0.8034492714996446,False
pyroglutamylglycine,0.0009818958712389649,200,0.4925373134328358,0.8034492714996446,False
indoxyl glucuronide,0.0008585449289897226,200,0.4925373134328358,0.8034492714996446,False
1-stearoyl-2-linoleoyl-GPE (18:0/18:2)*,0.000915694028468768,200,0.4925373134328358,0.8034492714996446,False
6-bromotryptophan,0.0009932956730778699,200,0.4925373134328358,0.8034492714996446,False
delta-CEHC,0.0010618976229940182,200,0.4925373134328358,0.8034492714996446,False
hypoxanthine,0.0009259253763536796,200,0.4925373134328358,0.8034492714996446,False
threonine,0.001017826608874681,200,0.4925373134328358,0.8034492714996446,False
glycoursodeoxycholic acid sulfate (2),0.0010877701697529208,200,0.4925373134328358,0.8034492714996446,False
1-stearoyl-GPE (18:0),0.0010844740003146394,200,0.4925373134328358,0.8034492714996446,False
12-HHTrE,0.001130374889564676,200,0.4975124378109453,0.8034492714996446,False
1-linolenoylglycerol (18:3),0.001031375812665203,200,0.4975124378109453,0.8034492714996446,False
1-palmityl-GPE (O-16:0)*,0.0010252498830089145,200,0.4975124378109453,0.8034492714996446,False
glycylproline,0.001097350253260704,200,0.4975124378109453,0.8034492714996446,False
"sphingomyelin (d18:1/21:0, d17:1/22:0, d16:1/23:0)*",0.0009757592830238188,200,0.4975124378109453,0.8034492714996446,False
ribonate,0.0008086414393810458,200,0.4975124378109453,0.8034492714996446,False
branched chain 14:0 dicarboxylic acid**,0.0010796798011926429,200,0.4975124378109453,0.8034492714996446,False
2-stearoyl-GPC (18:0)*,0.0010252942811225059,200,0.4975124378109453,0.8034492714996446,False
laurylcarnitine (C12),0.000987417135198627,200,0.4975124378109453,0.8034492714996446,False
aconitate [cis or trans],0.0009964367601359907,200,0.4975124378109453,0.8034492714996446,False
cysteine s-sulfate,0.0010638189178676738,200,0.5024875621890548,0.8034492714996446,False
formiminoglutamate,0.000988464782014465,200,0.5024875621890548,0.8034492714996446,False
orotidine,0.0007922370796474063,200,0.5024875621890548,0.8034492714996446,False
1-palmitoyl-2-palmitoleoyl-GPC (16:0/16:1)*,0.0010259975421011921,200,0.5024875621890548,0.8034492714996446,False
cytidine,0.0009888845044770942,200,0.5024875621890548,0.8034492714996446,False
2-oleoyl-GPI (18:1)*,0.0010517953066650574,200,0.5024875621890548,0.8034492714996446,False
1-methyl-5-imidazolelactate,0.0009902524909262925,200,0.5024875621890548,0.8034492714996446,False
1-eicosenoyl-GPE (20:1)*,0.0011292619779177814,200,0.5024875621890548,0.8034492714996446,False
sphingomyelin (d18:2/24:2)*,0.0010169008680652267,200,0.5024875621890548,0.8034492714996446,False
nonanoylcarnitine (C9),0.0010916051929597455,200,0.5074626865671642,0.8034492714996446,False
N2-methylguanosine,0.0011449636451903982,200,0.5074626865671642,0.8034492714996446,False
"5alpha-androstan-3beta,17beta-diol monosulfate (2)",0.0011589382861149791,200,0.5074626865671642,0.8034492714996446,False
N-acetylcitrulline,0.0010723542204452916,200,0.5074626865671642,0.8034492714996446,False
1-methyl-5-imidazoleacetate,0.0008686623659960743,200,0.5074626865671642,0.8034492714996446,False
N-lactoyl isoleucine,0.0010478031787142623,200,0.5074626865671642,0.8034492714996446,False
N-acetylphenylalanine,0.0009789899095117246,200,0.5074626865671642,0.8034492714996446,False
4-methyl-2-oxopentanoate,0.0009973438795411204,200,0.5074626865671642,0.8034492714996446,False
4-methylhexanoylglutamine,0.0010083808888364965,200,0.5124378109452736,0.8034492714996446,False
1-stearyl-2-linoleoyl-GPC (O-18:0/18:2)*,0.0010445567251819012,200,0.5124378109452736,0.8034492714996446,False
1-myristoyl-2-palmitoyl-GPC (14:0/16:0),0.0010191049770877985,200,0.5124378109452736,0.8034492714996446,False
betaine,0.000929065319666641,200,0.5124378109452736,0.8034492714996446,False
cystathionine,0.000991149227222025,200,0.5124378109452736,0.8034492714996446,False
lanthionine,0.0009337548602983011,200,0.5124378109452736,0.8034492714996446,False
taurodeoxycholic acid 3-sulfate,0.001050476284373752,200,0.5124378109452736,0.8034492714996446,False
palmitoyl sphingomyelin (d18:1/16:0),0.0009372192447730778,200,0.5124378109452736,0.8034492714996446,False
1-palmityl-GPC (O-16:0),0.0009631337145736781,200,0.5124378109452736,0.8034492714996446,False
1-methylhistidine,0.001089266505300205,200,0.5174129353233831,0.8034492714996446,False
1-margaroyl-2-linoleoyl-GPC (17:0/18:2)*,0.000999324093884791,200,0.5174129353233831,0.8034492714996446,False
glycine conjugate of C10H12O2*,0.0009852473431771803,200,0.5174129353233831,0.8034492714996446,False
docosatrienoate (22:3n3),0.0010527681888615132,200,0.5174129353233831,0.8034492714996446,False
N-acetyl-3-methylhistidine*,0.0008662934487743612,200,0.5174129353233831,0.8034492714996446,False
N-acetyl-beta-alanine,0.001099909830916519,200,0.5174129353233831,0.8034492714996446,False
vanillic alcohol sulfate,0.0010654707888792354,200,0.5174129353233831,0.8034492714996446,False
(R)-3-hydroxybutyrylcarnitine,0.0010066100474747045,200,0.5174129353233831,0.8034492714996446,False
taurolithocholate 3-sulfate,0.0009051590861733842,200,0.5223880597014925,0.8034492714996446,False
cholesterol,0.0009399615245599049,200,0.5223880597014925,0.8034492714996446,False
valylleucine,0.0010679715252281763,200,0.5223880597014925,0.8034492714996446,False
1-(1-enyl-palmitoyl)-2-palmitoyl-GPC (P-16:0/16:0)*,0.0009959531119621244,200,0.5223880597014925,0.8034492714996446,False
3-hydroxylaurate,0.0010277340263387144,200,0.5223880597014925,0.8034492714996446,False
11-ketoetiocholanolone glucuronide,0.0009989554619697517,200,0.5223880597014925,0.8034492714996446,False
"phosphatidylcholine (18:0/20:2, 20:0/18:2)*",0.0009893024572224809,200,0.5223880597014925,0.8034492714996446,False
3-hydroxy-2-ethylpropionate,0.0009651456359981969,200,0.5223880597014925,0.8034492714996446,False
2-pyrrolidinone,0.000933728236880096,200,0.5223880597014925,0.8034492714996446,False
N-acetylmethionine,0.0008786864677575864,200,0.5223880597014925,0.8034492714996446,False
N-acetylglucosamine conjugate of C24H40O4 bile acid**,0.0010560774298519777,200,0.5223880597014925,0.8034492714996446,False
urea,0.0009024950084911856,200,0.5223880597014925,0.8034492714996446,False
1-palmitoyl-2-gamma-linolenoyl-GPC (16:0/18:3n6)*,0.0009643665540581926,200,0.5223880597014925,0.8034492714996446,False
adrenoylcarnitine (C22:4)*,0.0010195561285527466,200,0.5223880597014925,0.8034492714996446,False
cholesterol sulfate,0.0009590111768287356,200,0.5223880597014925,0.8034492714996446,False
malonate,0.0009729061198781032,200,0.5223880597014925,0.8034492714996446,False
"N2-acetyl,N6,N6-dimethyllysine",0.0010111006680343499,200,0.5223880597014925,0.8034492714996446,False
"sphingomyelin (d18:1/17:0, d17:1/18:0, d19:1/16:0)",0.0010315070836627107,200,0.5223880597014925,0.8034492714996446,False
dimethylglycine,0.0009220196376889256,200,0.527363184079602,0.8034492714996446,False
1-(1-enyl-stearoyl)-2-oleoyl-GPC (P-18:0/18:1),0.000916630024150159,200,0.527363184079602,0.8034492714996446,False
"1,2-dilinoleoyl-GPE (18:2/18:2)*",0.0010533415247335706,200,0.527363184079602,0.8034492714996446,False
"1,2-dipalmitoyl-GPE (16:0/16:0)*",0.0010542940412905048,200,0.527363184079602,0.8034492714996446,False
16-hydroxypalmitate,0.0009690121306123176,200,0.527363184079602,0.8034492714996446,False
phosphate,0.0009157269678655589,200,0.527363184079602,0.8034492714996446,False
gamma-glutamylleucine,0.0009891626576211641,200,0.527363184079602,0.8034492714996446,False
glycine conjugate of C10H14O2 (1)*,0.000950132457475139,200,0.527363184079602,0.8034492714996446,False
ribose,0.0010416116510291692,200,0.527363184079602,0.8034492714996446,False
"sphingomyelin (d18:1/14:0, d16:1/16:0)*",0.0009849042558909035,200,0.527363184079602,0.8034492714996446,False
1-oleyl-GPC (O-18:1)*,0.0010283414761770029,200,0.527363184079602,0.8034492714996446,False
tetradecadienoate (14:2)*,0.0010012139840117405,200,0.527363184079602,0.8034492714996446,False
malate,0.0009210998266693787,200,0.527363184079602,0.8034492714996446,False
fibrinopeptide B (1-9)**,0.0009720798717229658,200,0.527363184079602,0.8034492714996446,False
1-stearoyl-2-adrenoyl-GPE (18:0/22:4)*,0.0010299915034832695,200,0.527363184079602,0.8034492714996446,False
sebacate (C10-DC),0.001002086541162655,200,0.527363184079602,0.8034492714996446,False
N4-acetylcytidine,0.0009423028237660835,200,0.5323383084577115,0.8034492714996446,False
gentisate,0.0010360013468589733,200,0.5323383084577115,0.8034492714996446,False
3-ureidopropionate,0.0009081314867111039,200,0.5323383084577115,0.8034492714996446,False
glycocholate,0.0010176834564799605,200,0.5323383084577115,0.8034492714996446,False
"5alpha-androstan-3alpha,17beta-diol monosulfate (2)",0.0011115064949506147,200,0.5323383084577115,0.8034492714996446,False
"5,6-dihydrothymine",0.0009935744349839164,200,0.5323383084577115,0.8034492714996446,False
glycocholenate sulfate*,0.0010318816147858703,200,0.5323383084577115,0.8034492714996446,False
2-hydroxyphenylacetate,0.0009940293021956663,200,0.5323383084577115,0.8034492714996446,False
cholic acid glucuronide,0.0009835428930957074,200,0.5323383084577115,0.8034492714996446,False
1-linoleoyl-2-linolenoyl-GPC (18:2/18:3)*,0.0009412924867551391,200,0.5323383084577115,0.8034492714996446,False
taurocholate,0.0009955636197890127,200,0.5323383084577115,0.8034492714996446,False
pipecolate,0.0009256488413109136,200,0.5373134328358209,0.8034492714996446,False
glycosyl-N-palmitoyl-sphingosine (d18:1/16:0),0.0009445980981540078,200,0.5373134328358209,0.8034492714996446,False
allo-threonine,0.0010500759413048645,200,0.5373134328358209,0.8034492714996446,False
tridecenedioate (C13:1-DC)*,0.0009603287984829552,200,0.5373134328358209,0.8034492714996446,False
glutamine conjugate of C6H10O2 (2)*,0.0009887555717185573,200,0.5373134328358209,0.8034492714996446,False
m-tyramine sulfate,0.0010538881283970822,200,0.5373134328358209,0.8034492714996446,False
1-palmitoyl-2-oleoyl-GPI (16:0/18:1)*,0.000987799964403424,200,0.5373134328358209,0.8034492714996446,False
behenoylcarnitine (C22)*,0.0010319300358345867,200,0.5373134328358209,0.8034492714996446,False
1-palmitoyl-GPA (16:0),0.0011598178849055315,200,0.5373134328358209,0.8034492714996446,False
3-hydroxydecanoylcarnitine,0.0009227132174963436,200,0.5373134328358209,0.8034492714996446,False
N1-methyl-4-pyridone-3-carboxamide,0.0009798257457934562,200,0.5373134328358209,0.8034492714996446,False
2-hydroxylaurate,0.000921487290485324,200,0.5373134328358209,0.8034492714996446,False
glycocholate glucuronide (1),0.0010424888016614885,200,0.5422885572139303,0.8034492714996446,False
1-(1-enyl-palmitoyl)-2-arachidonoyl-GPC (P-16:0/20:4)*,0.0009747166856460269,200,0.5422885572139303,0.8034492714996446,False
1-stearoyl-2-linoleoyl-GPI (18:0/18:2),0.0009825086879898237,200,0.5422885572139303,0.8034492714996446,False
4-hydroxyphenylacetoylcarnitine,0.0010014596510651672,200,0.5422885572139303,0.8034492714996446,False
pregnenolone sulfate,0.0009945463376430249,200,0.5422885572139303,0.8034492714996446,False
N-methylhydroxyproline**,0.0009060174251402398,200,0.5422885572139303,0.8034492714996446,False
2-palmitoleoyl-GPC (16:1)*,0.0009472470415189358,200,0.5422885572139303,0.8034492714996446,False
1-stearyl-2-arachidonoyl-GPC (O-18:0/20:4)*,0.0010010656418231831,200,0.5422885572139303,0.8034492714996446,False
palmitoyl-linolenoyl-glycerol (16:0/18:3) [2]*,0.0010926934821371564,200,0.5422885572139303,0.8034492714996446,False
adenosine,0.000991669417602805,200,0.5422885572139303,0.8034492714996446,False
cyclo(leu-pro),0.0010307759594097227,200,0.5422885572139303,0.8034492714996446,False
vanillylmandelate (VMA),0.0009232450677945262,200,0.5422885572139303,0.8034492714996446,False
2-hydroxyglutarate,0.0008388577664738448,200,0.5422885572139303,0.8034492714996446,False
andro steroid monosulfate C19H28O6S (1)*,0.0010451866641080774,200,0.5422885572139303,0.8034492714996446,False
"branched-chain, straight-chain, or cyclopropyl 10:1 fatty acid (1)*",0.001008416002090988,200,0.5422885572139303,0.8034492714996446,False
N-oleoylserine,0.001020405473798908,200,0.5472636815920398,0.8034492714996446,False
guanidinoacetate,0.0009565560051997621,200,0.5472636815920398,0.8034492714996446,False
2-hydroxynervonate*,0.0009836960291607362,200,0.5472636815920398,0.8034492714996446,False
"sphingomyelin (d18:1/22:1, d18:2/22:0, d16:1/24:1)*",0.0009084225173169593,200,0.5472636815920398,0.8034492714996446,False
behenoyl dihydrosphingomyelin (d18:0/22:0)*,0.00104650198782152,200,0.5472636815920398,0.8034492714996446,False
2-methylserine,0.0009224713979606228,200,0.5472636815920398,0.8034492714996446,False
4-hydroxyphenylpyruvate,0.0009248599580303547,200,0.5472636815920398,0.8034492714996446,False
1-stearyl-2-docosapentaenoyl-GPC (O-18:0/22:5n3)*,0.00098016247651856,200,0.5472636815920398,0.8034492714996446,False
2-ketocaprylate,0.0009602214056948693,200,0.5522388059701493,0.8034492714996446,False
butyrylcarnitine (C4),0.000919265958657595,200,0.5522388059701493,0.8034492714996446,False
guanine,0.0010681184937823952,200,0.5522388059701493,0.8034492714996446,False
"sphingomyelin (d18:1/20:2, d18:2/20:1, d16:1/22:2)*",0.0009841163715748526,200,0.5522388059701493,0.8034492714996446,False
ascorbate (vitamin C),0.001103406337840201,200,0.5522388059701493,0.8034492714996446,False
"sphingomyelin (d18:1/20:0, d16:1/22:0)*",0.000953970920018532,200,0.5522388059701493,0.8034492714996446,False
glutamine conjugate of C6H10O2 (1)*,0.0009686488881980247,200,0.5522388059701493,0.8034492714996446,False
N-acetylleucine,0.0010390389624808554,200,0.5522388059701493,0.8034492714996446,False
metabolonic lactone sulfate,0.001002287693316856,200,0.5572139303482587,0.8034492714996446,False
glycolithocholate sulfate*,0.0009617163387682121,200,0.5572139303482587,0.8034492714996446,False
beta-alanine,0.0007721047200270997,200,0.5572139303482587,0.8034492714996446,False
2-hydroxypalmitate,0.000976215544130483,200,0.5572139303482587,0.8034492714996446,False
caproate (6:0),0.0010427201352132783,200,0.5572139303482587,0.8034492714996446,False
(N(1) + N(8))-acetylspermidine,0.0010027582332545312,200,0.5572139303482587,0.8034492714996446,False
1-palmitoyl-2-linoleoyl-GPE (16:0/18:2),0.0009138838917527517,200,0.5572139303482587,0.8034492714996446,False
indoleacetate,0.0009357280008798846,200,0.5621890547263682,0.8034492714996446,False
2-linoleoylglycerol (18:2),0.0009487088453714512,200,0.5621890547263682,0.8034492714996446,False
N-acetylglucosamine/N-acetylgalactosamine,0.001132427342280335,200,0.5621890547263682,0.8034492714996446,False
N-acetylvaline,0.0008843134038008778,200,0.5621890547263682,0.8034492714996446,False
caprylate (8:0),0.0010095542644403095,200,0.5621890547263682,0.8034492714996446,False
"diacylglycerol (12:0/18:1, 14:0/16:1, 16:0/14:1) [2]*",0.000990283177103553,200,0.5621890547263682,0.8034492714996446,False
anthranilate,0.0009943771823075012,200,0.5621890547263682,0.8034492714996446,False
adenine,0.000954371659319748,200,0.5621890547263682,0.8034492714996446,False
dihomo-linolenoylcarnitine (C20:3n3 or 6)*,0.0009579759521054268,200,0.5671641791044776,0.8034492714996446,False
citrate,0.000895684082161599,200,0.5671641791044776,0.8034492714996446,False
1-palmitoleoyl-2-linoleoyl-GPC (16:1/18:2)*,0.0010705942908144264,200,0.5671641791044776,0.8034492714996446,False
spermidine,0.0009335202139118122,200,0.5671641791044776,0.8034492714996446,False
beta-citrylglutamate,0.0009359076313676415,200,0.5671641791044776,0.8034492714996446,False
16alpha-hydroxy DHEA 3-sulfate,0.0009996376236268425,200,0.5671641791044776,0.8034492714996446,False
3beta-hydroxy-5-cholestenoate,0.0009628692978688532,200,0.5671641791044776,0.8034492714996446,False
azelate (C9-DC),0.0009780696022097257,200,0.5671641791044776,0.8034492714996446,False
"sphingomyelin (d18:2/16:0, d18:1/16:1)*",0.0009399633094257583,200,0.572139303482587,0.8034492714996446,False
"androstenediol (3beta,17beta) monosulfate (1)",0.0009604361262843319,200,0.572139303482587,0.8034492714996446,False
methionine,0.0009153287082505332,200,0.572139303482587,0.8034492714996446,False
gamma-glutamylisoleucine*,0.0009845534084865527,200,0.572139303482587,0.8034492714996446,False
glycosyl-N-behenoyl-sphingosine (d18:1/22:0)*,0.0008236616931753571,200,0.572139303482587,0.8034492714996446,False
1-oleyl-2-linoleoyl-GPC (O-18:1/18:2)*,0.0010399028911798165,200,0.572139303482587,0.8034492714996446,False
2-hydroxyoctanoate,0.0009110727039347062,200,0.572139303482587,0.8034492714996446,False
myristoleate (14:1n5),0.0009937194747122735,200,0.572139303482587,0.8034492714996446,False
lignoceroyl sphingomyelin (d18:1/24:0),0.001020264429879278,200,0.572139303482587,0.8034492714996446,False
O-acetylhomoserine,0.0009428919047610068,200,0.572139303482587,0.8034492714996446,False
"bilirubin (E,Z or Z,E)*",0.0010221081430839564,200,0.572139303482587,0.8034492714996446,False
"sphingomyelin (d18:0/20:0, d16:0/22:0)*",0.0010075198037535083,200,0.5771144278606966,0.8034492714996446,False
1-stearoyl-2-dihomo-linolenoyl-GPC (18:0/20:3n3 or 6)*,0.0010132938849391113,200,0.5771144278606966,0.8034492714996446,False
eicosanedioate (C20-DC),0.0009589959623038822,200,0.5771144278606966,0.8034492714996446,False
palmitoyl-sphingosine-phosphoethanolamine (d18:1/16:0),0.0008884733592847032,200,0.5771144278606966,0.8034492714996446,False
uracil,0.0008511972443602767,200,0.5771144278606966,0.8034492714996446,False
dehydroepiandrosterone sulfate (DHEA-S),0.0009699759217253941,200,0.5771144278606966,0.8034492714996446,False
2-hydroxydecanoate,0.0009395301472400154,200,0.5771144278606966,0.8034492714996446,False
tryptophan,0.0009807313012388345,200,0.5771144278606966,0.8034492714996446,False
myristoyl-linoleoyl-glycerol (14:0/18:2) [1]*,0.001091514314473362,200,0.5771144278606966,0.8034492714996446,False
cysteinylglycine,0.0008974514558925447,200,0.582089552238806,0.8034492714996446,False
"3,4-dihydroxybutyrate",0.0009536982280664132,200,0.582089552238806,0.8034492714996446,False
S-1-pyrroline-5-carboxylate,0.0008356291385204799,200,0.582089552238806,0.8034492714996446,False
lithocholate sulfate (1),0.0009776848123257548,200,0.582089552238806,0.8034492714996446,False
1-arachidonoyl-GPA (20:4),0.0010491374861249325,200,0.582089552238806,0.8034492714996446,False
1-arachidoyl-GPC (20:0),0.001019092664229396,200,0.582089552238806,0.8034492714996446,False
glycerol 3-phosphate,0.0009033984334221361,200,0.582089552238806,0.8034492714996446,False
dihomo-linolenate (20:3n3 or n6),0.00095123300687511,200,0.5870646766169154,0.8034492714996446,False
1-methylhistamine,0.0010455521897662766,200,0.5870646766169154,0.8034492714996446,False
1-stearoyl-2-meadoyl-GPC (18:0/20:3n9)*,0.0009923366927253748,200,0.5870646766169154,0.8034492714996446,False
palmitoyl-oleoyl-glycerol (16:0/18:1) [2]*,0.0010329929319530286,200,0.5870646766169154,0.8034492714996446,False
taurochenodeoxycholate,0.0009531675712398322,200,0.5870646766169154,0.8034492714996446,False
myristoleoylcarnitine (C14:1)*,0.000970720593909567,200,0.5870646766169154,0.8034492714996446,False
phosphoethanolamine,0.0010276689057520944,200,0.5870646766169154,0.8034492714996446,False
pregnenediol sulfate (C21H34O5S)*,0.0009639001147205188,200,0.5870646766169154,0.8034492714996446,False
sucrose,0.000964230520343005,200,0.5870646766169154,0.8034492714996446,False
glyco-beta-muricholate**,0.0009982485519872562,200,0.5920398009950248,0.8034492714996446,False
docosapentaenoate (n3 DPA; 22:5n3),0.0009616570066136418,200,0.5920398009950248,0.8034492714996446,False
3beta-hydroxy-5-cholenoate,0.000976011486850093,200,0.5920398009950248,0.8034492714996446,False
1-methylnicotinamide,0.0008854029790302683,200,0.5920398009950248,0.8034492714996446,False
3-aminoisobutyrate,0.0008844640046008722,200,0.5920398009950248,0.8034492714996446,False
3-(4-hydroxyphenyl)lactate,0.0010456644449249831,200,0.5920398009950248,0.8034492714996446,False
"bilirubin degradation product, C16H18N2O5 (3)**",0.0010092989616068786,200,0.5920398009950248,0.8034492714996446,False
2-amino-4-cyanobutanoate,0.0009478232308475383,200,0.5920398009950248,0.8034492714996446,False
carotene diol (3),0.0008856199732744858,200,0.5920398009950248,0.8034492714996446,False
"5alpha-androstan-3alpha,17beta-diol 17-glucuronide",0.0011345473580522893,200,0.5920398009950248,0.8034492714996446,False
butyrate/isobutyrate (4:0),0.000949103767770546,200,0.5970149253731343,0.8034492714996446,False
"cis-3,4-methyleneheptanoate",0.0009759535795069172,200,0.5970149253731343,0.8034492714996446,False
urate,0.0009046522528717286,200,0.5970149253731343,0.8034492714996446,False
glycosyl-N-(2-hydroxynervonoyl)-sphingosine (d18:1/24:1(2OH))*,0.0010053781167318708,200,0.5970149253731343,0.8034492714996446,False
deoxycholate,0.0009519766253333462,200,0.5970149253731343,0.8034492714996446,False
1-palmityl-2-arachidonoyl-GPC (O-16:0/20:4)*,0.0010046861204767205,200,0.6019900497512438,0.8034492714996446,False
creatinine,0.0008385470832056874,200,0.6019900497512438,0.8034492714996446,False
cis-4-decenoate (10:1n6)*,0.0010046781808811373,200,0.6019900497512438,0.8034492714996446,False
indoleacetylglutamine,0.0009787242590172242,200,0.6019900497512438,0.8034492714996446,False
"fibrinopeptide A, phosphono-ser(3)*",0.0011056357860598108,200,0.6019900497512438,0.8034492714996446,False
1-dihomo-linoleoyl-GPC (20:2)*,0.0009976468304820913,200,0.6019900497512438,0.8034492714996446,False
3-methyl-2-oxobutyrate,0.0009134228813574045,200,0.6069651741293532,0.8034492714996446,False
acetylcarnitine (C2),0.0008630896979962536,200,0.6069651741293532,0.8034492714996446,False
hexadecadienoate (16:2n6),0.0009966928776656897,200,0.6069651741293532,0.8034492714996446,False
undecanedioate (C11-DC),0.0009737900076175873,200,0.6069651741293532,0.8034492714996446,False
1-lignoceroyl-GPC (24:0),0.0009565865196750647,200,0.6069651741293532,0.8034492714996446,False
5-dodecenoate (12:1n7),0.0010342729396853878,200,0.6119402985074627,0.8034492714996446,False
palmitoyl-oleoyl-glycerol (16:0/18:1) [1]*,0.0010498856292457791,200,0.6119402985074627,0.8034492714996446,False
1-palmitoyl-2-(hydroxylinoleoyl)-GPC (16:0/18:2(OH))*,0.0009610127864394356,200,0.6119402985074627,0.8034492714996446,False
choline phosphate,0.0009578761941750847,200,0.6119402985074627,0.8034492714996446,False
chiro-inositol,0.0005689561307196496,200,0.6169154228855721,0.8034492714996446,False
thyroxine,0.000852632705309225,200,0.6169154228855721,0.8034492714996446,False
lithocholic acid sulfate (2),0.0008843121120271963,200,0.6169154228855721,0.8034492714996446,False
N-acetyl-2-aminooctanoate*,0.0010047378122554724,200,0.6169154228855721,0.8034492714996446,False
"bilirubin degradation product, C17H20N2O5 (1)**",0.0010173692550312621,200,0.6169154228855721,0.8034492714996446,False
lactosyl-N-palmitoyl-sphingosine (d18:1/16:0),0.0009642161580287752,200,0.6169154228855721,0.8034492714996446,False
oleoylcarnitine (C18:1),0.0009310477962870819,200,0.6169154228855721,0.8034492714996446,False
docosapentaenoate (n6 DPA; 22:5n6),0.0009816250366695826,200,0.6169154228855721,0.8034492714996446,False
4-cholesten-3-one,0.0009267160170417467,200,0.6169154228855721,0.8034492714996446,False
glycerophosphoglycerol,0.0009627055352087905,200,0.6169154228855721,0.8034492714996446,False
N-acetylproline,0.000996163771531786,200,0.6169154228855721,0.8034492714996446,False
1-palmitoyl-2-palmitoleoyl-GPE (16:0/16:1)*,0.0009610450802057506,200,0.6218905472636815,0.8034492714996446,False
1-palmitoyl-2-oleoyl-GPC (16:0/18:1),0.0009613428067320664,200,0.6218905472636815,0.8034492714996446,False
isocitrate,0.0010414861370838966,200,0.6218905472636815,0.8034492714996446,False
3-methyl-2-oxovalerate,0.0010061684533407738,200,0.6218905472636815,0.8034492714996446,False
4-imidazoleacetate,0.0009879341907340182,200,0.6218905472636815,0.8034492714996446,False
palmitoyl-linoleoyl-glycerol (16:0/18:2) [1]*,0.00098838244868996,200,0.6218905472636815,0.8034492714996446,False
beta-hydroxyisovaleroylcarnitine,0.0010553468114011917,200,0.6218905472636815,0.8034492714996446,False
"sphingomyelin (d18:2/24:1, d18:1/24:2)*",0.0009420953709551373,200,0.6218905472636815,0.8034492714996446,False
"sphingomyelin (d18:1/24:1, d18:2/24:0)*",0.0009209039026059245,200,0.6218905472636815,0.8034492714996446,False
1-oleoyl-2-linoleoyl-GPE (18:1/18:2)*,0.0009077347736274128,200,0.6218905472636815,0.8034492714996446,False
fibrinopeptide B (1-13)**,0.0009533921161729357,200,0.6218905472636815,0.8034492714996446,False
1-palmitoleoyl-GPC (16:1)*,0.000895283140652541,200,0.6218905472636815,0.8034492714996446,False
3-hydroxyoctanoylcarnitine (2),0.0010109423308241894,200,0.6218905472636815,0.8034492714996446,False
erucate (22:1n9),0.0009947159581302266,200,0.6218905472636815,0.8034492714996446,False
glycolithocholate,0.0009808789777129118,200,0.6218905472636815,0.8034492714996446,False
4-oxo-retinoic acid,0.0009496650687823414,200,0.6268656716417911,0.8034492714996446,False
1-(1-enyl-stearoyl)-2-linoleoyl-GPE (P-18:0/18:2)*,0.0009829649661496046,200,0.6268656716417911,0.8034492714996446,False
behenoyl sphingomyelin (d18:1/22:0)*,0.00095954285264445,200,0.6268656716417911,0.8034492714996446,False
dihomo-linoleoylcarnitine (C20:2)*,0.0009445460565828382,200,0.6268656716417911,0.8034492714996446,False
linolenoylcarnitine (C18:3)*,0.0009791631901747578,200,0.6268656716417911,0.8034492714996446,False
"sphingomyelin (d18:2/14:0, d18:1/14:1)*",0.0009578512724509521,200,0.6268656716417911,0.8034492714996446,False
linoleoyl-arachidonoyl-glycerol (18:2/20:4) [2]*,0.0009622449567405762,200,0.6268656716417911,0.8034492714996446,False
heneicosapentaenoate (21:5n3),0.0008619859238072991,200,0.6268656716417911,0.8034492714996446,False
"cis-3,4-methyleneheptanoylglycine",0.0009061648249834263,200,0.6268656716417911,0.8034492714996446,False
carnitine of C10H14O2 (5)*,0.0009749539517123351,200,0.6318407960199005,0.8034492714996446,False
methionine sulfone,0.0008946508926664064,200,0.6318407960199005,0.8034492714996446,False
arachidonoylcarnitine (C20:4),0.0008886413818390227,200,0.6318407960199005,0.8034492714996446,False
glycerol,0.0009276044222922407,200,0.6318407960199005,0.8034492714996446,False
linolenate [alpha or gamma; (18:3n3 or 6)],0.0009465927483496962,200,0.6318407960199005,0.8034492714996446,False
hypotaurine,0.0009288306494226833,200,0.6318407960199005,0.8034492714996446,False
myristoyl dihydrosphingomyelin (d18:0/14:0)*,0.0009307872025042994,200,0.6318407960199005,0.8034492714996446,False
2-docosahexaenoyl-GPE (22:6)*,0.0010672065424602493,200,0.6318407960199005,0.8034492714996446,False
stearoyl-arachidonoyl-glycerol (18:0/20:4) [2]*,0.0009198107405943538,200,0.6368159203980099,0.8034492714996446,False
10-undecenoate (11:1n1),0.0009150166313786648,200,0.6368159203980099,0.8034492714996446,False
cysteine,0.0009012993110839064,200,0.6368159203980099,0.8034492714996446,False
N-palmitoylglycine,0.0010140272552502554,200,0.6368159203980099,0.8034492714996446,False
cortisone,0.0008430613807714059,200,0.6368159203980099,0.8034492714996446,False
arginine,0.00091931703337446,200,0.6417910447761194,0.8034492714996446,False
1-linoleoyl-GPG (18:2)*,0.0009865651617525367,200,0.6417910447761194,0.8034492714996446,False
isovalerylcarnitine (C5),0.0009402195986502733,200,0.6417910447761194,0.8034492714996446,False
"sphingomyelin (d18:1/18:1, d18:2/18:0)",0.0009019768410035177,200,0.6417910447761194,0.8034492714996446,False
creatine,0.0009410132386810657,200,0.6417910447761194,0.8034492714996446,False
deoxycarnitine,0.0008955120304441318,200,0.6417910447761194,0.8034492714996446,False
pantothenate,0.0008935673029632486,200,0.6417910447761194,0.8034492714996446,False
"bilirubin degradation product, C16H18N2O5 (1)**",0.0010287250992059242,200,0.6417910447761194,0.8034492714996446,False
5-methyluridine (ribothymidine),0.0005390215533134675,200,0.6467661691542289,0.8034492714996446,False
N1-methyl-2-pyridone-5-carboxamide,0.0008963247994926695,200,0.6467661691542289,0.8034492714996446,False
indolebutyrate,0.0010200022792156236,200,0.6467661691542289,0.8034492714996446,False
valine,0.0009582186050543991,200,0.6467661691542289,0.8034492714996446,False
uridine,0.0008841304036707653,200,0.6517412935323383,0.8034492714996446,False
2-hydroxybehenate,0.000990592483245131,200,0.6517412935323383,0.8034492714996446,False
hydroxy-CMPF*,0.00096748660445702,200,0.6517412935323383,0.8034492714996446,False
21-hydroxypregnenolone disulfate,0.0009470990696897965,200,0.6517412935323383,0.8034492714996446,False
5-hydroxydecanoate,0.0009139734027256956,200,0.6517412935323383,0.8034492714996446,False
fibrinopeptide B (1-12)**,0.0009377732702220152,200,0.6517412935323383,0.8034492714996446,False
palmitoylcarnitine (C16),0.0009340723631430562,200,0.6517412935323383,0.8034492714996446,False
homovanillate (HVA),0.0007977813277482654,200,0.6517412935323383,0.8034492714996446,False
mannose,0.0008535990479408805,200,0.6567164179104478,0.8034492714996446,False
1-dihomo-linolenoyl-GPC (20:3n3 or 6)*,0.000992026038122126,200,0.6567164179104478,0.8034492714996446,False
methylsuccinate,0.000844065131047479,200,0.6567164179104478,0.8034492714996446,False
glycerophosphoinositol*,0.0008640886928704357,200,0.6567164179104478,0.8034492714996446,False
"N2-acetyl,N6-methyllysine",0.0010035064919264307,200,0.6567164179104478,0.8034492714996446,False
"sphingomyelin (d18:0/18:0, d19:0/17:0)*",0.0010238439303456612,200,0.6567164179104478,0.8034492714996446,False
guanosine,0.0010005465121830145,200,0.6616915422885572,0.8034492714996446,False
palmitate (16:0),0.0009939153046277227,200,0.6616915422885572,0.8034492714996446,False
cytosine,0.000916737999392498,200,0.6616915422885572,0.8034492714996446,False
stearoyl ethanolamide,0.0009135307616532989,200,0.6616915422885572,0.8034492714996446,False
1-palmitoyl-2-dihomo-linolenoyl-GPC (16:0/20:3n3 or 6)*,0.0009562517258173995,200,0.6616915422885572,0.8034492714996446,False
stearoyl sphingomyelin (d18:1/18:0),0.0009733013717093094,200,0.6616915422885572,0.8034492714996446,False
7-methylguanine,0.0009229275706888695,200,0.6616915422885572,0.8034492714996446,False
"cis-3,4-methyleneheptanoylcarnitine",0.0008905614533518419,200,0.6666666666666666,0.8034492714996446,False
guanidinosuccinate,0.000867553452364981,200,0.6666666666666666,0.8034492714996446,False
1-palmitoleoyl-GPI (16:1)*,0.0010183670544127246,200,0.6716417910447762,0.8034492714996446,False
hydroxy-undecanedioate (OH-C11:0-DC)*,0.0009634760612121683,200,0.6716417910447762,0.8034492714996446,False
myristate (14:0),0.0009505197405789942,200,0.6716417910447762,0.8034492714996446,False
glycodeoxycholate,0.0009142074942210196,200,0.6716417910447762,0.8034492714996446,False
hydroxyasparagine**,0.0008721174763237816,200,0.6716417910447762,0.8034492714996446,False
5-dodecenoylcarnitine (C12:1),0.0009448297313227679,200,0.6716417910447762,0.8034492714996446,False
2-aminoheptanoate,0.0009545757442520384,200,0.6716417910447762,0.8034492714996446,False
pregnenediol disulfate (C21H34O8S2)*,0.0009330219437181381,200,0.6766169154228856,0.8034492714996446,False
palmitoyl-arachidonoyl-glycerol (16:0/20:4) [1]*,0.0009695221111547404,200,0.6766169154228856,0.8034492714996446,False
3-hydroxyoleate*,0.0010128729981533466,200,0.6766169154228856,0.8034492714996446,False
glycerophosphoserine*,0.0008224657376088381,200,0.6766169154228856,0.8034492714996446,False
2-aminooctanoate,0.000975075207459206,200,0.6766169154228856,0.8034492714996446,False
1-(1-enyl-stearoyl)-2-oleoyl-GPE (P-18:0/18:1),0.0009357506007760491,200,0.6766169154228856,0.8034492714996446,False
"N6,N6-dimethyllysine",0.0010040543077058754,200,0.6766169154228856,0.8034492714996446,False
fibrinopeptide A (7-16)*,0.0008212857675791109,200,0.6766169154228856,0.8034492714996446,False
10-nonadecenoate (19:1n9),0.000977597920673353,200,0.6766169154228856,0.8034492714996446,False
N-acetylasparagine,0.0010302471676427298,200,0.681592039800995,0.8034492714996446,False
hexadecanedioate (C16-DC),0.0010316551355249903,200,0.681592039800995,0.8034492714996446,False
3-hydroxy-3-methylglutarate,0.0008643819374616113,200,0.681592039800995,0.8034492714996446,False
"3beta,7alpha-dihydroxy-5-cholestenoate",0.0009221086260293019,200,0.681592039800995,0.8034492714996446,False
pyruvate,0.0008849294409002141,200,0.681592039800995,0.8034492714996446,False
"5alpha-androstan-3alpha,17beta-diol monosulfate (1)",0.001062959767742388,200,0.681592039800995,0.8034492714996446,False
1-palmityl-2-stearoyl-GPC (O-16:0/18:0)*,0.0009212105084763995,200,0.6865671641791045,0.8034492714996446,False
arachidate (20:0),0.0009239328561231794,200,0.6865671641791045,0.8034492714996446,False
3-hydroxyhexanoylcarnitine (1),0.001028105965006924,200,0.6865671641791045,0.8034492714996446,False
"ceramide (d16:1/24:1, d18:1/22:1)*",0.0009876445661649493,200,0.6865671641791045,0.8034492714996446,False
N6-carbamoylthreonyladenosine,0.0007356979327752521,200,0.6865671641791045,0.8034492714996446,False
N-acetylarginine,0.0009585927759491838,200,0.6865671641791045,0.8034492714996446,False
ursodeoxycholate,0.0009940694810644266,200,0.6865671641791045,0.8034492714996446,False
"bilirubin degradation product, C17H20N2O5 (2)**",0.0010072143994132874,200,0.6865671641791045,0.8034492714996446,False
"androstenediol (3beta,17beta) disulfate (1)",0.0008984617477901987,200,0.6865671641791045,0.8034492714996446,False
serine,0.000761102582243128,200,0.6865671641791045,0.8034492714996446,False
androsterone sulfate,0.000856944494584784,200,0.6915422885572139,0.8034492714996446,False
"androstenediol (3beta,17beta) monosulfate (2)",0.0009466924275917159,200,0.6915422885572139,0.8034492714996446,False
pregnenetriol disulfate*,0.0008618883364566642,200,0.6915422885572139,0.8034492714996446,False
pregnanediol-3-glucuronide,0.0009043627135491203,200,0.6915422885572139,0.8034492714996446,False
gamma-glutamyl-2-aminobutyrate,0.0010089770883889046,200,0.6915422885572139,0.8034492714996446,False
cis-4-decenoylcarnitine (C10:1),0.0009363159728048985,200,0.6915422885572139,0.8034492714996446,False
ursocholate,0.0006035857878482983,200,0.6915422885572139,0.8034492714996446,False
1-(1-enyl-stearoyl)-2-linoleoyl-GPC (P-18:0/18:2)*,0.001021637037398606,200,0.6915422885572139,0.8034492714996446,False
androsterone glucuronide,0.0007874317225472817,200,0.6915422885572139,0.8034492714996446,False
carnitine,0.0009304965463565102,200,0.6915422885572139,0.8034492714996446,False
gamma-glutamylglutamate,0.0008393534194998942,200,0.6965174129353234,0.8034492714996446,False
tetradecanedioate (C14-DC),0.000978740138264242,200,0.6965174129353234,0.8034492714996446,False
etiocholanolone glucuronide,0.0009199937067396165,200,0.6965174129353234,0.8034492714996446,False
3-hydroxyhexanoate,0.0009194612508571018,200,0.6965174129353234,0.8034492714996446,False
myristoylcarnitine (C14),0.0009546132646827951,200,0.6965174129353234,0.8034492714996446,False
xanthine,0.0009130960434442713,200,0.6965174129353234,0.8034492714996446,False
1-oleoylglycerol (18:1),0.0009376722884283612,200,0.7014925373134329,0.8034492714996446,False
linoleoyl-linoleoyl-glycerol (18:2/18:2) [2]*,0.0009636386010427108,200,0.7014925373134329,0.8034492714996446,False
fibrinopeptide A (2-15)**,0.000799894264108122,200,0.7014925373134329,0.8034492714996446,False
palmitoyl-linoleoyl-glycerol (16:0/18:2) [2]*,0.0010165046818091392,200,0.7014925373134329,0.8034492714996446,False
2-hydroxybutyrate/2-hydroxyisobutyrate,0.0009648998718622559,200,0.7014925373134329,0.8034492714996446,False
pregnenetriol sulfate*,0.0008800957037253975,200,0.7014925373134329,0.8034492714996446,False
1-linoleoyl-GPA (18:2)*,0.001022994853002992,200,0.7014925373134329,0.8034492714996446,False
7alpha-hydroxy-3-oxo-4-cholestenoate (7-Hoca),0.0009299420607920949,200,0.7014925373134329,0.8034492714996446,False
palmitoleoylcarnitine (C16:1)*,0.0009089945208628249,200,0.7014925373134329,0.8034492714996446,False
1-dihomo-linolenoyl-GPE (20:3n3 or 6)*,0.0010208504154797316,200,0.7064676616915423,0.8034492714996446,False
(14 or 15)-methylpalmitate (a17:0 or i17:0),0.0008983340583005263,200,0.7064676616915423,0.8034492714996446,False
fibrinopeptide A (5-16)*,0.0008465743929293415,200,0.7064676616915423,0.8034492714996446,False
"branched-chain, straight-chain, or cyclopropyl 12:1 fatty acid*",0.0009914398091299748,200,0.7064676616915423,0.8034492714996446,False
docosadioate (C22-DC),0.0008964917779162696,200,0.7064676616915423,0.8034492714996446,False
taurocholenate sulfate*,0.0009179493872813624,200,0.7064676616915423,0.8034492714996446,False
phenylpyruvate,0.0009679611939912361,200,0.7064676616915423,0.8034492714996446,False
palmitoleoyl-linoleoyl-glycerol (16:1/18:2) [1]*,0.0009860017402099014,200,0.7064676616915423,0.8034492714996446,False
linoleoyl-linoleoyl-glycerol (18:2/18:2) [1]*,0.0009603691141351049,200,0.7064676616915423,0.8034492714996446,False
inosine,0.0009756145251984998,200,0.7114427860696517,0.8064073403837321,False
leukotriene B5,0.0009173787353211136,200,0.7114427860696517,0.8064073403837321,False
palmitoleate (16:1n7),0.000993287072467985,200,0.7114427860696517,0.8064073403837321,False
sphingosine,0.0008643431882211617,200,0.7164179104477612,0.8109236191187695,False
fibrinopeptide A (4-15)**,0.0008386973941612325,200,0.7213930348258707,0.8109236191187695,False
isoleucylhydroxyproline*,0.0008969339649472551,200,0.7213930348258707,0.8109236191187695,False
epiandrosterone sulfate,0.0008757229282191725,200,0.7213930348258707,0.8109236191187695,False
hydroxypalmitoyl sphingomyelin (d18:1/16:0(OH))**,0.0009415572860883727,200,0.7263681592039801,0.8109236191187695,False
heme,0.0008112517755389728,200,0.7263681592039801,0.8109236191187695,False
margarate (17:0),0.0009247926691213218,200,0.7263681592039801,0.8109236191187695,False
2-hydroxystearate,0.0008741968275573962,200,0.7263681592039801,0.8109236191187695,False
beta-cryptoxanthin,0.0008400069719035104,200,0.7263681592039801,0.8109236191187695,False
"androstenediol (3beta,17beta) disulfate (2)",0.0008937799430627959,200,0.7263681592039801,0.8109236191187695,False
eicosenedioate (C20:1-DC)*,0.0009396928792453248,200,0.7263681592039801,0.8109236191187695,False
lysine,0.0009799633406677906,200,0.7263681592039801,0.8109236191187695,False
N6-methyllysine,0.0009758764408585382,200,0.7263681592039801,0.8109236191187695,False
"N,N-dimethylalanine",0.0009960740467452628,200,0.7313432835820896,0.8109236191187695,False
dihomo-linoleate (20:2n6),0.0009260200361276888,200,0.7313432835820896,0.8109236191187695,False
S-methylmethionine,0.0009533338520439556,200,0.7313432835820896,0.8109236191187695,False
nonadecanoate (19:0),0.0008946689093546062,200,0.7313432835820896,0.8109236191187695,False
1-(1-enyl-stearoyl)-2-docosapentaenoyl-GPE (P-18:0/22:5n3)*,0.0009517915581212106,200,0.7313432835820896,0.8109236191187695,False
undecanoate (11:0),0.0009940607131469562,200,0.7313432835820896,0.8109236191187695,False
stearidonate (18:4n3),0.00095510590432647,200,0.7313432835820896,0.8109236191187695,False
leucylalanine,0.000949271385114999,200,0.736318407960199,0.8122345262932648,False
alpha-ketoglutarate,0.00088218626266046,200,0.736318407960199,0.8122345262932648,False
1-palmityl-2-linoleoyl-GPC (O-16:0/18:2)*,0.0009357217350925402,200,0.736318407960199,0.8122345262932648,False
homocitrulline,0.0008286236910977216,200,0.736318407960199,0.8122345262932648,False
9-hydroxystearate,0.0009699448016598079,200,0.7412935323383084,0.8122345262932648,False
serotonin,0.0008473264475857257,200,0.7412935323383084,0.8122345262932648,False
alpha-ketobutyrate,0.0009645110048005269,200,0.7412935323383084,0.8122345262932648,False
3-hydroxystearate,0.0008618659305610663,200,0.7412935323383084,0.8122345262932648,False
glycerophosphorylcholine (GPC),0.0009767486817296922,200,0.7412935323383084,0.8122345262932648,False
oleate/vaccenate (18:1),0.0009479886370837166,200,0.7412935323383084,0.8122345262932648,False
hexanoylglutamine,0.0009747719794383392,200,0.7412935323383084,0.8122345262932648,False
1-linoleoylglycerol (18:2),0.0009186700914692446,200,0.746268656716418,0.8159310742425213,False
10-heptadecenoate (17:1n7),0.000968889195336971,200,0.746268656716418,0.8159310742425213,False
"fibrinopeptide A, des-ala(1)*",0.0008672395271763599,200,0.7512437810945274,0.8161166449203874,False
docosadienoate (22:2n6),0.0009193582164843619,200,0.7512437810945274,0.8161166449203874,False
stearate (18:0),0.0009058334529463703,200,0.7512437810945274,0.8161166449203874,False
"bilirubin (Z,Z)",0.0009516069292592513,200,0.7512437810945274,0.8161166449203874,False
L-urobilin,0.0010390751180718767,200,0.7512437810945274,0.8161166449203874,False
cysteinylglycine disulfide*,0.0010158417315602108,200,0.7512437810945274,0.8161166449203874,False
N-acetylcarnosine,0.0009732149309382078,200,0.7562189054726368,0.8171654980664018,False
palmitoyl dihydrosphingomyelin (d18:0/16:0)*,0.0009093619094604273,200,0.7562189054726368,0.8171654980664018,False
3-hydroxyoctanoylcarnitine (1),0.0009000846209740392,200,0.7562189054726368,0.8171654980664018,False
oleamide,0.0009229795717383612,200,0.7562189054726368,0.8171654980664018,False
"bilirubin degradation product, C17H18N2O4 (2)**",0.0009918093739288896,200,0.7562189054726368,0.8171654980664018,False
lactate,0.0008378894714837098,200,0.7611940298507462,0.8212519954743417,False
N-stearoyltaurine,0.0009920340463466335,200,0.7661691542288557,0.8212519954743417,False
1-stearoyl-2-oleoyl-GPS (18:0/18:1),0.0009613397937322254,200,0.7661691542288557,0.8212519954743417,False
oleoyl-linoleoyl-glycerol (18:1/18:2) [2],0.0009162474716246876,200,0.7661691542288557,0.8212519954743417,False
"sphingomyelin (d18:1/22:2, d18:2/22:1, d16:1/24:2)*",0.0009414046118309227,200,0.7711442786069652,0.8212519954743417,False
taurodeoxycholate,0.0009358297267634839,200,0.7711442786069652,0.8212519954743417,False
arachidonate (20:4n6),0.000938979110516216,200,0.7711442786069652,0.8212519954743417,False
12-HETE,0.0008752303803886118,200,0.7711442786069652,0.8212519954743417,False
histidine,0.0009739867627749674,200,0.7711442786069652,0.8212519954743417,False
homoarginine,0.0008585737524057993,200,0.7711442786069652,0.8212519954743417,False
"bilirubin degradation product, C16H18N2O5 (4)**",0.0010211771326983966,200,0.7711442786069652,0.8212519954743417,False
heptenedioate (C7:1-DC)*,0.0009205833252621457,200,0.7761194029850746,0.8212519954743417,False
oleoyl-linoleoyl-glycerol (18:1/18:2) [1],0.0009292877623942903,200,0.7761194029850746,0.8212519954743417,False
3-sulfo-alanine,0.0009961623567248544,200,0.7761194029850746,0.8212519954743417,False
glutamine conjugate of C7H12O2*,0.0009753048243318368,200,0.7761194029850746,0.8212519954743417,False
alpha-hydroxyisocaproate,0.0008681773624077345,200,0.7761194029850746,0.8212519954743417,False
"androstenediol (3alpha, 17alpha) monosulfate (3)",0.0010014202399560796,200,0.7761194029850746,0.8212519954743417,False
1-palmitoyl-2-linoleoyl-GPI (16:0/18:2),0.001003231771017434,200,0.7761194029850746,0.8212519954743417,False
glycochenodeoxycholate 3-sulfate,0.0008345553892186628,200,0.7761194029850746,0.8212519954743417,False
fibrinopeptide B (1-11)**,0.0008100107314000278,200,0.7761194029850746,0.8212519954743417,False
"androstenediol (3alpha, 17alpha) monosulfate (2)",0.0009160976532175914,200,0.7810945273631841,0.8256590491525774,False
1-(1-enyl-palmitoyl)-2-linoleoyl-GPE (P-16:0/18:2)*,0.0009441027151355897,200,0.7860696517412935,0.8266305212841879,False
2'-deoxyuridine,0.0008583390801755159,200,0.7860696517412935,0.8266305212841879,False
trans-4-hydroxyproline,0.0008118676160979316,200,0.7860696517412935,0.8266305212841879,False
8-hydroxyoctanoate,0.0008493295719132581,200,0.7860696517412935,0.8266305212841879,False
sphingomyelin (d18:2/23:1)*,0.000964730299658871,200,0.7860696517412935,0.8266305212841879,False
N-acetylglycine,0.0008483681621915706,200,0.7910447761194029,0.8310047699646099,False
1-(1-enyl-palmitoyl)-2-oleoyl-GPE (P-16:0/18:1)*,0.0009124582096406335,200,0.7960199004975125,0.834510574698524,False
fibrinopeptide A*,0.0008887322012632017,200,0.7960199004975125,0.834510574698524,False
fibrinopeptide A (3-16)**,0.0008539158122427886,200,0.8009950248756219,0.8371424926648807,False
isoleucine,0.0009648049645368435,200,0.8009950248756219,0.8371424926648807,False
cystine,0.0008194547530241472,200,0.8009950248756219,0.8371424926648807,False
3-hydroxyisobutyrate,0.0007785196113671489,200,0.8059701492537313,0.8414790800097872,False
1-(1-enyl-palmitoyl)-2-linoleoyl-GPC (P-16:0/18:2)*,0.000948327021931428,200,0.8109452736318408,0.8458067900008657,False
(16 or 17)-methylstearate (a19:0 or i19:0),0.0009358218701320261,200,0.8159203980099502,0.8501256498692631,False
3-hydroxyoleoylcarnitine,0.000923399809328471,200,0.8208955223880597,0.8526937179545697,False
17alpha-hydroxypregnanolone glucuronide,0.0009713325694970644,200,0.8208955223880597,0.8526937179545697,False
fibrinopeptide A (8-16)**,0.0008494600326301568,200,0.8208955223880597,0.8526937179545697,False
3-hydroxydecanoate,0.0008313150523417932,200,0.8258706467661692,0.8552461270881365,False
leucine,0.0009469023100980337,200,0.8258706467661692,0.8552461270881365,False
2'-O-methylcytidine,0.0009093506050667346,200,0.8258706467661692,0.8552461270881365,False
biliverdin,0.0007979913139256798,200,0.8308457711442786,0.8595247114680405,False
15-HETE,0.0009143417868784944,200,0.835820895522388,0.8637946171778026,False
"bilirubin (E,E)*",0.0008872901959741042,200,0.8407960199004975,0.8680558705963596,False
2-hydroxymyristate,0.0009158681814010675,200,0.845771144278607,0.8705462586059601,False
imidazole lactate,0.0009908633444296,200,0.845771144278607,0.8705462586059601,False
"5alpha-androstan-3beta,17beta-diol disulfate",0.0008688991616152103,200,0.845771144278607,0.8705462586059601,False
N-oleoyltaurine,0.0009585106839336843,200,0.8507462686567164,0.8747834992544844,False
eicosenoate (20:1),0.0009068760230299366,200,0.8557213930348259,0.8790121970791205,False
N-stearoyl-sphinganine (d18:0/18:0)*,0.0009323229000253108,200,0.8606965174129353,0.8823438141285525,False
gamma-glutamylcitrulline*,0.0010030385653696857,200,0.8606965174129353,0.8823438141285525,False
pentadecanoate (15:0),0.0008902621703893561,200,0.8656716417910447,0.8847737241575472,False
tetrahydrocortisol glucuronide,0.0008748268172809337,200,0.8656716417910447,0.8847737241575472,False
"bilirubin degradation product, C17H18N2O4 (3)**",0.0009442104607053785,200,0.8656716417910447,0.8847737241575472,False
indoleacetoylcarnitine*,0.000914174895929648,200,0.8706467661691543,0.8880771318582265,False
palmitoyl-arachidonoyl-glycerol (16:0/20:4) [2]*,0.0009608563247835324,200,0.8706467661691543,0.8880771318582265,False
adrenate (22:4n6),0.0009144931113148749,200,0.8756218905472637,0.8922587064676617,False
linoleate (18:2n6),0.0009059596661719993,200,0.8805970149253731,0.8964319262826725,False
"cys-gly, oxidized",0.0009005181269270488,200,0.8855721393034826,0.9005968163176135,False
"bilirubin degradation product, C16H18N2O5 (2)**",0.0009437382813376055,200,0.8905472636815921,0.9047534014870812,False
3-hydroxybutyrate (BHBA),0.0008489167006888135,200,0.8955223880597015,0.9089017066064102,False
8-methoxykynurenate,0.0009280391012845573,200,0.900497512437811,0.9130417563921686,False
fibrinopeptide A (3-15)**,0.0008487867801804579,200,0.9104477611940298,0.9222129907124417,False
3-hydroxyoctanoate,0.0009349161967503012,200,0.9303482587064676,0.938638490714743,False
"bilirubin degradation product, C17H18N2O4 (1)**",0.0009345795924380942,200,0.9303482587064676,0.938638490714743,False
isoursodeoxycholate,0.0009007080535174755,200,0.9303482587064676,0.938638490714743,False
cortolone glucuronide (1),0.0007732207533406626,200,0.9303482587064676,0.938638490714743,False
3-hydroxymyristate,0.0008901927096797693,200,0.9353233830845771,0.9427245572336143,False
I-urobilinogen,0.0010275039666709036,200,0.9402985074626866,0.9458678964506195,False
oleoyl ethanolamide,0.0008922225704150608,200,0.9402985074626866,0.9458678964506195,False
alpha-hydroxyisovalerate,0.0008851850789243563,200,0.945273631840796,0.9499347444238375,False
octadecanedioate (C18-DC),0.0009200838437314758,200,0.9502487562189055,0.953993578903512,False
beta-hydroxyisovalerate,0.0008842042404790266,200,0.9800995024875622,0.9820269351374885,False
palmitoyl ethanolamide,0.0008817794931530236,200,0.9800995024875622,0.9820269351374885,False
laurate (12:0),0.0008693156440482971,200,0.9900497512437811,0.9910222952037455,False
spermine,0.0,200,1.0,1.0,False
