sample_id,label,predicted_prob,direction,rank,metabolite,ig_attribution,abundance
Ph1,1,0.5357097387313843,pushes_HIGH,1,N-acetyl-3-methylhistidine*,9.543241752396625e-09,2.2489449977874756
Ph1,1,0.5357097387313843,pushes_HIGH,2,docosadioate (C22-DC),7.607991570068862e-09,1.2596760988235474
Ph1,1,0.5357097387313843,pushes_HIGH,3,N-acetylhistidine,6.885794601174666e-09,0.9496281147003174
Ph1,1,0.5357097387313843,pushes_HIGH,4,N-acetyl-2-aminooctanoate*,6.503600769036666e-09,2.1545934677124023
Ph1,1,0.5357097387313843,pushes_HIGH,5,5-methylthioadenosine (MTA),6.1255893690770336e-09,1.110714316368103
Ph1,1,0.5357097387313843,pushes_HIGH,6,indolelactate,6.100433047606657e-09,0.8137694001197815
Ph1,1,0.5357097387313843,pushes_HIGH,7,N-acetylcitrulline,5.016045356853738e-09,1.5249000787734985
Ph1,1,0.5357097387313843,pushes_HIGH,8,indolepropionylglycine,4.974906708810067e-09,1.6024693250656128
Ph1,1,0.5357097387313843,pushes_HIGH,9,N-acetylkynurenine (2),4.741196324431485e-09,1.8623889684677124
Ph1,1,0.5357097387313843,pushes_HIGH,10,N-acetylglutamine,3.970704653966095e-09,1.3735657930374146
Ph1,1,0.5357097387313843,pushes_LOW,1,4-imidazoleacetate,-2.3242041624627063e-09,-1.3671269416809082
Ph1,1,0.5357097387313843,pushes_LOW,2,3-hydroxyisobutyrate,-2.2598871662893316e-09,-0.9091838002204895
Ph1,1,0.5357097387313843,pushes_LOW,3,1-methylhistamine,-2.247428021462383e-09,-1.23702073097229
Ph1,1,0.5357097387313843,pushes_LOW,4,serotonin,-2.214436412018017e-09,-2.282670736312866
Ph1,1,0.5357097387313843,pushes_LOW,5,alpha-hydroxyisocaproate,-2.1797987859173418e-09,-0.5241177082061768
Ph1,1,0.5357097387313843,pushes_LOW,6,glutamate,-2.1299526586915363e-09,-0.5146164894104004
Ph1,1,0.5357097387313843,pushes_LOW,7,2'-deoxyuridine,-2.0461701222274087e-09,-0.6554920077323914
Ph1,1,0.5357097387313843,pushes_LOW,8,alpha-ketobutyrate,-2.024742817852143e-09,-2.4481823444366455
Ph1,1,0.5357097387313843,pushes_LOW,9,12-HETE,-2.021236067406562e-09,-1.5711336135864258
Ph1,1,0.5357097387313843,pushes_LOW,10,beta-cryptoxanthin,-1.9513954896410723e-09,-1.3946400880813599
Ph2,1,0.46684566140174866,pushes_HIGH,1,acisoga,1.2741380173153516e-09,1.854963779449463
Ph2,1,0.46684566140174866,pushes_HIGH,2,pro-hydroxy-pro,1.265066051914232e-09,1.7033237218856812
Ph2,1,0.46684566140174866,pushes_HIGH,3,S-adenosylhomocysteine (SAH),1.2624844503150712e-09,1.6776615381240845
Ph2,1,0.46684566140174866,pushes_HIGH,4,N-acetylaspartate (NAA),1.2593197595833772e-09,1.3942593336105347
Ph2,1,0.46684566140174866,pushes_HIGH,5,N-acetyl-1-methylhistidine*,1.219841783139941e-09,2.572568416595459
Ph2,1,0.46684566140174866,pushes_HIGH,6,4-hydroxyphenylacetylglutamine,1.2106154967383986e-09,3.2010433673858643
Ph2,1,0.46684566140174866,pushes_HIGH,7,3-methyladipate,1.2008690708498193e-09,1.8691362142562866
Ph2,1,0.46684566140174866,pushes_HIGH,8,1-ribosyl-imidazoleacetate*,1.1581788861292353e-09,1.5698753595352173
Ph2,1,0.46684566140174866,pushes_HIGH,9,mannitol/sorbitol,1.1450889125796948e-09,3.9604458808898926
Ph2,1,0.46684566140174866,pushes_HIGH,10,glucuronide of C12H22O4 (2)*,1.133184879265059e-09,1.0092113018035889
Ph2,1,0.46684566140174866,pushes_LOW,1,2-aminobutyrate,-2.3873713672628583e-08,-1.7920676469802856
Ph2,1,0.46684566140174866,pushes_LOW,2,2-linoleoyl-GPC (18:2)*,-1.948713546084946e-08,-1.1122500896453857
Ph2,1,0.46684566140174866,pushes_LOW,3,"3beta,7alpha-dihydroxy-5-cholestenoate",-1.3870376847080479e-08,-1.7702968120574951
Ph2,1,0.46684566140174866,pushes_LOW,4,1-linoleoyl-GPC (18:2),-1.3810067756026001e-08,-0.698233962059021
Ph2,1,0.46684566140174866,pushes_LOW,5,1-oleoyl-GPI (18:1),-1.3578979718431583e-08,-1.0987375974655151
Ph2,1,0.46684566140174866,pushes_LOW,6,cholesterol sulfate,-1.3327395187445745e-08,-0.8060880899429321
Ph2,1,0.46684566140174866,pushes_LOW,7,6-bromotryptophan,-1.3163692358375556e-08,-1.0055333375930786
Ph2,1,0.46684566140174866,pushes_LOW,8,4-oxo-retinoic acid,-1.2962142470485105e-08,-1.3212697505950928
Ph2,1,0.46684566140174866,pushes_LOW,9,beta-cryptoxanthin,-1.2935403859160033e-08,-1.7305234670639038
Ph2,1,0.46684566140174866,pushes_LOW,10,2-hydroxylaurate,-1.2921175240876437e-08,-1.023743748664856
Ph3,1,0.2891441881656647,pushes_HIGH,1,4-methylhexanoylglutamine,6.169585287096879e-09,1.527682900428772
Ph3,1,0.2891441881656647,pushes_HIGH,2,3beta-hydroxy-5-cholenoate,6.130856711195065e-09,1.4253839254379272
Ph3,1,0.2891441881656647,pushes_HIGH,3,adrenoylcarnitine (C22:4)*,5.799253521843184e-09,0.8945392370223999
Ph3,1,0.2891441881656647,pushes_HIGH,4,N6-methyllysine,5.722658347195875e-09,1.8032020330429077
Ph3,1,0.2891441881656647,pushes_HIGH,5,N-behenoyl-sphingadienine (d18:2/22:0)*,5.70691627288511e-09,0.8230339288711548
Ph3,1,0.2891441881656647,pushes_HIGH,6,cholic acid glucuronide,5.335109687365502e-09,1.846688151359558
Ph3,1,0.2891441881656647,pushes_HIGH,7,tyramine O-sulfate,5.095608823779685e-09,2.239419460296631
Ph3,1,0.2891441881656647,pushes_HIGH,8,campesterol,4.999975988795313e-09,0.9274536967277527
Ph3,1,0.2891441881656647,pushes_HIGH,9,anthranilate,4.511238937965345e-09,0.7286779880523682
Ph3,1,0.2891441881656647,pushes_HIGH,10,succinate,4.430504407793023e-09,0.5591988563537598
Ph3,1,0.2891441881656647,pushes_LOW,1,glucuronide of C10H18O2 (8)*,-1.5622884097510337e-09,-1.1180500984191895
Ph3,1,0.2891441881656647,pushes_LOW,2,taurodeoxycholic acid 3-sulfate,-1.2937584337180397e-09,-1.3297361135482788
Ph3,1,0.2891441881656647,pushes_LOW,3,dehydroepiandrosterone sulfate (DHEA-S),-1.2719687525475365e-09,-1.7997256517410278
Ph3,1,0.2891441881656647,pushes_LOW,4,N-acetylglucosamine/N-acetylgalactosamine,-1.253208536944328e-09,-1.7667567729949951
Ph3,1,0.2891441881656647,pushes_LOW,5,"androstenediol (3beta,17beta) monosulfate (2)",-1.200615051821785e-09,-1.504838228225708
Ph3,1,0.2891441881656647,pushes_LOW,6,palmitoleoyl-arachidonoyl-glycerol (16:1/20:4) [2]*,-1.158499296494142e-09,-0.7059630155563354
Ph3,1,0.2891441881656647,pushes_LOW,7,3-hydroxyhexanoylcarnitine (1),-1.1500016494636611e-09,-1.192941427230835
Ph3,1,0.2891441881656647,pushes_LOW,8,"5alpha-androstan-3beta,17beta-diol monosulfate (2)",-1.1254909226821042e-09,-1.7133737802505493
Ph3,1,0.2891441881656647,pushes_LOW,9,N1-methyl-4-pyridone-3-carboxamide,-1.0774022785042803e-09,-0.6770325303077698
Ph3,1,0.2891441881656647,pushes_LOW,10,palmitoyl-linolenoyl-glycerol (16:0/18:3) [2]*,-1.077333555699056e-09,-1.270344853401184
Ph4,1,0.49588489532470703,pushes_HIGH,1,glycodeoxycholate 3-sulfate,2.179747937702814e-08,-1.8111528158187866
Ph4,1,0.49588489532470703,pushes_HIGH,2,valylglycine,2.0578244885882668e-08,-0.9014195799827576
Ph4,1,0.49588489532470703,pushes_HIGH,3,beta-cryptoxanthin,1.992981069065536e-08,-1.167185664176941
Ph4,1,0.49588489532470703,pushes_HIGH,4,gamma-glutamylcitrulline*,1.92369160600947e-08,-1.9329813718795776
Ph4,1,0.49588489532470703,pushes_HIGH,5,gamma-glutamylisoleucine*,1.915031511146026e-08,-1.554521918296814
Ph4,1,0.49588489532470703,pushes_HIGH,6,cyclo(leu-pro),1.9123406858057024e-08,-2.151120185852051
Ph4,1,0.49588489532470703,pushes_HIGH,7,glycochenodeoxycholate 3-sulfate,1.840469998626304e-08,-1.4268959760665894
Ph4,1,0.49588489532470703,pushes_HIGH,8,S-1-pyrroline-5-carboxylate,1.8365888365678984e-08,-1.7764679193496704
Ph4,1,0.49588489532470703,pushes_HIGH,9,"1,2-dipalmitoyl-GPE (16:0/16:0)*",1.8008391222679165e-08,-0.9413210153579712
Ph4,1,0.49588489532470703,pushes_HIGH,10,alpha-tocopherol,1.6693761040187383e-08,-0.26272860169410706
Ph4,1,0.49588489532470703,pushes_LOW,1,phenol glucuronide,-3.4096292012009144e-08,1.5305424928665161
Ph4,1,0.49588489532470703,pushes_LOW,2,catechol glucuronide,-3.21300106520539e-08,1.8224551677703857
Ph4,1,0.49588489532470703,pushes_LOW,3,taurine,-3.17795070259308e-08,0.616214394569397
Ph4,1,0.49588489532470703,pushes_LOW,4,delta-CEHC,-3.03469747109375e-08,1.0048643350601196
Ph4,1,0.49588489532470703,pushes_LOW,5,maleate,-2.999150083837776e-08,1.3038227558135986
Ph4,1,0.49588489532470703,pushes_LOW,6,sphingosine 1-phosphate,-2.948088706489216e-08,0.33699122071266174
Ph4,1,0.49588489532470703,pushes_LOW,7,butyrylcarnitine (C4),-2.824363676268149e-08,1.3035283088684082
Ph4,1,0.49588489532470703,pushes_LOW,8,cyclo(pro-val),-2.7933037216598677e-08,0.9771473407745361
Ph4,1,0.49588489532470703,pushes_LOW,9,delta-CEHC glucuronide,-2.6229836080915447e-08,0.9164194464683533
Ph4,1,0.49588489532470703,pushes_LOW,10,cysteine s-sulfate,-2.607971971713141e-08,0.4612255394458771
Ph5,0,0.5325071811676025,pushes_HIGH,1,1-eicosapentaenoylglycerol (20:5)*,6.775115135582155e-09,0.7415642142295837
Ph5,0,0.5325071811676025,pushes_HIGH,2,N-succinyl-phenylalanine,6.532097085454325e-09,1.475831151008606
Ph5,0,0.5325071811676025,pushes_HIGH,3,prolylglycine,5.919946310939395e-09,2.259065628051758
Ph5,0,0.5325071811676025,pushes_HIGH,4,HWESASXX*,5.8544928904780136e-09,1.4233077764511108
Ph5,0,0.5325071811676025,pushes_HIGH,5,dopamine 4-sulfate,5.432868821486636e-09,3.5603318214416504
Ph5,0,0.5325071811676025,pushes_HIGH,6,dopamine 3-O-sulfate,5.4090691925523515e-09,3.367138147354126
Ph5,0,0.5325071811676025,pushes_HIGH,7,isoleucylglycine,5.033522043618177e-09,1.7928123474121094
Ph5,0,0.5325071811676025,pushes_HIGH,8,2-aminoadipate,4.012960630461748e-09,1.3481504917144775
Ph5,0,0.5325071811676025,pushes_HIGH,9,4-hydroxyphenylacetoylcarnitine,2.7049851247795687e-09,-1.395829439163208
Ph5,0,0.5325071811676025,pushes_HIGH,10,1-stearoyl-GPE (18:0),2.5285429305910156e-09,-0.31727370619773865
Ph5,0,0.5325071811676025,pushes_LOW,1,lithocholate sulfate (1),-1.5724939128602955e-09,-1.9632569551467896
Ph5,0,0.5325071811676025,pushes_LOW,2,pregnenediol sulfate (C21H34O5S)*,-1.4576735374305372e-09,0.30085277557373047
Ph5,0,0.5325071811676025,pushes_LOW,3,cytidine,-1.4419901939177748e-09,-0.777003288269043
Ph5,0,0.5325071811676025,pushes_LOW,4,pelargonate (9:0),-1.4192365060949896e-09,0.3854832053184509
Ph5,0,0.5325071811676025,pushes_LOW,5,etiocholanolone glucuronide,-1.3989887026610859e-09,0.04041166976094246
Ph5,0,0.5325071811676025,pushes_LOW,6,lactate,-1.2963426998524596e-09,-0.2347809076309204
Ph5,0,0.5325071811676025,pushes_LOW,7,"1,2-dipalmitoyl-GPI (16:0/16:0)*",-1.2446915720332186e-09,0.1275266408920288
Ph5,0,0.5325071811676025,pushes_LOW,8,1-myristoyl-2-arachidonoyl-GPC (14:0/20:4)*,-1.2437122443031967e-09,0.19228480756282806
Ph5,0,0.5325071811676025,pushes_LOW,9,glucuronate,-1.22756071974095e-09,-0.22841057181358337
Ph5,0,0.5325071811676025,pushes_LOW,10,glycolithocholate sulfate*,-1.2268920324132182e-09,-0.7961434125900269
Ph6,0,0.710334837436676,pushes_HIGH,1,2-hydroxyoctanoate,6.284867071215672e-10,1.4340879917144775
Ph6,0,0.710334837436676,pushes_HIGH,2,ribitol,4.425302901900352e-10,0.5633077621459961
Ph6,0,0.710334837436676,pushes_HIGH,3,thyroxine,4.359167471434944e-10,0.5552642345428467
Ph6,0,0.710334837436676,pushes_HIGH,4,2-hydroxyadipate,4.356572880226395e-10,2.0593011379241943
Ph6,0,0.710334837436676,pushes_HIGH,5,2-hydroxydecanoate,4.199711967078912e-10,2.0404350757598877
Ph6,0,0.710334837436676,pushes_HIGH,6,3beta-hydroxy-5-cholestenoate,2.6434018862708797e-10,0.8677693605422974
Ph6,0,0.710334837436676,pushes_HIGH,7,"12,13-DiHOME",2.610924254575764e-10,2.3677895069122314
Ph6,0,0.710334837436676,pushes_HIGH,8,"9,10-DiHOME",2.3923404923742453e-10,2.863978147506714
Ph6,0,0.710334837436676,pushes_HIGH,9,trans-urocanate,2.3560592365967636e-10,1.170175313949585
Ph6,0,0.710334837436676,pushes_HIGH,10,beta-cryptoxanthin,2.2801141530415237e-10,1.1295047998428345
Ph6,0,0.710334837436676,pushes_LOW,1,O-acetylhomoserine,-1.6894977639125841e-09,-1.558488368988037
Ph6,0,0.710334837436676,pushes_LOW,2,cystine,-1.3664255282819227e-09,-0.4345214366912842
Ph6,0,0.710334837436676,pushes_LOW,3,heme,-1.3444162449971486e-09,-1.4225984811782837
Ph6,0,0.710334837436676,pushes_LOW,4,4-hydroxyphenylacetate,-1.1808194422258111e-09,-0.8715639114379883
Ph6,0,0.710334837436676,pushes_LOW,5,alpha-hydroxyisocaproate,-9.169621728588595e-10,-0.4745909869670868
Ph6,0,0.710334837436676,pushes_LOW,6,2-amino-4-cyanobutanoate,-9.162485770097817e-10,-0.8421639800071716
Ph6,0,0.710334837436676,pushes_LOW,7,15-HETE,-9.113403920402163e-10,-1.0518772602081299
Ph6,0,0.710334837436676,pushes_LOW,8,hydroxyasparagine**,-8.520857353033762e-10,-0.639293372631073
Ph6,0,0.710334837436676,pushes_LOW,9,phenylacetate,-8.391974337662589e-10,-0.8664954304695129
Ph6,0,0.710334837436676,pushes_LOW,10,ursocholate,-8.148102192961915e-10,-0.7659896612167358
Ph7,1,0.42293551564216614,pushes_HIGH,1,valine,1.362889534561873e-08,-0.8813201189041138
Ph7,1,0.42293551564216614,pushes_HIGH,2,gamma-CEHC,8.767780279583803e-09,-1.6066339015960693
Ph7,1,0.42293551564216614,pushes_HIGH,3,isovalerate (i5:0),8.43411029904928e-09,-0.8797494173049927
Ph7,1,0.42293551564216614,pushes_HIGH,4,"branched-chain, straight-chain, or cyclopropyl 10:1 fatty acid (2)*",8.363959302926105e-09,-1.5527653694152832
Ph7,1,0.42293551564216614,pushes_HIGH,5,isoleucine,7.1734644890852906e-09,-0.5903571844100952
Ph7,1,0.42293551564216614,pushes_HIGH,6,2'-O-methylcytidine,7.073798435897061e-09,-0.7724623084068298
Ph7,1,0.42293551564216614,pushes_HIGH,7,dodecenedioate (C12:1-DC)*,6.89233026207603e-09,-1.3896666765213013
Ph7,1,0.42293551564216614,pushes_HIGH,8,phenylacetylcarnitine,6.8662489027815354e-09,-1.9318783283233643
Ph7,1,0.42293551564216614,pushes_HIGH,9,histidine,6.732584711954814e-09,-0.3632928431034088
Ph7,1,0.42293551564216614,pushes_HIGH,10,3-methyl-2-oxovalerate,6.660965556903875e-09,-0.7395865321159363
Ph7,1,0.42293551564216614,pushes_LOW,1,1-arachidonylglycerol (20:4),-9.197904660140921e-09,0.7470767498016357
Ph7,1,0.42293551564216614,pushes_LOW,2,1-oleoyl-GPA (18:1),-9.176379656139488e-09,1.1081730127334595
Ph7,1,0.42293551564216614,pushes_LOW,3,cystine,-6.626432735856724e-09,0.6604306101799011
Ph7,1,0.42293551564216614,pushes_LOW,4,"sphingomyelin (d18:0/18:0, d19:0/17:0)*",-6.205084002175454e-09,1.1151468753814697
Ph7,1,0.42293551564216614,pushes_LOW,5,imidazole propionate,-6.02963590168315e-09,1.2992255687713623
Ph7,1,0.42293551564216614,pushes_LOW,6,hypotaurine,-5.668673086489662e-09,0.9113230109214783
Ph7,1,0.42293551564216614,pushes_LOW,7,laurate (12:0),-5.386749712954497e-09,1.6678874492645264
Ph7,1,0.42293551564216614,pushes_LOW,8,nonanoylcarnitine (C9),-5.307864370251991e-09,1.0374892950057983
Ph7,1,0.42293551564216614,pushes_LOW,9,3-hydroxyadipate,-5.210051057247256e-09,1.1038681268692017
Ph7,1,0.42293551564216614,pushes_LOW,10,adipoylcarnitine (C6-DC),-5.195181618233846e-09,1.6142929792404175
Ph8,1,0.28184080123901367,pushes_HIGH,1,6-oxopiperidine-2-carboxylate,5.9704841071095416e-09,2.0531742572784424
Ph8,1,0.28184080123901367,pushes_HIGH,2,tiglylcarnitine (C5:1-DC),5.483661968952447e-09,1.723547101020813
Ph8,1,0.28184080123901367,pushes_HIGH,3,methionine sulfoxide,4.155875643618856e-09,1.8117536306381226
Ph8,1,0.28184080123901367,pushes_HIGH,4,3-hydroxydodecanedioate*,2.7305271377287e-09,2.1527979373931885
Ph8,1,0.28184080123901367,pushes_HIGH,5,3-hydroxyisobutyrate,2.591566516940702e-09,1.7490642070770264
Ph8,1,0.28184080123901367,pushes_HIGH,6,isobutyrylcarnitine (C4),2.1914980941062367e-09,2.159834623336792
Ph8,1,0.28184080123901367,pushes_HIGH,7,xanthurenate,2.15160800287606e-09,2.18027925491333
Ph8,1,0.28184080123901367,pushes_HIGH,8,2-methylcitrate/homocitrate,2.0061081684730198e-09,0.9844318628311157
Ph8,1,0.28184080123901367,pushes_HIGH,9,"N,N,N-trimethyl-alanylproline betaine (TMAP)",1.7803276630701248e-09,1.3582499027252197
Ph8,1,0.28184080123901367,pushes_HIGH,10,isovalerylcarnitine (C5),1.698518214965361e-09,1.716884732246399
Ph8,1,0.28184080123901367,pushes_LOW,1,2-aminoheptanoate,-1.3119891839608044e-09,-1.5895602703094482
Ph8,1,0.28184080123901367,pushes_LOW,2,fibrinopeptide A (2-15)**,-1.2994952891531852e-09,-2.1202633380889893
Ph8,1,0.28184080123901367,pushes_LOW,3,fibrinopeptide A*,-1.2803788029813745e-09,-1.4871504306793213
Ph8,1,0.28184080123901367,pushes_LOW,4,"fibrinopeptide A, des-ala(1)*",-1.245989089682098e-09,-2.4702630043029785
Ph8,1,0.28184080123901367,pushes_LOW,5,fibrinopeptide A (3-16)**,-1.2225213064098739e-09,-2.4360148906707764
Ph8,1,0.28184080123901367,pushes_LOW,6,fibrinopeptide A (3-15)**,-1.2041274644047917e-09,-2.1450483798980713
Ph8,1,0.28184080123901367,pushes_LOW,7,fibrinopeptide A (5-16)*,-1.1805352251315071e-09,-2.4236955642700195
Ph8,1,0.28184080123901367,pushes_LOW,8,cortolone glucuronide (1),-1.1714432757159443e-09,-1.8727669715881348
Ph8,1,0.28184080123901367,pushes_LOW,9,"5alpha-androstan-3beta,17beta-diol disulfate",-1.1636513974622176e-09,-2.8875200748443604
Ph8,1,0.28184080123901367,pushes_LOW,10,myristoleate (14:1n5),-1.1612367734059603e-09,1.0481120347976685
Ph9,1,0.4898470342159271,pushes_HIGH,1,cholesterol sulfate,7.78256570299618e-10,0.10732370615005493
Ph9,1,0.4898470342159271,pushes_HIGH,2,taurolithocholate 3-sulfate,7.132801571607672e-10,0.39131829142570496
Ph9,1,0.4898470342159271,pushes_HIGH,3,2-aminoadipate,6.988036260757724e-10,0.36369481682777405
Ph9,1,0.4898470342159271,pushes_HIGH,4,N-methylproline,6.901047511220781e-10,0.4248274266719818
Ph9,1,0.4898470342159271,pushes_HIGH,5,2-hydroxydecanoate,6.733855140161893e-10,0.6315762996673584
Ph9,1,0.4898470342159271,pushes_HIGH,6,8-hydroxyoctanoate,6.666662777377041e-10,0.1804826259613037
Ph9,1,0.4898470342159271,pushes_HIGH,7,phenylpyruvate,6.440273869756652e-10,0.04636707529425621
Ph9,1,0.4898470342159271,pushes_HIGH,8,epiandrosterone sulfate,6.27438878630926e-10,-0.038559652864933014
Ph9,1,0.4898470342159271,pushes_HIGH,9,2'-deoxyuridine,6.086818826744889e-10,0.15471705794334412
Ph9,1,0.4898470342159271,pushes_HIGH,10,campesterol,5.959920335030233e-10,-0.04738406091928482
Ph9,1,0.4898470342159271,pushes_LOW,1,"diacylglycerol (12:0/18:1, 14:0/16:1, 16:0/14:1) [2]*",-1.0228903946085666e-08,1.3095403909683228
Ph9,1,0.4898470342159271,pushes_LOW,2,dodecanedioate (C12-DC),-8.722008004724557e-09,1.684210181236267
Ph9,1,0.4898470342159271,pushes_LOW,3,alpha-ketobutyrate,-7.77225928061398e-09,-2.4481823444366455
Ph9,1,0.4898470342159271,pushes_LOW,4,lithocholate sulfate (1),-7.233500465275711e-09,-1.9632569551467896
Ph9,1,0.4898470342159271,pushes_LOW,5,4-cholesten-3-one,-7.099222099071767e-09,-0.3448715806007385
Ph9,1,0.4898470342159271,pushes_LOW,6,1-stearoyl-2-linoleoyl-GPE (18:0/18:2)*,-7.0098709059607245e-09,0.9486570358276367
Ph9,1,0.4898470342159271,pushes_LOW,7,1-methylhistamine,-6.956129006141509e-09,-1.23702073097229
Ph9,1,0.4898470342159271,pushes_LOW,8,tauroursodeoxycholate,-6.87361145779164e-09,2.0462400913238525
Ph9,1,0.4898470342159271,pushes_LOW,9,palmitoyl-linolenoyl-glycerol (16:0/18:3) [2]*,-6.761904813856745e-09,1.3337185382843018
Ph9,1,0.4898470342159271,pushes_LOW,10,1-stearoyl-2-oleoyl-GPE (18:0/18:1),-6.621208470392048e-09,0.9177892804145813
Ph10,1,0.43611466884613037,pushes_HIGH,1,chiro-inositol,2.725092329569634e-08,1.0636156797409058
Ph10,1,0.43611466884613037,pushes_HIGH,2,glucuronide of C10H18O2 (8)*,2.1201653765956507e-08,2.7773852348327637
Ph10,1,0.43611466884613037,pushes_HIGH,3,glucuronide of C10H18O2 (1)*,1.4020823613236644e-08,2.895455837249756
Ph10,1,0.43611466884613037,pushes_HIGH,4,N-methylhydroxyproline**,1.401651239518742e-08,2.2546446323394775
Ph10,1,0.43611466884613037,pushes_HIGH,5,glucuronide of C10H18O2 (7)*,1.163457419295355e-08,4.301595687866211
Ph10,1,0.43611466884613037,pushes_HIGH,6,N-methylproline,1.0843627329393257e-08,3.2366909980773926
Ph10,1,0.43611466884613037,pushes_HIGH,7,N-methyltaurine,1.0176964160280022e-08,2.7190773487091064
Ph10,1,0.43611466884613037,pushes_HIGH,8,3beta-hydroxy-5-cholenoate,7.565417625698956e-09,1.216702938079834
Ph10,1,0.43611466884613037,pushes_HIGH,9,vanillic alcohol sulfate,7.210707142490946e-09,2.782844305038452
Ph10,1,0.43611466884613037,pushes_HIGH,10,indoleacetate,7.02285785081358e-09,0.9479411244392395
Ph10,1,0.43611466884613037,pushes_LOW,1,pro-hydroxy-pro,-9.661770272728631e-10,-0.0627509355545044
Ph10,1,0.43611466884613037,pushes_LOW,2,1-dihomo-linolenylglycerol (20:3),-9.51911882651757e-10,-0.04111550748348236
Ph10,1,0.43611466884613037,pushes_LOW,3,beta-hydroxyisovaleroylcarnitine,-8.653416316839468e-10,-0.3576551079750061
Ph10,1,0.43611466884613037,pushes_LOW,4,1-myristoyl-GPC (14:0),-8.479643098802114e-10,-0.06082795932888985
Ph10,1,0.43611466884613037,pushes_LOW,5,1-palmitoleoylglycerol (16:1)*,-8.43813907636104e-10,-0.047668810933828354
Ph10,1,0.43611466884613037,pushes_LOW,6,octadecanedioate (C18-DC),-8.374943516464839e-10,-0.23792265355587006
Ph10,1,0.43611466884613037,pushes_LOW,7,isovalerate (i5:0),-8.27077351051031e-10,-0.13113895058631897
Ph10,1,0.43611466884613037,pushes_LOW,8,1-palmitoyl-2-gamma-linolenoyl-GPC (16:0/18:3n6)*,-8.161863407352143e-10,-0.2874262034893036
Ph10,1,0.43611466884613037,pushes_LOW,9,dodecenedioate (C12:1-DC)*,-7.871067686515687e-10,-0.08787336200475693
Ph10,1,0.43611466884613037,pushes_LOW,10,beta-hydroxyisovalerate,-7.829074055720753e-10,-0.135272815823555
Ph11,1,0.47928866744041443,pushes_HIGH,1,1-stearoyl-2-oleoyl-GPS (18:0/18:1),2.669255216858346e-08,-0.7659591436386108
Ph11,1,0.47928866744041443,pushes_HIGH,2,methionine sulfone,2.597727544184636e-08,-1.5241737365722656
Ph11,1,0.47928866744041443,pushes_HIGH,3,N6-carbamoylthreonyladenosine,2.5539645065464356e-08,-1.0302073955535889
Ph11,1,0.47928866744041443,pushes_HIGH,4,taurine,2.303922741475617e-08,-0.7321376204490662
Ph11,1,0.47928866744041443,pushes_HIGH,5,argininate*,2.298301104985967e-08,-1.5323727130889893
Ph11,1,0.47928866744041443,pushes_HIGH,6,N-acetylglycine,2.280897071216259e-08,-1.9388861656188965
Ph11,1,0.47928866744041443,pushes_HIGH,7,N1-methyl-2-pyridone-5-carboxamide,2.2799984122912065e-08,-1.1991702318191528
Ph11,1,0.47928866744041443,pushes_HIGH,8,biliverdin,2.2744455208112413e-08,-1.0231751203536987
Ph11,1,0.47928866744041443,pushes_HIGH,9,5-hydroxydecanoate,2.267272947165111e-08,-0.8175225853919983
Ph11,1,0.47928866744041443,pushes_HIGH,10,xanthine,2.2476280392424997e-08,-0.8650205135345459
Ph11,1,0.47928866744041443,pushes_LOW,1,lyxonate,-4.094968275580868e-08,1.4152634143829346
Ph11,1,0.47928866744041443,pushes_LOW,2,2-methylserine,-3.9815436281287475e-08,2.2572731971740723
Ph11,1,0.47928866744041443,pushes_LOW,3,1-arachidonylglycerol (20:4),-3.7532370100734624e-08,0.7537389993667603
Ph11,1,0.47928866744041443,pushes_LOW,4,palmitoyl-sphingosine-phosphoethanolamine (d18:1/16:0),-3.709737939061597e-08,0.4125772714614868
Ph11,1,0.47928866744041443,pushes_LOW,5,phenol sulfate,-3.612625576465689e-08,1.62835693359375
Ph11,1,0.47928866744041443,pushes_LOW,6,1-(1-enyl-palmitoyl)-2-oleoyl-GPC (P-16:0/18:1)*,-3.522524139043526e-08,0.53182452917099
Ph11,1,0.47928866744041443,pushes_LOW,7,palmitoyl sphingomyelin (d18:1/16:0),-3.490525912752673e-08,0.27292129397392273
Ph11,1,0.47928866744041443,pushes_LOW,8,2-arachidonoyl-GPC (20:4)*,-3.4550037497638186e-08,0.628600001335144
Ph11,1,0.47928866744041443,pushes_LOW,9,glycosyl-N-behenoyl-sphingadienine (d18:2/22:0)*,-3.434486472997378e-08,0.7350432276725769
Ph11,1,0.47928866744041443,pushes_LOW,10,stearoyl sphingomyelin (d18:1/18:0),-3.406593762633747e-08,0.4979449212551117
Ph12,1,0.4348812997341156,pushes_HIGH,1,5-hydroxymethyl-2-furoic acid,5.953710413564295e-09,1.8890503644943237
Ph12,1,0.4348812997341156,pushes_HIGH,2,dopamine 4-sulfate,5.487490017941354e-09,3.569539785385132
Ph12,1,0.4348812997341156,pushes_HIGH,3,dopamine 3-O-sulfate,5.4619944123146524e-09,3.377241849899292
Ph12,1,0.4348812997341156,pushes_HIGH,4,N-lactoyl valine,5.194583874157388e-09,1.6583584547042847
Ph12,1,0.4348812997341156,pushes_HIGH,5,lactate,4.587530799682327e-09,0.9518267512321472
Ph12,1,0.4348812997341156,pushes_HIGH,6,galactonate,4.568244449387748e-09,2.7567999362945557
Ph12,1,0.4348812997341156,pushes_HIGH,7,6-oxopiperidine-2-carboxylate,4.5627497335942735e-09,1.2036124467849731
Ph12,1,0.4348812997341156,pushes_HIGH,8,5-hydroxyindoleacetate,4.429931976801527e-09,0.6243710517883301
Ph12,1,0.4348812997341156,pushes_HIGH,9,hexanoylcarnitine (C6),2.684553024323577e-09,-0.5371147394180298
Ph12,1,0.4348812997341156,pushes_HIGH,10,pentadecanoate (15:0),2.5655775282018567e-09,-0.3437950015068054
Ph12,1,0.4348812997341156,pushes_LOW,1,spermidine,-2.347609440178644e-09,-1.2337387800216675
Ph12,1,0.4348812997341156,pushes_LOW,2,arginine,-1.903181390261466e-09,-0.24950632452964783
Ph12,1,0.4348812997341156,pushes_LOW,3,cytidine,-1.8788184341644865e-09,-0.777003288269043
Ph12,1,0.4348812997341156,pushes_LOW,4,cis-4-decenoate (10:1n6)*,-1.6961468896070642e-09,-1.6503204107284546
Ph12,1,0.4348812997341156,pushes_LOW,5,stearoyl ethanolamide,-1.531813009769678e-09,-0.5933533310890198
Ph12,1,0.4348812997341156,pushes_LOW,6,chenodeoxycholate,-1.2455113607146018e-09,-1.727396011352539
Ph12,1,0.4348812997341156,pushes_LOW,7,glycerol,-1.1859662141233684e-09,-0.7332189679145813
Ph12,1,0.4348812997341156,pushes_LOW,8,1-palmitoyl-2-palmitoleoyl-GPE (16:0/16:1)*,-1.180360920116641e-09,0.2858203947544098
Ph12,1,0.4348812997341156,pushes_LOW,9,17alpha-hydroxypregnenolone 3-sulfate,-1.1112849529482105e-09,-0.5658085346221924
Ph12,1,0.4348812997341156,pushes_LOW,10,tetradecadienoate (14:2)*,-1.0903923319816045e-09,-1.4851503372192383
HZh1,1,0.6607530117034912,pushes_HIGH,1,pyridoxal,1.0396806970902617e-08,2.918182849884033
HZh1,1,0.6607530117034912,pushes_HIGH,2,pyridoxate,8.617736746430182e-09,4.205038547515869
HZh1,1,0.6607530117034912,pushes_HIGH,3,heneicosapentaenoate (21:5n3),5.998914254234933e-09,1.465701937675476
HZh1,1,0.6607530117034912,pushes_HIGH,4,glucuronide of C10H18O2 (8)*,5.615389930824222e-09,0.8731814622879028
HZh1,1,0.6607530117034912,pushes_HIGH,5,alpha-CEHC,5.470152331099598e-09,1.0341371297836304
HZh1,1,0.6607530117034912,pushes_HIGH,6,glucuronide of C10H18O2 (7)*,5.354928944711901e-09,2.8957369327545166
HZh1,1,0.6607530117034912,pushes_HIGH,7,pelargonate (9:0),5.133015346103775e-09,1.309503197669983
HZh1,1,0.6607530117034912,pushes_HIGH,8,1-eicosapentaenoylglycerol (20:5)*,5.0025432685174565e-09,0.5577335357666016
HZh1,1,0.6607530117034912,pushes_HIGH,9,alpha-tocopherol,4.581238055578751e-09,0.6288136839866638
HZh1,1,0.6607530117034912,pushes_HIGH,10,glucuronide of C10H18O2 (1)*,4.5512487112375766e-09,1.4282608032226562
HZh1,1,0.6607530117034912,pushes_LOW,1,chiro-inositol,-7.113545863468573e-10,-2.6672840118408203
HZh1,1,0.6607530117034912,pushes_LOW,2,glycosyl-N-behenoyl-sphingosine (d18:1/22:0)*,-5.331712293887847e-10,-0.18780861794948578
HZh1,1,0.6607530117034912,pushes_LOW,3,"5alpha-androstan-3beta,17alpha-diol disulfate",-5.328630869883e-10,-0.9794356226921082
HZh1,1,0.6607530117034912,pushes_LOW,4,"bilirubin (Z,Z)",-5.139867975678669e-10,-0.17729675769805908
HZh1,1,0.6607530117034912,pushes_LOW,5,1-(1-enyl-palmitoyl)-2-linoleoyl-GPE (P-16:0/18:2)*,-5.12034081801005e-10,-0.20126749575138092
HZh1,1,0.6607530117034912,pushes_LOW,6,palmitoyl-arachidonoyl-glycerol (16:0/20:4) [1]*,-5.053023555134928e-10,-0.5508125424385071
HZh1,1,0.6607530117034912,pushes_LOW,7,glycosyl-N-(2-hydroxynervonoyl)-sphingosine (d18:1/24:1(2OH))*,-5.033574668189544e-10,-0.1302247792482376
HZh1,1,0.6607530117034912,pushes_LOW,8,allantoin,-4.953634169524435e-10,-0.05576188489794731
HZh1,1,0.6607530117034912,pushes_LOW,9,3-hydroxyoctanoylcarnitine (2),-4.855189028596385e-10,-0.33960163593292236
HZh1,1,0.6607530117034912,pushes_LOW,10,2'-O-methyluridine,-4.792096719441474e-10,-0.060065001249313354
HZh2,1,0.5586755871772766,pushes_HIGH,1,allantoin,2.1466012967152892e-08,-1.2822192907333374
HZh2,1,0.5586755871772766,pushes_HIGH,2,methionine,3.6709488782094013e-09,0.0955221876502037
HZh2,1,0.5586755871772766,pushes_HIGH,3,tryptophan,3.346472210452589e-09,0.06987720727920532
HZh2,1,0.5586755871772766,pushes_HIGH,4,threonate,3.3392939524645726e-09,0.1958187073469162
HZh2,1,0.5586755871772766,pushes_HIGH,5,mannose,3.3108606967147125e-09,0.19827145338058472
HZh2,1,0.5586755871772766,pushes_HIGH,6,3-methyl-2-oxobutyrate,3.2588272080857905e-09,0.24507573246955872
HZh2,1,0.5586755871772766,pushes_HIGH,7,alpha-ketobutyrate,3.222640820865763e-09,0.8540529608726501
HZh2,1,0.5586755871772766,pushes_HIGH,8,uridine,3.0054809752044775e-09,0.18828535079956055
HZh2,1,0.5586755871772766,pushes_HIGH,9,9-hydroxystearate,2.979137381231567e-09,0.4437373876571655
HZh2,1,0.5586755871772766,pushes_HIGH,10,spermidine,2.8937463536493624e-09,0.7592770457267761
HZh2,1,0.5586755871772766,pushes_LOW,1,1-palmitoyl-2-stearoyl-GPE (16:0/18:0)*,-7.544366908973643e-09,-1.052194595336914
HZh2,1,0.5586755871772766,pushes_LOW,2,tauroursodeoxycholate,-7.4475998701473145e-09,-1.1632416248321533
HZh2,1,0.5586755871772766,pushes_LOW,3,1-docosahexaenoyl-GPC (22:6)*,-7.399895807225221e-09,-0.696018397808075
HZh2,1,0.5586755871772766,pushes_LOW,4,1-eicosenoyl-GPE (20:1)*,-7.350302144715215e-09,-0.46313944458961487
HZh2,1,0.5586755871772766,pushes_LOW,5,S-carboxyethylcysteine,-7.347066066643038e-09,-1.088821291923523
HZh2,1,0.5586755871772766,pushes_LOW,6,oleoyl-oleoyl-glycerol (18:1/18:1) [2]*,-7.3404615719141475e-09,-0.9187744855880737
HZh2,1,0.5586755871772766,pushes_LOW,7,glyco-beta-muricholate**,-7.3365251651580365e-09,-2.76967191696167
HZh2,1,0.5586755871772766,pushes_LOW,8,1-palmitoyl-GPA (16:0),-7.3303412229108744e-09,-1.1126445531845093
HZh2,1,0.5586755871772766,pushes_LOW,9,1-stearoyl-2-docosahexaenoyl-GPI (18:0/22:6)*,-7.284094216686299e-09,-0.5593845844268799
HZh2,1,0.5586755871772766,pushes_LOW,10,3-methylglutarylcarnitine (2),-7.278863289883475e-09,-2.000887632369995
HZh3,1,0.7064975500106812,pushes_HIGH,1,"N1,N12-diacetylspermine",1.6600392171994827e-09,1.2180224657058716
HZh3,1,0.7064975500106812,pushes_HIGH,2,methylmalonate (MMA),7.041778826710754e-10,0.7666284441947937
HZh3,1,0.7064975500106812,pushes_HIGH,3,1-margaroyl-2-oleoyl-GPC (17:0/18:1)*,6.741844305047096e-10,0.5004592537879944
HZh3,1,0.7064975500106812,pushes_HIGH,4,citraconate/glutaconate,6.460001422681216e-10,2.264251470565796
HZh3,1,0.7064975500106812,pushes_HIGH,5,L-urobilin,6.376887906611728e-10,0.502203643321991
HZh3,1,0.7064975500106812,pushes_HIGH,6,pregnanediol-3-glucuronide,6.142680253340416e-10,1.8795318603515625
HZh3,1,0.7064975500106812,pushes_HIGH,7,glycosyl-N-(2-hydroxynervonoyl)-sphingosine (d18:1/24:1(2OH))*,5.974897243632427e-10,0.7453029751777649
HZh3,1,0.7064975500106812,pushes_HIGH,8,sphingomyelin (d18:2/18:1)*,5.831488070207058e-10,0.4373214542865753
HZh3,1,0.7064975500106812,pushes_HIGH,9,1-margaroyl-2-linoleoyl-GPC (17:0/18:2)*,5.38620203993645e-10,0.5029993057250977
HZh3,1,0.7064975500106812,pushes_HIGH,10,etiocholanolone glucuronide,5.314094719821583e-10,0.8725250363349915
HZh3,1,0.7064975500106812,pushes_LOW,1,choline,-2.610794425095264e-08,-0.5938231348991394
HZh3,1,0.7064975500106812,pushes_LOW,2,gamma-glutamylthreonine,-2.5670004788480583e-08,-1.5525344610214233
HZh3,1,0.7064975500106812,pushes_LOW,3,S-1-pyrroline-5-carboxylate,-2.387197106656913e-08,-1.7764679193496704
HZh3,1,0.7064975500106812,pushes_LOW,4,phenylalanine,-2.1958054929882564e-08,-0.37305736541748047
HZh3,1,0.7064975500106812,pushes_LOW,5,1-(1-enyl-palmitoyl)-GPE (P-16:0)*,-2.1725970356101243e-08,-0.8130273222923279
HZh3,1,0.7064975500106812,pushes_LOW,6,vanillactate,-1.9585717936365654e-08,-0.862368106842041
HZh3,1,0.7064975500106812,pushes_LOW,7,fructosyllysine,-1.9190785849332315e-08,-0.9276690483093262
HZh3,1,0.7064975500106812,pushes_LOW,8,beta-hydroxyisovalerate,-1.91813533945151e-08,-1.0811653137207031
HZh3,1,0.7064975500106812,pushes_LOW,9,2-aminoheptanoate,-1.8820550451437157e-08,-1.6305888891220093
HZh3,1,0.7064975500106812,pushes_LOW,10,tyrosine,-1.8339576968173787e-08,-0.6095242500305176
HZh4,1,0.8690803050994873,pushes_HIGH,1,adipate (C6-DC),5.281157289260818e-09,-1.3148565292358398
HZh4,1,0.8690803050994873,pushes_HIGH,2,2-pyrrolidinone,4.327090241673659e-09,-0.6969068646430969
HZh4,1,0.8690803050994873,pushes_HIGH,3,retinol (vitamin A),4.2977608138983214e-09,-0.7943065166473389
HZh4,1,0.8690803050994873,pushes_HIGH,4,N-acetylglycine,4.28885060799189e-09,-2.0401713848114014
HZh4,1,0.8690803050994873,pushes_HIGH,5,phenylacetylcarnitine,4.2738883543336215e-09,-2.3296265602111816
HZh4,1,0.8690803050994873,pushes_HIGH,6,phenylacetylglutamine,4.161997413376639e-09,-1.9503329992294312
HZh4,1,0.8690803050994873,pushes_HIGH,7,succinate,3.4946663340917894e-09,-0.5459200143814087
HZh4,1,0.8690803050994873,pushes_HIGH,8,malonate,3.4311733454472915e-09,-0.3338349461555481
HZh4,1,0.8690803050994873,pushes_HIGH,9,1-palmitoyl-2-docosahexaenoyl-GPE (16:0/22:6)*,3.4227916057005814e-09,-1.3388663530349731
HZh4,1,0.8690803050994873,pushes_HIGH,10,heptanoate (7:0),3.401875892095063e-09,-0.45808693766593933
HZh4,1,0.8690803050994873,pushes_LOW,1,"glycosyl ceramide (d18:1/23:1, d17:1/24:1)*",-1.3112374519508307e-09,0.4710647761821747
HZh4,1,0.8690803050994873,pushes_LOW,2,"sphingomyelin (d18:1/25:0, d19:0/24:1, d20:1/23:0, d19:1/24:0)*",-1.29124722025864e-09,0.6084362268447876
HZh4,1,0.8690803050994873,pushes_LOW,3,stearoyl ethanolamide,-1.2879097788243143e-09,0.38741329312324524
HZh4,1,0.8690803050994873,pushes_LOW,4,threonylphenylalanine,-1.265162530295072e-09,0.5451614260673523
HZh4,1,0.8690803050994873,pushes_LOW,5,N-acetyltryptophan,-1.202965504987219e-09,0.42547908425331116
HZh4,1,0.8690803050994873,pushes_LOW,6,N-palmitoyltaurine,-1.2020158202119546e-09,0.25954779982566833
HZh4,1,0.8690803050994873,pushes_LOW,7,1-stearoyl-2-adrenoyl-GPC (18:0/22:4)*,-1.1918913633834904e-09,0.3014693260192871
HZh4,1,0.8690803050994873,pushes_LOW,8,5alpha-pregnan-diol disulfate,-1.177139608010691e-09,0.7169938087463379
HZh4,1,0.8690803050994873,pushes_LOW,9,glycosyl-N-behenoyl-sphingosine (d18:1/22:0)*,-1.1693067625273557e-09,0.4272992014884949
HZh4,1,0.8690803050994873,pushes_LOW,10,"5alpha-androstan-3alpha,17beta-diol monosulfate (1)",-1.1689706980178016e-09,0.43528684973716736
HZh5,1,0.7212325930595398,pushes_HIGH,1,glucuronide of C10H18O2 (1)*,8.003054219329897e-09,2.6400277614593506
HZh5,1,0.7212325930595398,pushes_HIGH,2,glucuronide of C10H18O2 (8)*,7.074834940112851e-09,1.4238702058792114
HZh5,1,0.7212325930595398,pushes_HIGH,3,glucose,5.295741623001504e-09,0.9516057372093201
HZh5,1,0.7212325930595398,pushes_HIGH,4,stearoylcholine*,5.281995285599805e-09,-2.1637067794799805
HZh5,1,0.7212325930595398,pushes_HIGH,5,linoleoylcholine*,5.049973328397073e-09,-1.9815088510513306
HZh5,1,0.7212325930595398,pushes_HIGH,6,"1,5-anhydroglucitol (1,5-AG)",4.9993471584741656e-09,-4.836616516113281
HZh5,1,0.7212325930595398,pushes_HIGH,7,docosahexaenoylcholine,4.912163564796401e-09,-2.2813425064086914
HZh5,1,0.7212325930595398,pushes_HIGH,8,palmitoylcholine,4.693515354148303e-09,-1.540833592414856
HZh5,1,0.7212325930595398,pushes_HIGH,9,tyramine O-sulfate,4.359948402310465e-09,2.7833144664764404
HZh5,1,0.7212325930595398,pushes_HIGH,10,ribose,4.317542323661883e-09,1.7957048416137695
HZh5,1,0.7212325930595398,pushes_LOW,1,2-pyrrolidinone,-5.717911699676392e-10,0.18612897396087646
HZh5,1,0.7212325930595398,pushes_LOW,2,1-palmitoyl-2-arachidonoyl-GPE (16:0/20:4)*,-5.500462307850285e-10,0.5755271315574646
HZh5,1,0.7212325930595398,pushes_LOW,3,1-stearoyl-2-docosapentaenoyl-GPC (18:0/22:5n6)*,-5.318995244252278e-10,0.554822564125061
HZh5,1,0.7212325930595398,pushes_LOW,4,1-palmityl-GPC (O-16:0),-5.290290427950595e-10,0.4338945150375366
HZh5,1,0.7212325930595398,pushes_LOW,5,1-(1-enyl-stearoyl)-2-arachidonoyl-GPC (P-18:0/20:4),-5.134238589832307e-10,0.33603861927986145
HZh5,1,0.7212325930595398,pushes_LOW,6,sebacate (C10-DC),-5.104971445568651e-10,0.7838610410690308
HZh5,1,0.7212325930595398,pushes_LOW,7,stearoyl-arachidonoyl-glycerol (18:0/20:4) [1]*,-5.027456229100835e-10,0.4903496503829956
HZh5,1,0.7212325930595398,pushes_LOW,8,suberate (C8-DC),-4.998380598308927e-10,0.7526212334632874
HZh5,1,0.7212325930595398,pushes_LOW,9,N-acetylglycine,-4.994344937614414e-10,0.9235996007919312
HZh5,1,0.7212325930595398,pushes_LOW,10,N2-methylguanosine,-4.94859930810776e-10,0.12266021221876144
HZh6,1,0.4374576807022095,pushes_HIGH,1,glycerophosphoethanolamine,1.0009274520328404e-09,0.575029194355011
HZh6,1,0.4374576807022095,pushes_HIGH,2,hypotaurine,6.09758243896863e-10,1.071130394935608
HZh6,1,0.4374576807022095,pushes_HIGH,3,lithocholic acid sulfate (2),5.958581406062535e-10,1.3906004428863525
HZh6,1,0.4374576807022095,pushes_HIGH,4,indoleacetate,5.844781325592407e-10,0.7760026454925537
HZh6,1,0.4374576807022095,pushes_HIGH,5,deoxycholate,5.827501814437142e-10,1.1604310274124146
HZh6,1,0.4374576807022095,pushes_HIGH,6,cholate,5.606046737938186e-10,2.869659900665283
HZh6,1,0.4374576807022095,pushes_HIGH,7,lithocholate sulfate (1),5.501306077349e-10,1.7596755027770996
HZh6,1,0.4374576807022095,pushes_HIGH,8,malonate,5.363543498226875e-10,0.2735438048839569
HZh6,1,0.4374576807022095,pushes_HIGH,9,5-hydroxydecanoate,4.442948231542232e-10,0.7000963687896729
HZh6,1,0.4374576807022095,pushes_HIGH,10,urea,4.0810643753275144e-10,0.553331732749939
HZh6,1,0.4374576807022095,pushes_LOW,1,ursocholate,-1.124266457708245e-08,3.2437527179718018
HZh6,1,0.4374576807022095,pushes_LOW,2,pregnenetriol sulfate*,-4.612080495292048e-09,-3.923189640045166
HZh6,1,0.4374576807022095,pushes_LOW,3,pregnenediol sulfate (C21H34O5S)*,-4.074481640969907e-09,-3.057981014251709
HZh6,1,0.4374576807022095,pushes_LOW,4,citrate,-3.833752870718854e-09,-0.8955629467964172
HZh6,1,0.4374576807022095,pushes_LOW,5,pregnenediol disulfate (C21H34O8S2)*,-3.819207616828635e-09,-3.2140026092529297
HZh6,1,0.4374576807022095,pushes_LOW,6,cortisone,-3.513922708364703e-09,-1.7640129327774048
HZh6,1,0.4374576807022095,pushes_LOW,7,"androstenediol (3beta,17beta) disulfate (2)",-3.422285788090562e-09,-3.178403615951538
HZh6,1,0.4374576807022095,pushes_LOW,8,fibrinopeptide A (5-16)*,-3.390725034080333e-09,-2.040527105331421
HZh6,1,0.4374576807022095,pushes_LOW,9,cortolone glucuronide (1),-3.3848437386296837e-09,-2.353344678878784
HZh6,1,0.4374576807022095,pushes_LOW,10,oleoyl-linoleoyl-glycerol (18:1/18:2) [1],-3.3262737009209786e-09,-1.0043737888336182
HZh7,1,0.7284625768661499,pushes_HIGH,1,hydroxypalmitoyl sphingomyelin (d18:1/16:0(OH))**,2.1434751751314707e-09,0.44486233592033386
HZh7,1,0.7284625768661499,pushes_HIGH,2,1-palmityl-2-linoleoyl-GPC (O-16:0/18:2)*,2.112676922294554e-09,0.4618208110332489
HZh7,1,0.7284625768661499,pushes_HIGH,3,2-aminoheptanoate,2.107191976463696e-09,0.7728255391120911
HZh7,1,0.7284625768661499,pushes_HIGH,4,1-(1-enyl-palmitoyl)-GPE (P-16:0)*,2.0951769208465976e-09,0.40099984407424927
HZh7,1,0.7284625768661499,pushes_HIGH,5,1-palmityl-GPC (O-16:0),2.070577043156163e-09,0.4666421413421631
HZh7,1,0.7284625768661499,pushes_HIGH,6,"androstenediol (3alpha, 17alpha) monosulfate (3)",2.0699204572594e-09,0.995123028755188
HZh7,1,0.7284625768661499,pushes_HIGH,7,sphinganine-1-phosphate,2.069019844341824e-09,0.5426369309425354
HZh7,1,0.7284625768661499,pushes_HIGH,8,"5alpha-androstan-3alpha,17beta-diol disulfate",2.0615491536091213e-09,0.9294887185096741
HZh7,1,0.7284625768661499,pushes_HIGH,9,suberate (C8-DC),2.0513073462069542e-09,0.9906191229820251
HZh7,1,0.7284625768661499,pushes_HIGH,10,2-oleoylglycerol (18:1),2.041246061068591e-09,0.7959611415863037
HZh7,1,0.7284625768661499,pushes_LOW,1,1-pentadecanoyl-2-arachidonoyl-GPC (15:0/20:4)*,-3.2537837313384443e-08,-1.6583642959594727
HZh7,1,0.7284625768661499,pushes_LOW,2,1-methyl-5-imidazoleacetate,-2.0357266095061277e-08,-2.4385833740234375
HZh7,1,0.7284625768661499,pushes_LOW,3,1-linoleoyl-2-arachidonoyl-GPE (18:2/20:4)*,-2.0310084281049967e-08,-1.3044201135635376
HZh7,1,0.7284625768661499,pushes_LOW,4,1-pentadecanoyl-2-linoleoyl-GPC (15:0/18:2)*,-1.9144469121101793e-08,-0.8563247919082642
HZh7,1,0.7284625768661499,pushes_LOW,5,1-methyl-4-imidazoleacetate,-1.7771204952055086e-08,-0.5948768258094788
HZh7,1,0.7284625768661499,pushes_LOW,6,N-acetylthreonine,-1.722053255548417e-08,-0.5135505795478821
HZh7,1,0.7284625768661499,pushes_LOW,7,1-palmitoyl-2-pentadecanoyl-GPC (16:0/15:0)*,-1.6563671323410745e-08,-0.9380530118942261
HZh7,1,0.7284625768661499,pushes_LOW,8,glutarylcarnitine (C5-DC),-1.559075002433019e-08,-1.157486915588379
HZh7,1,0.7284625768661499,pushes_LOW,9,1-myristoyl-2-arachidonoyl-GPC (14:0/20:4)*,-1.543922145685883e-08,-1.0463294982910156
HZh7,1,0.7284625768661499,pushes_LOW,10,sphingomyelin (d18:2/18:1)*,-1.525091342102769e-08,-0.5967761278152466
HZh8,1,0.6372606754302979,pushes_HIGH,1,"branched-chain, straight-chain, or cyclopropyl 10:1 fatty acid (1)*",2.0575669168465538e-08,-1.5187894105911255
HZh8,1,0.6372606754302979,pushes_HIGH,2,1-lignoceroyl-GPC (24:0),2.0260985778008944e-08,-0.9888607859611511
HZh8,1,0.6372606754302979,pushes_HIGH,3,2-pyrrolidinone,1.99279099888372e-08,-0.5404308438301086
HZh8,1,0.6372606754302979,pushes_HIGH,4,hydroxy-undecanedioate (OH-C11:0-DC)*,1.9695002961839236e-08,-0.9660883545875549
HZh8,1,0.6372606754302979,pushes_HIGH,5,O-acetylhomoserine,1.9591753996905936e-08,-1.558488368988037
HZh8,1,0.6372606754302979,pushes_HIGH,6,2-stearoyl-GPC (18:0)*,1.9252414773518467e-08,-0.8041344881057739
HZh8,1,0.6372606754302979,pushes_HIGH,7,"bilirubin (E,E)*",1.921094394674583e-08,-1.207698941230774
HZh8,1,0.6372606754302979,pushes_HIGH,8,1-oleoyl-2-docosahexaenoyl-GPC (18:1/22:6)*,1.8937404533403424e-08,-0.7222515940666199
HZh8,1,0.6372606754302979,pushes_HIGH,9,cysteinylglycine,1.8923190125974543e-08,-1.093428611755371
HZh8,1,0.6372606754302979,pushes_HIGH,10,ribitol,1.884420264275377e-08,-0.5094741582870483
HZh8,1,0.6372606754302979,pushes_LOW,1,nicotinamide,-4.520132534935328e-08,1.433591604232788
HZh8,1,0.6372606754302979,pushes_LOW,2,L-urobilin,-3.964096961794894e-08,1.393862009048462
HZh8,1,0.6372606754302979,pushes_LOW,3,2'-deoxyuridine,-3.6192616903463204e-08,1.4230612516403198
HZh8,1,0.6372606754302979,pushes_LOW,4,heme,-3.4937187365358113e-08,3.043860912322998
HZh8,1,0.6372606754302979,pushes_LOW,5,"bilirubin degradation product, C17H20N2O5 (1)**",-3.488693778308516e-08,1.8832387924194336
HZh8,1,0.6372606754302979,pushes_LOW,6,S-adenosylhomocysteine (SAH),-3.475425103260932e-08,1.135032057762146
HZh8,1,0.6372606754302979,pushes_LOW,7,azeloyltaurine,-3.4052664688033474e-08,1.0168540477752686
HZh8,1,0.6372606754302979,pushes_LOW,8,2-amino-4-cyanobutanoate,-3.32710108352785e-08,1.3773210048675537
HZh8,1,0.6372606754302979,pushes_LOW,9,biliverdin,-3.309170892862312e-08,2.462124824523926
HZh8,1,0.6372606754302979,pushes_LOW,10,"bilirubin degradation product, C17H20N2O5 (2)**",-3.2825010265469245e-08,1.759526014328003
HZh9,1,0.8029478192329407,pushes_HIGH,1,glycerophosphoethanolamine,4.937482089850675e-10,0.5979509353637695
HZh9,1,0.8029478192329407,pushes_HIGH,2,12-HETE,4.469755676694831e-10,2.563474416732788
HZh9,1,0.8029478192329407,pushes_HIGH,3,citrate,3.1008265399812274e-10,0.6157264709472656
HZh9,1,0.8029478192329407,pushes_HIGH,4,guanidinoacetate,2.9344607299641723e-10,0.540023148059845
HZh9,1,0.8029478192329407,pushes_HIGH,5,3-hydroxyadipate,2.8644461802507237e-10,1.253360390663147
HZh9,1,0.8029478192329407,pushes_HIGH,6,1-methylhistidine,2.855856662264955e-10,0.7847744822502136
HZh9,1,0.8029478192329407,pushes_HIGH,7,deoxycholate,2.7778970790315327e-10,1.0994980335235596
HZh9,1,0.8029478192329407,pushes_HIGH,8,carotene diol (2),2.648165853269546e-10,1.1550495624542236
HZh9,1,0.8029478192329407,pushes_HIGH,9,cholesterol sulfate,2.584014391349143e-10,0.4419357478618622
HZh9,1,0.8029478192329407,pushes_HIGH,10,phenylacetate,2.426139567024421e-10,1.0319229364395142
HZh9,1,0.8029478192329407,pushes_LOW,1,dimethylglycine,-2.444851876504117e-09,-2.1522796154022217
HZh9,1,0.8029478192329407,pushes_LOW,2,adenine,-1.8234574961084604e-09,-0.7155863642692566
HZh9,1,0.8029478192329407,pushes_LOW,3,thyroxine,-1.8034876925199228e-09,-0.4766387343406677
HZh9,1,0.8029478192329407,pushes_LOW,4,oleamide,-1.6656646062429559e-09,-6.974034309387207
HZh9,1,0.8029478192329407,pushes_LOW,5,carotene diol (3),-1.5754979543203262e-09,-1.3847603797912598
HZh9,1,0.8029478192329407,pushes_LOW,6,serotonin,-1.3689009925599294e-09,-1.781341791152954
HZh9,1,0.8029478192329407,pushes_LOW,7,arginine,-1.3114093144750427e-09,-0.2708430290222168
HZh9,1,0.8029478192329407,pushes_LOW,8,2-methylserine,-1.056357668005603e-09,-1.3392552137374878
HZh9,1,0.8029478192329407,pushes_LOW,9,isocitrate,-1.0247159787368787e-09,-1.541493535041809
HZh9,1,0.8029478192329407,pushes_LOW,10,15-HETE,-1.0062062294480256e-09,-1.0518772602081299
HZh10,1,0.571739912033081,pushes_HIGH,1,1-arachidonoyl-GPC (20:4n6)*,1.4280433724422892e-08,-0.6911377906799316
HZh10,1,0.571739912033081,pushes_HIGH,2,1-arachidonylglycerol (20:4),1.4116598556768167e-08,-0.6991179585456848
HZh10,1,0.571739912033081,pushes_HIGH,3,2-arachidonoyl-GPC (20:4)*,1.4073778586976005e-08,-0.7094573378562927
HZh10,1,0.571739912033081,pushes_HIGH,4,1-palmitoyl-2-eicosapentaenoyl-GPC (16:0/20:5)*,1.382621039880405e-08,-1.2223377227783203
HZh10,1,0.571739912033081,pushes_HIGH,5,1-palmitoyl-2-arachidonoyl-GPC (16:0/20:4n6),1.3818485911087919e-08,-0.380044549703598
HZh10,1,0.571739912033081,pushes_HIGH,6,1-stearoyl-2-oleoyl-GPC (18:0/18:1),1.3621794359153228e-08,-0.48260313272476196
HZh10,1,0.571739912033081,pushes_HIGH,7,1-stearoyl-GPG (18:0),1.3607046156494107e-08,-0.7786792516708374
HZh10,1,0.571739912033081,pushes_HIGH,8,1-linoleoyl-2-docosahexaenoyl-GPC (18:2/22:6)*,1.3438533841281242e-08,-0.826615035533905
HZh10,1,0.571739912033081,pushes_HIGH,9,2-docosahexaenoyl-GPC (22:6)*,1.3275147203728466e-08,-1.1477628946304321
HZh10,1,0.571739912033081,pushes_HIGH,10,1-palmitoyl-GPG (16:0)*,1.3225069928068933e-08,-0.805667519569397
HZh10,1,0.571739912033081,pushes_LOW,1,1-palmitoleoyl-2-linolenoyl-GPC (16:1/18:3)*,-2.182061287214765e-08,0.5283833742141724
HZh10,1,0.571739912033081,pushes_LOW,2,"5alpha-pregnan-3beta,20alpha-diol monosulfate (2)",-2.1534573235726384e-08,1.891677737236023
HZh10,1,0.571739912033081,pushes_LOW,3,"3beta,7alpha-dihydroxy-5-cholestenoate",-2.1436893149484604e-08,0.943438708782196
HZh10,1,0.571739912033081,pushes_LOW,4,pregnenediol disulfate (C21H34O8S2)*,-2.072381555251468e-08,1.6130194664001465
HZh10,1,0.571739912033081,pushes_LOW,5,1-stearyl-2-linoleoyl-GPC (O-18:0/18:2)*,-2.051008785031172e-08,0.3611416816711426
HZh10,1,0.571739912033081,pushes_LOW,6,eicosanedioate (C20-DC),-2.0017878910039144e-08,0.879210889339447
HZh10,1,0.571739912033081,pushes_LOW,7,indolepropionate,-1.988155595711305e-08,1.0995663404464722
HZh10,1,0.571739912033081,pushes_LOW,8,andro steroid monosulfate C19H28O6S (1)*,-1.985990749631128e-08,1.3112821578979492
HZh10,1,0.571739912033081,pushes_LOW,9,1-(1-enyl-palmitoyl)-2-linoleoyl-GPC (P-16:0/18:2)*,-1.962118290066428e-08,0.3246557414531708
HZh10,1,0.571739912033081,pushes_LOW,10,16alpha-hydroxy DHEA 3-sulfate,-1.9499264425348883e-08,1.5071028470993042
HZh11,1,0.9595834016799927,pushes_HIGH,1,campesterol,3.7326394752845715e-10,0.7510124444961548
HZh11,1,0.9595834016799927,pushes_HIGH,2,2-hydroxyadipate,3.534966763751868e-10,1.6894904375076294
HZh11,1,0.9595834016799927,pushes_HIGH,3,N-acetylglutamine,3.449391328125273e-10,1.0231761932373047
HZh11,1,0.9595834016799927,pushes_HIGH,4,corticosterone,3.0076857671090806e-10,0.5062863826751709
HZh11,1,0.9595834016799927,pushes_HIGH,5,guanosine,2.681412036853459e-10,1.68107271194458
HZh11,1,0.9595834016799927,pushes_HIGH,6,choline phosphate,2.6621854720687566e-10,0.5391313433647156
HZh11,1,0.9595834016799927,pushes_HIGH,7,xanthosine,2.652134345471069e-10,-0.040958207100629807
HZh11,1,0.9595834016799927,pushes_HIGH,8,pregnenolone sulfate,2.6364418981295046e-10,1.167203664779663
HZh11,1,0.9595834016799927,pushes_HIGH,9,inosine,2.6222898852346077e-10,1.464192509651184
HZh11,1,0.9595834016799927,pushes_HIGH,10,phenol glucuronide,2.576548141508539e-10,0.762217104434967
HZh11,1,0.9595834016799927,pushes_LOW,1,cystine,-2.9810018897791224e-09,-0.8196843266487122
HZh11,1,0.9595834016799927,pushes_LOW,2,alanine,-2.2667618893024155e-09,-0.4182550311088562
HZh11,1,0.9595834016799927,pushes_LOW,3,kynurenate,-1.6916636980113253e-09,-1.216408371925354
HZh11,1,0.9595834016799927,pushes_LOW,4,gamma-glutamylglutamate,-1.6909890154792606e-09,-2.168043851852417
HZh11,1,0.9595834016799927,pushes_LOW,5,glycerol,-1.6418369996884508e-09,-1.371873140335083
HZh11,1,0.9595834016799927,pushes_LOW,6,3-hydroxydecanoylcarnitine,-1.494935175649914e-09,-2.2512059211730957
HZh11,1,0.9595834016799927,pushes_LOW,7,dihydroorotate,-1.4135753678701235e-09,-1.061704158782959
HZh11,1,0.9595834016799927,pushes_LOW,8,oleoyl-oleoyl-glycerol (18:1/18:1) [1]*,-1.3140122323562764e-09,-1.893997311592102
HZh11,1,0.9595834016799927,pushes_LOW,9,N-formylmethionine,-1.2879081134897774e-09,-0.4910089671611786
HZh11,1,0.9595834016799927,pushes_LOW,10,2-oxoarginine*,-1.1905416652524536e-09,-1.3349313735961914
HZh12,1,0.771915078163147,pushes_HIGH,1,"bilirubin (Z,Z)",4.907573458723391e-09,0.9470030069351196
HZh12,1,0.771915078163147,pushes_HIGH,2,methionine sulfoxide,4.577379808523574e-09,1.1451009511947632
HZh12,1,0.771915078163147,pushes_HIGH,3,homoarginine,3.0280629115253532e-09,1.1005547046661377
HZh12,1,0.771915078163147,pushes_HIGH,4,3-hydroxymyristate,2.380684316349857e-09,0.9554490447044373
HZh12,1,0.771915078163147,pushes_HIGH,5,vanillic alcohol sulfate,2.2601982507808316e-09,2.139958620071411
HZh12,1,0.771915078163147,pushes_HIGH,6,behenoylcarnitine (C22)*,2.176623548066914e-09,0.7984574437141418
HZh12,1,0.771915078163147,pushes_HIGH,7,m-tyramine sulfate,2.160918999294381e-09,0.7211832404136658
HZh12,1,0.771915078163147,pushes_HIGH,8,lysine,2.15227347055702e-09,0.2363053262233734
HZh12,1,0.771915078163147,pushes_HIGH,9,uridine,2.1359793933584115e-09,0.5132255554199219
HZh12,1,0.771915078163147,pushes_HIGH,10,17alpha-hydroxypregnanolone glucuronide,2.0859605154299743e-09,1.248780608177185
HZh12,1,0.771915078163147,pushes_LOW,1,1-stearoyl-2-docosapentaenoyl-GPE (18:0/22:5n3)*,-6.543806385650441e-09,-1.2089463472366333
HZh12,1,0.771915078163147,pushes_LOW,2,cytosine,-5.670097724674861e-09,-2.30049467086792
HZh12,1,0.771915078163147,pushes_LOW,3,sphinganine,-5.6095084133289674e-09,-0.6434892416000366
HZh12,1,0.771915078163147,pushes_LOW,4,allo-threonine,-4.959268995463617e-09,-2.201106071472168
HZh12,1,0.771915078163147,pushes_LOW,5,malonate,-4.816511633976006e-09,-0.25046589970588684
HZh12,1,0.771915078163147,pushes_LOW,6,cystathionine,-4.434431044586518e-09,-1.8270817995071411
HZh12,1,0.771915078163147,pushes_LOW,7,pantoate,-4.350677595965635e-09,-0.8098564743995667
HZh12,1,0.771915078163147,pushes_LOW,8,cortisol,-4.196904601627693e-09,-0.9452880024909973
HZh12,1,0.771915078163147,pushes_LOW,9,cysteine sulfinic acid,-4.1619547808124935e-09,-1.129669189453125
HZh12,1,0.771915078163147,pushes_LOW,10,cytidine,-4.1505070491609786e-09,-0.777003288269043
HZl3,1,0.683501124382019,pushes_HIGH,1,betaine,2.948772603872385e-08,-1.842429518699646
HZl3,1,0.683501124382019,pushes_HIGH,2,beta-citrylglutamate,2.7410644420911012e-08,-1.1131361722946167
HZl3,1,0.683501124382019,pushes_HIGH,3,sarcosine,2.401352006131674e-08,-1.3295016288757324
HZl3,1,0.683501124382019,pushes_HIGH,4,guanidinoacetate,2.3950830652097466e-08,-0.8325961828231812
HZl3,1,0.683501124382019,pushes_HIGH,5,3-methoxytyrosine,2.2726064585754102e-08,-0.7574288249015808
HZl3,1,0.683501124382019,pushes_HIGH,6,"branched-chain, straight-chain, or cyclopropyl 10:1 fatty acid (2)*",2.103811880260764e-08,-1.5527653694152832
HZl3,1,0.683501124382019,pushes_HIGH,7,phosphate,2.0067963291126034e-08,-1.20170259475708
HZl3,1,0.683501124382019,pushes_HIGH,8,arachidonoylcarnitine (C20:4),1.9758619629328678e-08,-1.2668139934539795
HZl3,1,0.683501124382019,pushes_HIGH,9,sphingadienine,1.8138067048312223e-08,-3.0903923511505127
HZl3,1,0.683501124382019,pushes_HIGH,10,1-eicosapentaenoyl-GPC (20:5)*,1.710170494106933e-08,-1.5433801412582397
HZl3,1,0.683501124382019,pushes_LOW,1,5-methyluridine (ribothymidine),-8.341269364109394e-08,0.9642273783683777
HZl3,1,0.683501124382019,pushes_LOW,2,1-stearoyl-2-dihomo-linolenoyl-GPE (18:0/20:3n3 or 6)*,-2.7680604475222026e-08,1.461466670036316
HZl3,1,0.683501124382019,pushes_LOW,3,"N,N-dimethyl-5-aminovalerate",-2.6960888632743263e-08,1.7795521020889282
HZl3,1,0.683501124382019,pushes_LOW,4,1-dihomo-linolenylglycerol (20:3),-2.4392715403109833e-08,0.8894604444503784
HZl3,1,0.683501124382019,pushes_LOW,5,1-stearoyl-2-dihomo-linolenoyl-GPI (18:0/20:3n3 or 6)*,-2.411345256803088e-08,1.0608456134796143
HZl3,1,0.683501124382019,pushes_LOW,6,"sphingomyelin (d18:1/20:2, d18:2/20:1, d16:1/22:2)*",-2.3844268781658684e-08,0.7952526211738586
HZl3,1,0.683501124382019,pushes_LOW,7,1-palmitoyl-2-linoleoyl-GPE (16:0/18:2),-2.3641888446945813e-08,1.3481639623641968
HZl3,1,0.683501124382019,pushes_LOW,8,"2R,3R-dihydroxybutyrate",-2.3185000586067872e-08,1.2332168817520142
HZl3,1,0.683501124382019,pushes_LOW,9,"phosphatidylcholine (18:0/20:2, 20:0/18:2)*",-2.287250744359426e-08,0.4822206497192383
HZl3,1,0.683501124382019,pushes_LOW,10,1-stearoyl-2-docosapentaenoyl-GPE (18:0/22:5n6)*,-2.2041257707883233e-08,1.521030306816101
HZl9,1,0.4950051009654999,pushes_HIGH,1,xanthosine,2.5030455486074743e-10,-0.2461080104112625
HZl9,1,0.4950051009654999,pushes_HIGH,2,ethylmalonate,1.887467543371102e-10,-0.08452557772397995
HZl9,1,0.4950051009654999,pushes_HIGH,3,glutamate,1.4764978129022666e-10,-0.07157868891954422
HZl9,1,0.4950051009654999,pushes_HIGH,4,2-methylserine,1.445743247341369e-10,-0.42665109038352966
HZl9,1,0.4950051009654999,pushes_HIGH,5,guanidinosuccinate,1.176578973138831e-10,-0.38048413395881653
HZl9,1,0.4950051009654999,pushes_HIGH,6,9-hydroxystearate,1.1481617046005255e-10,-0.7290575504302979
HZl9,1,0.4950051009654999,pushes_HIGH,7,N-methylproline,1.1462812643525666e-10,-0.3442347049713135
HZl9,1,0.4950051009654999,pushes_HIGH,8,mannose,1.0722066984270029e-10,-0.09503231197595596
HZl9,1,0.4950051009654999,pushes_HIGH,9,hypoxanthine,9.745919349324339e-11,-0.1124134212732315
HZl9,1,0.4950051009654999,pushes_HIGH,10,lithocholic acid sulfate (2),8.738523793461184e-11,-0.721373975276947
HZl9,1,0.4950051009654999,pushes_LOW,1,1-(1-enyl-palmitoyl)-2-docosahexaenoyl-GPE (P-16:0/22:6)*,-2.728326009560078e-08,-1.193777084350586
HZl9,1,0.4950051009654999,pushes_LOW,2,"cis-3,4-methyleneheptanoylcarnitine",-2.1218607315631743e-08,-1.9918731451034546
HZl9,1,0.4950051009654999,pushes_LOW,3,deoxycarnitine,-2.0079577112142033e-08,-1.2484683990478516
HZl9,1,0.4950051009654999,pushes_LOW,4,gamma-tocopherol/beta-tocopherol,-1.9414750696000738e-08,-2.786451816558838
HZl9,1,0.4950051009654999,pushes_LOW,5,fibrinopeptide B (1-13)**,-1.6686387382947032e-08,-2.412933349609375
HZl9,1,0.4950051009654999,pushes_LOW,6,glycine conjugate of C10H14O2 (1)*,-1.6623120657754953e-08,-1.811827540397644
HZl9,1,0.4950051009654999,pushes_LOW,7,1-(1-enyl-stearoyl)-2-docosahexaenoyl-GPE (P-18:0/22:6)*,-1.644438007986082e-08,-1.1013790369033813
HZl9,1,0.4950051009654999,pushes_LOW,8,serotonin,-1.6096409538590706e-08,-2.760277032852173
HZl9,1,0.4950051009654999,pushes_LOW,9,urate,-1.587014075710158e-08,-0.7621739506721497
HZl9,1,0.4950051009654999,pushes_LOW,10,1-docosahexaenoyl-GPE (22:6)*,-1.585103603929383e-08,-1.1498249769210815
HZl11,1,0.9177007675170898,pushes_HIGH,1,4-cholesten-3-one,4.876699599698497e-10,0.5704940557479858
HZl11,1,0.9177007675170898,pushes_HIGH,2,corticosterone,4.632070282895029e-10,0.9789100885391235
HZl11,1,0.9177007675170898,pushes_HIGH,3,ethylmalonate,4.1472666967301564e-10,1.3011432886123657
HZl11,1,0.9177007675170898,pushes_HIGH,4,cholesterol sulfate,3.6366659683650937e-10,0.47097882628440857
HZl11,1,0.9177007675170898,pushes_HIGH,5,3-methyl-2-oxobutyrate,3.5589800551072415e-10,0.5220806002616882
HZl11,1,0.9177007675170898,pushes_HIGH,6,alanine,3.3854269387845193e-10,0.15774041414260864
HZl11,1,0.9177007675170898,pushes_HIGH,7,chenodeoxycholate,3.338087306570259e-10,1.4947437047958374
HZl11,1,0.9177007675170898,pushes_HIGH,8,alpha-hydroxyisocaproate,3.2840474784023854e-10,0.6288796067237854
HZl11,1,0.9177007675170898,pushes_HIGH,9,3-hydroxyadipate,3.234841283727974e-10,1.1079022884368896
HZl11,1,0.9177007675170898,pushes_HIGH,10,16-hydroxypalmitate,3.2331912147576247e-10,0.6917470693588257
HZl11,1,0.9177007675170898,pushes_LOW,1,1-oleoyl-2-linoleoyl-GPE (18:1/18:2)*,-2.7591511297941906e-09,-1.8380982875823975
HZl11,1,0.9177007675170898,pushes_LOW,2,1-(1-enyl-oleoyl)-2-linoleoyl-GPE (P-18:1/18:2)*,-2.408462984604398e-09,-1.3099476099014282
HZl11,1,0.9177007675170898,pushes_LOW,3,2-hydroxyglutarate,-2.3126709436382953e-09,-1.4333800077438354
HZl11,1,0.9177007675170898,pushes_LOW,4,1-palmitoyl-2-linoleoyl-GPE (16:0/18:2),-2.1254171755913376e-09,-1.1106318235397339
HZl11,1,0.9177007675170898,pushes_LOW,5,1-palmityl-2-linoleoyl-GPC (O-16:0/18:2)*,-2.1159272112214467e-09,-0.773013174533844
HZl11,1,0.9177007675170898,pushes_LOW,6,1-margaroyl-2-linoleoyl-GPC (17:0/18:2)*,-1.8454401340406434e-09,-0.6377215385437012
HZl11,1,0.9177007675170898,pushes_LOW,7,taurolithocholate 3-sulfate,-1.8403992774196354e-09,-2.496938705444336
HZl11,1,0.9177007675170898,pushes_LOW,8,1-stearyl-2-linoleoyl-GPC (O-18:0/18:2)*,-1.723086562321896e-09,-0.6113008856773376
HZl11,1,0.9177007675170898,pushes_LOW,9,1-stearoyl-2-linoleoyl-GPE (18:0/18:2)*,-1.6424780424628693e-09,-0.8281650543212891
HZl11,1,0.9177007675170898,pushes_LOW,10,oleoyl-linoleoyl-glycerol (18:1/18:2) [2],-1.598654542078748e-09,-0.8861290216445923
HZl12,1,0.5383293628692627,pushes_HIGH,1,5-hydroxylysine,1.0088688107146027e-08,2.13498592376709
HZl12,1,0.5383293628692627,pushes_HIGH,2,N-acetylcitrulline,7.95536081454884e-09,1.358954668045044
HZl12,1,0.5383293628692627,pushes_HIGH,3,isoleucylhydroxyproline*,7.740848850801285e-09,1.6577707529067993
HZl12,1,0.5383293628692627,pushes_HIGH,4,pro-hydroxy-pro,7.012179281673525e-09,1.443147897720337
HZl12,1,0.5383293628692627,pushes_HIGH,5,pyroglutamylvaline,6.567699717408004e-09,1.414100170135498
HZl12,1,0.5383293628692627,pushes_HIGH,6,N-succinyl-phenylalanine,6.463836133008272e-09,1.2805043458938599
HZl12,1,0.5383293628692627,pushes_HIGH,7,propionylglycine,3.4742062560155773e-09,0.6897169947624207
HZl12,1,0.5383293628692627,pushes_HIGH,8,formiminoglutamate,3.2002862582203306e-09,-1.058770775794983
HZl12,1,0.5383293628692627,pushes_HIGH,9,1-arachidoyl-GPC (20:0),3.087518907207709e-09,-0.5572208166122437
HZl12,1,0.5383293628692627,pushes_HIGH,10,palmitoleoylcarnitine (C16:1)*,3.0699833786229647e-09,-0.3889000415802002
HZl12,1,0.5383293628692627,pushes_LOW,1,"glycosyl ceramide (d18:1/20:0, d16:1/22:0)*",-1.212807543282679e-08,-1.4284694194793701
HZl12,1,0.5383293628692627,pushes_LOW,2,fibrinopeptide B (1-11)**,-4.593462055169084e-09,-3.5908758640289307
HZl12,1,0.5383293628692627,pushes_LOW,3,1-arachidoyl-2-arachidonoyl-GPC (20:0/20:4)*,-2.353113037756316e-09,-1.1423743963241577
HZl12,1,0.5383293628692627,pushes_LOW,4,glycerophosphoserine*,-1.4262451220048433e-09,-0.8718419075012207
HZl12,1,0.5383293628692627,pushes_LOW,5,anthranilate,-1.238537272740814e-09,-0.20621097087860107
HZl12,1,0.5383293628692627,pushes_LOW,6,5-hydroxyindoleacetate,-1.233399937738966e-09,-0.39392057061195374
HZl12,1,0.5383293628692627,pushes_LOW,7,O-acetylhomoserine,-1.2204840471596867e-09,-0.31067579984664917
HZl12,1,0.5383293628692627,pushes_LOW,8,pseudouridine,-1.1601735128152768e-09,-0.02190273627638817
HZl12,1,0.5383293628692627,pushes_LOW,9,1-stearoyl-2-docosapentaenoyl-GPE (18:0/22:5n3)*,-1.0969442021391274e-09,0.07732807099819183
HZl12,1,0.5383293628692627,pushes_LOW,10,phenol sulfate,-1.0879016576481604e-09,-0.3956107199192047
HZl1,0,0.2932603359222412,pushes_HIGH,1,chenodeoxycholate,2.9710861548792877e-10,2.4387803077697754
HZl1,0,0.2932603359222412,pushes_HIGH,2,cholate,2.7449356676534364e-10,3.7042315006256104
HZl1,0,0.2932603359222412,pushes_HIGH,3,pantothenate,1.6573524497243142e-10,1.6587952375411987
HZl1,0,0.2932603359222412,pushes_HIGH,4,pyridoxate,1.5873712067016044e-10,2.649359941482544
HZl1,0,0.2932603359222412,pushes_HIGH,5,sucrose,1.5508709594325154e-10,1.3568333387374878
HZl1,0,0.2932603359222412,pushes_HIGH,6,9-hydroxystearate,1.4331284770019437e-10,1.2627742290496826
HZl1,0,0.2932603359222412,pushes_HIGH,7,4-cholesten-3-one,1.3972471790690832e-10,0.43170979619026184
HZl1,0,0.2932603359222412,pushes_HIGH,8,pyridoxal,1.259418125343359e-10,1.3209584951400757
HZl1,0,0.2932603359222412,pushes_HIGH,9,2-hydroxyoleate,8.770777853994716e-11,0.565679669380188
HZl1,0,0.2932603359222412,pushes_HIGH,10,16-hydroxypalmitate,8.554086605716549e-11,0.6355531811714172
HZl1,0,0.2932603359222412,pushes_LOW,1,ursocholate,-8.61970050891614e-09,3.6564643383026123
HZl1,0,0.2932603359222412,pushes_LOW,2,"bilirubin degradation product, C17H18N2O4 (1)**",-1.528300486164369e-09,-1.3299353122711182
HZl1,0,0.2932603359222412,pushes_LOW,3,"bilirubin degradation product, C16H18N2O5 (2)**",-1.4491466915345086e-09,-1.9428486824035645
HZl1,0,0.2932603359222412,pushes_LOW,4,"bilirubin degradation product, C17H18N2O4 (2)**",-1.4276693161008325e-09,-1.2282966375350952
HZl1,0,0.2932603359222412,pushes_LOW,5,asparagine,-1.3809796639563388e-09,-0.6741239428520203
HZl1,0,0.2932603359222412,pushes_LOW,6,"bilirubin degradation product, C17H18N2O4 (3)**",-1.3295102796462288e-09,-1.1426981687545776
HZl1,0,0.2932603359222412,pushes_LOW,7,N-palmitoylserine,-1.2776982805107195e-09,-0.6158108115196228
HZl1,0,0.2932603359222412,pushes_LOW,8,"bilirubin degradation product, C17H20N2O5 (1)**",-1.2518597269917109e-09,-1.7897541522979736
HZl1,0,0.2932603359222412,pushes_LOW,9,"bilirubin degradation product, C17H20N2O5 (2)**",-1.2315716224620132e-09,-1.802288293838501
HZl1,0,0.2932603359222412,pushes_LOW,10,"bilirubin degradation product, C16H18N2O5 (3)**",-1.169393026856369e-09,-1.2758851051330566
HZl2,0,0.4221637547016144,pushes_HIGH,1,glycosyl-N-behenoyl-sphingosine (d18:1/22:0)*,2.1867146315912578e-08,-1.7677379846572876
HZl2,0,0.4221637547016144,pushes_HIGH,2,threonate,1.160397822275172e-08,-2.045238971710205
HZl2,0,0.4221637547016144,pushes_HIGH,3,3-methyl-2-oxobutyrate,1.1485966844304585e-08,-1.1210745573043823
HZl2,0,0.4221637547016144,pushes_HIGH,4,taurocholenate sulfate*,9.840580794673315e-09,-3.5618858337402344
HZl2,0,0.4221637547016144,pushes_HIGH,5,N-stearoyl-sphingadienine (d18:2/18:0)*,9.640153564305365e-09,-1.287748098373413
HZl2,0,0.4221637547016144,pushes_HIGH,6,oxalate (ethanedioate),9.221791330560336e-09,-2.125169038772583
HZl2,0,0.4221637547016144,pushes_HIGH,7,isovalerate (i5:0),9.189269789544596e-09,-1.1753697395324707
HZl2,0,0.4221637547016144,pushes_HIGH,8,"sphingomyelin (d18:1/18:1, d18:2/18:0)",9.0757596993285e-09,-0.675720751285553
HZl2,0,0.4221637547016144,pushes_HIGH,9,1-palmityl-2-stearoyl-GPC (O-16:0/18:0)*,8.485473657060538e-09,-0.8689510822296143
HZl2,0,0.4221637547016144,pushes_HIGH,10,dihomo-linoleoylcarnitine (C20:2)*,7.480139174731448e-09,-1.4386135339736938
HZl2,0,0.4221637547016144,pushes_LOW,1,2-hydroxy-4-(methylthio)butanoic acid,-1.2577745067687829e-08,2.236766815185547
HZl2,0,0.4221637547016144,pushes_LOW,2,cholic acid glucuronide,-1.2363712720286912e-08,2.6405396461486816
HZl2,0,0.4221637547016144,pushes_LOW,3,chenodeoxycholic acid sulfate (1),-1.1983811276650158e-08,2.242985725402832
HZl2,0,0.4221637547016144,pushes_LOW,4,deoxycholic acid glucuronide,-1.1225617768673146e-08,3.53078556060791
HZl2,0,0.4221637547016144,pushes_LOW,5,phenyllactate (PLA),-1.1120643073070369e-08,1.5543495416641235
HZl2,0,0.4221637547016144,pushes_LOW,6,mannitol/sorbitol,-9.969976844104167e-09,3.640606164932251
HZl2,0,0.4221637547016144,pushes_LOW,7,deoxycholate,-7.58095364261635e-09,1.6507798433303833
HZl2,0,0.4221637547016144,pushes_LOW,8,lithocholic acid sulfate (2),-7.047161521001044e-09,2.2590792179107666
HZl2,0,0.4221637547016144,pushes_LOW,9,chenodeoxycholate,-6.6360996697767405e-09,2.3166801929473877
HZl2,0,0.4221637547016144,pushes_LOW,10,sucrose,-6.61104282428937e-09,1.6873723268508911
HZl4,0,0.5595298409461975,pushes_HIGH,1,glycosyl-N-behenoyl-sphingosine (d18:1/22:0)*,1.4260236547158911e-08,-1.19949471950531
HZl4,0,0.5595298409461975,pushes_HIGH,2,taurine,1.2236944790799953e-08,-0.8346522450447083
HZl4,0,0.5595298409461975,pushes_HIGH,3,histidylalanine,1.1904107033444689e-08,-1.143928050994873
HZl4,0,0.5595298409461975,pushes_HIGH,4,asparagine,1.1155965928821843e-08,-0.6741239428520203
HZl4,0,0.5595298409461975,pushes_HIGH,5,sphingosine 1-phosphate,1.1088956419769147e-08,-0.5221777558326721
HZl4,0,0.5595298409461975,pushes_HIGH,6,valylglycine,1.0180397858050583e-08,-0.9014195799827576
HZl4,0,0.5595298409461975,pushes_HIGH,7,"bilirubin degradation product, C16H18N2O5 (2)**",1.0079837409193715e-08,-1.4244158267974854
HZl4,0,0.5595298409461975,pushes_HIGH,8,hypotaurine,9.971517833662347e-09,-1.0129042863845825
HZl4,0,0.5595298409461975,pushes_HIGH,9,"ceramide (d16:1/24:1, d18:1/22:1)*",9.748283957833337e-09,-0.956016480922699
HZl4,0,0.5595298409461975,pushes_HIGH,10,glu-gly-asn-val**,9.722342930729155e-09,-1.7729016542434692
HZl4,0,0.5595298409461975,pushes_LOW,1,2'-O-methylcytidine,-2.1808098438214074e-08,0.765290379524231
HZl4,0,0.5595298409461975,pushes_LOW,2,1-pentadecanoyl-2-arachidonoyl-GPC (15:0/20:4)*,-2.061556259036479e-08,0.828155517578125
HZl4,0,0.5595298409461975,pushes_LOW,3,gamma-glutamylcitrulline*,-2.0136610601184657e-08,1.0078176259994507
HZl4,0,0.5595298409461975,pushes_LOW,4,5-hydroxyindole sulfate,-1.953224426642919e-08,1.0154662132263184
HZl4,0,0.5595298409461975,pushes_LOW,5,1-palmitoyl-2-pentadecanoyl-GPC (16:0/15:0)*,-1.9462598643826823e-08,0.7554665207862854
HZl4,0,0.5595298409461975,pushes_LOW,6,1-docosahexaenoyl-GPC (22:6)*,-1.9338372680977045e-08,0.44694700837135315
HZl4,0,0.5595298409461975,pushes_LOW,7,1-myristoyl-2-arachidonoyl-GPC (14:0/20:4)*,-1.9319664090744482e-08,0.7998485565185547
HZl4,0,0.5595298409461975,pushes_LOW,8,pregnenediol sulfate (C21H34O5S)*,-1.906364488490908e-08,1.3100887537002563
HZl4,0,0.5595298409461975,pushes_LOW,9,dehydroepiandrosterone sulfate (DHEA-S),-1.901338286813825e-08,1.1581882238388062
HZl4,0,0.5595298409461975,pushes_LOW,10,N6-methyllysine,-1.896978929494253e-08,1.2012027502059937
HZl5,0,0.3892185091972351,pushes_HIGH,1,homovanillate (HVA),2.000536092339189e-08,4.794663429260254
HZl5,0,0.3892185091972351,pushes_HIGH,2,uracil,6.314364142667728e-09,1.9066131114959717
HZl5,0,0.3892185091972351,pushes_HIGH,3,glycerophosphoserine*,5.636376254614106e-09,0.5813965797424316
HZl5,0,0.3892185091972351,pushes_HIGH,4,glycochenodeoxycholate glucuronide (1),5.605492958693503e-09,2.9122157096862793
HZl5,0,0.3892185091972351,pushes_HIGH,5,"5alpha-androstan-3alpha,17beta-diol disulfate",5.581585416081225e-09,2.7902019023895264
HZl5,0,0.3892185091972351,pushes_HIGH,6,vanillic alcohol sulfate,4.861973490477567e-09,3.5695788860321045
HZl5,0,0.3892185091972351,pushes_HIGH,7,taurodeoxycholic acid 3-sulfate,4.641531159421675e-09,2.3484580516815186
HZl5,0,0.3892185091972351,pushes_HIGH,8,1-palmitoyl-2-gamma-linolenoyl-GPC (16:0/18:3n6)*,4.409802301097443e-09,1.3853569030761719
HZl5,0,0.3892185091972351,pushes_HIGH,9,GlcNAc sulfate conjugate of C21H34O2 steroid**,4.3805794547324695e-09,1.6978236436843872
HZl5,0,0.3892185091972351,pushes_HIGH,10,4-oxo-retinoic acid,4.192966418514743e-09,1.1789077520370483
HZl5,0,0.3892185091972351,pushes_LOW,1,oleoyl-oleoyl-glycerol (18:1/18:1) [1]*,-7.56032458859579e-10,-0.6502957940101624
HZl5,0,0.3892185091972351,pushes_LOW,2,palmitoyl-linoleoyl-glycerol (16:0/18:2) [1]*,-7.409311497674764e-10,-0.41108182072639465
HZl5,0,0.3892185091972351,pushes_LOW,3,oleoyl-oleoyl-glycerol (18:1/18:1) [2]*,-7.290392733949602e-10,-0.6548818349838257
HZl5,0,0.3892185091972351,pushes_LOW,4,N1-methylinosine,-7.164033255513402e-10,-1.0846493244171143
HZl5,0,0.3892185091972351,pushes_LOW,5,chiro-inositol,-7.153423409178572e-10,-2.6672840118408203
HZl5,0,0.3892185091972351,pushes_LOW,6,3-hydroxyoctanoylcarnitine (2),-7.146939706714761e-10,-0.9748260974884033
HZl5,0,0.3892185091972351,pushes_LOW,7,1-stearoyl-2-dihomo-linolenoyl-GPE (18:0/20:3n3 or 6)*,-7.022501469222675e-10,-0.5466803312301636
HZl5,0,0.3892185091972351,pushes_LOW,8,linoleoyl-arachidonoyl-glycerol (18:2/20:4) [1]*,-6.882512337824664e-10,-0.5717067718505859
HZl5,0,0.3892185091972351,pushes_LOW,9,1-oleoylglycerol (18:1),-6.876229030616798e-10,-0.2748992443084717
HZl5,0,0.3892185091972351,pushes_LOW,10,1-palmitoyl-2-linoleoyl-GPE (16:0/18:2),-6.839040445072442e-10,-0.5361104011535645
HZl6,0,0.4058983325958252,pushes_HIGH,1,gamma-glutamylvaline,1.790521864108996e-08,-1.4812983274459839
HZl6,0,0.4058983325958252,pushes_HIGH,2,adenine,1.372488700468466e-08,-0.8358126878738403
HZl6,0,0.4058983325958252,pushes_HIGH,3,sphingosine,1.1104032360265137e-08,-1.1247708797454834
HZl6,0,0.4058983325958252,pushes_HIGH,4,1-palmitoyl-2-(hydroxylinoleoyl)-GPC (16:0/18:2(OH))*,1.0519232596095662e-08,-0.9396937489509583
HZl6,0,0.4058983325958252,pushes_HIGH,5,1-palmitoyl-2-oleoyl-GPI (16:0/18:1)*,1.0480180279159867e-08,-0.7154823541641235
HZl6,0,0.4058983325958252,pushes_HIGH,6,"ceramide (d18:1/14:0, d16:1/16:0)*",1.0087983781659204e-08,-0.9128620028495789
HZl6,0,0.4058983325958252,pushes_HIGH,7,carnitine,9.650128696137017e-09,-0.480153352022171
HZl6,0,0.4058983325958252,pushes_HIGH,8,1-stearyl-GPC (O-18:0)*,9.456374350236274e-09,-0.6380085945129395
HZl6,0,0.4058983325958252,pushes_HIGH,9,sphingadienine,9.25305698729062e-09,-2.7509255409240723
HZl6,0,0.4058983325958252,pushes_HIGH,10,N-palmitoylserine,8.763833214686656e-09,-0.6158108115196228
HZl6,0,0.4058983325958252,pushes_LOW,1,trans-urocanate,-2.0251237131674316e-08,1.648756980895996
HZl6,0,0.4058983325958252,pushes_LOW,2,2-hydroxymyristate,-1.8894098730015685e-08,0.9932258725166321
HZl6,0,0.4058983325958252,pushes_LOW,3,acetoacetate,-1.887636713604479e-08,1.1682051420211792
HZl6,0,0.4058983325958252,pushes_LOW,4,tridecenedioate (C13:1-DC)*,-1.8591778783161317e-08,1.7116094827651978
HZl6,0,0.4058983325958252,pushes_LOW,5,dodecenedioate (C12:1-DC)*,-1.7621104575482605e-08,1.9464222192764282
HZl6,0,0.4058983325958252,pushes_LOW,6,dodecanedioate (C12-DC),-1.719885034390245e-08,1.462612271308899
HZl6,0,0.4058983325958252,pushes_LOW,7,"branched-chain, straight-chain, or cyclopropyl 10:1 fatty acid (2)*",-1.6731668495140184e-08,1.2987488508224487
HZl6,0,0.4058983325958252,pushes_LOW,8,octadecadienedioate (C18:2-DC)*,-1.5972432265698444e-08,1.6344252824783325
HZl6,0,0.4058983325958252,pushes_LOW,9,N-carbamoylalanine,-1.5510332573853702e-08,1.7828381061553955
HZl6,0,0.4058983325958252,pushes_LOW,10,alpha-CEHC sulfate,-1.533967974864936e-08,2.8604178428649902
HZl7,0,0.43602073192596436,pushes_HIGH,1,"branched-chain, straight-chain, or cyclopropyl 10:1 fatty acid (1)*",4.992038338258453e-09,0.836546778678894
HZl7,0,0.43602073192596436,pushes_HIGH,2,dihomo-linoleate (20:2n6),4.969290312573094e-09,0.9244035482406616
HZl7,0,0.43602073192596436,pushes_HIGH,3,1-arachidonoyl-GPI (20:4)*,4.891422822339564e-09,0.38636696338653564
HZl7,0,0.43602073192596436,pushes_HIGH,4,10-heptadecenoate (17:1n7),4.868749847730669e-09,1.2074295282363892
HZl7,0,0.43602073192596436,pushes_HIGH,5,eicosenoate (20:1),4.867156899734937e-09,1.0004868507385254
HZl7,0,0.43602073192596436,pushes_HIGH,6,1-dihomo-linolenylglycerol (20:3),4.8482289294327074e-09,0.569784939289093
HZl7,0,0.43602073192596436,pushes_HIGH,7,1-stearoyl-2-dihomo-linolenoyl-GPI (18:0/20:3n3 or 6)*,4.836720801648653e-09,0.6117656230926514
HZl7,0,0.43602073192596436,pushes_HIGH,8,palmitoleoyl-arachidonoyl-glycerol (16:1/20:4) [2]*,4.813783593959897e-09,0.9686793684959412
HZl7,0,0.43602073192596436,pushes_HIGH,9,stearate (18:0),4.7979931139252585e-09,0.5650550723075867
HZl7,0,0.43602073192596436,pushes_HIGH,10,arachidonate (20:4n6),4.752976678901177e-09,0.42239677906036377
HZl7,0,0.43602073192596436,pushes_LOW,1,1-stearyl-2-docosapentaenoyl-GPC (O-18:0/22:5n3)*,-1.0862438060144086e-08,-0.4963000416755676
HZl7,0,0.43602073192596436,pushes_LOW,2,glucuronide of C12H22O4 (1)*,-1.0792715166019207e-08,-1.1240392923355103
HZl7,0,0.43602073192596436,pushes_LOW,3,"N2-acetyl,N6,N6-dimethyllysine",-1.0643791625852828e-08,-2.2675795555114746
HZl7,0,0.43602073192596436,pushes_LOW,4,oleamide,-1.0515584847325954e-08,-6.371771335601807
HZl7,0,0.43602073192596436,pushes_LOW,5,inosine,-1.032591967486951e-08,-3.3096139430999756
HZl7,0,0.43602073192596436,pushes_LOW,6,sphingadienine,-1.0260538196860125e-08,-2.485522508621216
HZl7,0,0.43602073192596436,pushes_LOW,7,"N6,N6-dimethyllysine",-1.0064439948109793e-08,-1.8601497411727905
HZl7,0,0.43602073192596436,pushes_LOW,8,fibrinopeptide B (1-11)**,-9.910234410881458e-09,-1.7276434898376465
HZl7,0,0.43602073192596436,pushes_LOW,9,fibrinopeptide B (1-13)**,-9.848746707064038e-09,-1.61030113697052
HZl7,0,0.43602073192596436,pushes_LOW,10,fibrinopeptide A (4-15)**,-9.800861455744325e-09,-1.1695724725723267
HZl8,0,0.46051567792892456,pushes_HIGH,1,2-hydroxyarachidate*,1.1684661016531095e-09,0.7218872904777527
HZl8,0,0.46051567792892456,pushes_HIGH,2,deoxycarnitine,1.1086718210151503e-09,0.3708815574645996
HZl8,0,0.46051567792892456,pushes_HIGH,3,myristoyl-linoleoyl-glycerol (14:0/18:2) [2]*,1.1082607054291316e-09,0.9441254138946533
HZl8,0,0.46051567792892456,pushes_HIGH,4,histidine,1.10639186701178e-09,0.1378958374261856
HZl8,0,0.46051567792892456,pushes_HIGH,5,phenyllactate (PLA),1.0828272722918086e-09,0.6999091506004333
HZl8,0,0.46051567792892456,pushes_HIGH,6,proline,1.0742542411179556e-09,0.3210330605506897
HZl8,0,0.46051567792892456,pushes_HIGH,7,gamma-glutamylhistidine,1.0670042627225484e-09,0.4175928831100464
HZl8,0,0.46051567792892456,pushes_HIGH,8,1-eicosapentaenoyl-GPE (20:5)*,1.0531611138731023e-09,0.743930459022522
HZl8,0,0.46051567792892456,pushes_HIGH,9,3-(4-hydroxyphenyl)lactate,1.0513649950638637e-09,0.44948047399520874
HZl8,0,0.46051567792892456,pushes_HIGH,10,"2S,3R-dihydroxybutyrate",1.0512751780211715e-09,0.7229462265968323
HZl8,0,0.46051567792892456,pushes_LOW,1,fibrinopeptide B (1-11)**,-2.2589746961898527e-08,-3.5674822330474854
HZl8,0,0.46051567792892456,pushes_LOW,2,methionine sulfone,-1.526737669621525e-08,-1.5241737365722656
HZl8,0,0.46051567792892456,pushes_LOW,3,serine,-1.4051645180757077e-08,-1.3207167387008667
HZl8,0,0.46051567792892456,pushes_LOW,4,1-oleyl-GPC (O-18:1)*,-1.2441295993426138e-08,-0.5978423357009888
HZl8,0,0.46051567792892456,pushes_LOW,5,1-(1-enyl-palmitoyl)-2-linoleoyl-GPC (P-16:0/18:2)*,-1.0589959131834803e-08,-0.5952590107917786
HZl8,0,0.46051567792892456,pushes_LOW,6,1-oleoyl-GPC (18:1),-1.0283748075323729e-08,-0.345674991607666
HZl8,0,0.46051567792892456,pushes_LOW,7,1-(1-enyl-palmitoyl)-2-oleoyl-GPE (P-16:0/18:1)*,-1.025590101733087e-08,-0.649253785610199
HZl8,0,0.46051567792892456,pushes_LOW,8,1-(1-enyl-oleoyl)-2-docosahexaenoyl-GPC (P-18:1/22:6)*,-1.0241363312957219e-08,-0.7245349287986755
HZl8,0,0.46051567792892456,pushes_LOW,9,N-acetyl-isoputreanine,-1.0220484014666908e-08,-0.4260684847831726
HZl8,0,0.46051567792892456,pushes_LOW,10,fibrinopeptide B (1-12)**,-9.984166382537296e-09,-1.9741398096084595
HZl10,0,0.4421597123146057,pushes_HIGH,1,pregnenediol sulfate (C21H34O5S)*,3.4372774848634435e-08,-2.6905312538146973
HZl10,0,0.4421597123146057,pushes_HIGH,2,indolepropionate,3.3865799053955925e-08,-2.6681673526763916
HZl10,0,0.4421597123146057,pushes_HIGH,3,pregnenetriol sulfate*,3.364963774288299e-08,-3.1273269653320312
HZl10,0,0.4421597123146057,pushes_HIGH,4,"androstenediol (3beta,17beta) disulfate (1)",3.345902754858798e-08,-4.025619029998779
HZl10,0,0.4421597123146057,pushes_HIGH,5,"androstenediol (3beta,17beta) disulfate (2)",3.290075412110127e-08,-3.0078868865966797
HZl10,0,0.4421597123146057,pushes_HIGH,6,"androstenediol (3beta,17beta) monosulfate (2)",3.277777693710959e-08,-2.664015293121338
HZl10,0,0.4421597123146057,pushes_HIGH,7,21-hydroxypregnenolone disulfate,3.248740299000019e-08,-2.396256923675537
HZl10,0,0.4421597123146057,pushes_HIGH,8,cortolone glucuronide (1),3.231223644206693e-08,-2.353344678878784
HZl10,0,0.4421597123146057,pushes_HIGH,9,"androstenediol (3beta,17beta) monosulfate (1)",3.2302697405839353e-08,-3.5475080013275146
HZl10,0,0.4421597123146057,pushes_HIGH,10,valerate (5:0),3.1161288660541686e-08,-1.2968441247940063
HZl10,0,0.4421597123146057,pushes_LOW,1,fumarate,-2.3549645788989437e-08,1.0286293029785156
HZl10,0,0.4421597123146057,pushes_LOW,2,succinate,-2.3359005396628163e-08,0.7635155916213989
HZl10,0,0.4421597123146057,pushes_LOW,3,N1-methyl-2-pyridone-5-carboxamide,-2.3272400895280043e-08,1.1915353536605835
HZl10,0,0.4421597123146057,pushes_LOW,4,glycerol,-2.2890230155780955e-08,1.050489068031311
HZl10,0,0.4421597123146057,pushes_LOW,5,N-methylproline,-2.25994796210216e-08,1.5360993146896362
HZl10,0,0.4421597123146057,pushes_LOW,6,tryptophan,-2.256645892373399e-08,0.30708780884742737
HZl10,0,0.4421597123146057,pushes_LOW,7,1-methylnicotinamide,-2.1859186460915225e-08,1.0243687629699707
HZl10,0,0.4421597123146057,pushes_LOW,8,citrate,-2.1176367326347645e-08,0.531188428401947
HZl10,0,0.4421597123146057,pushes_LOW,9,sucrose,-2.049486447219806e-08,0.78725266456604
HZl10,0,0.4421597123146057,pushes_LOW,10,2-hydroxydecanoate,-2.023561584962863e-08,1.4574801921844482
