rank_SUM,enzyme_id,degree,best_linked_rank,median_linked_rank,score_SUM,score_MEAN,score_TOP3_MEAN,score_TOP5_MEAN,score_MAX,score_SUM_NORM_SQRT,score_RANK_WEIGHTED,rank_MEAN,rank_TOP3_MEAN,rank_TOP5_MEAN,rank_MAX,rank_SUM_NORM_SQRT,rank_RANK_WEIGHTED
1,ec:1.2.3.1,7,62,230.0,7.362936787105694e-06,1.0518481124436704e-06,1.2184820423366741e-06,1.1322568442054888e-06,1.2854233735122207e-06,2.782928522538656e-06,0.04605604355660973,291,59,143,30,2,5
2,ec:3.5.1.24,5,30,92.0,6.236210514035216e-06,1.2472421028070432e-06,1.282023549144628e-06,1.2472421028070432e-06,1.3188328774574833e-06,2.7889181262763297e-06,0.07130234231683506,47,23,47,4,1,4
3,ec:1.2.1.3,4,215,223.0,4.074233079506828e-06,1.018558269876707e-06,1.083870501742508e-06,1.018558269876707e-06,1.095178942852645e-06,2.037116539753414e-06,0.017644682764311935,304,252,304,193,5,32
4,ec:3.1.3.6,3,39,98.0,3.7779526071573264e-06,1.2593175357191089e-06,1.2593175357191089e-06,1.2593175357191089e-06,1.306092710092476e-06,2.181201954727931e-06,0.04359704525817482,37,38,37,20,3,6
4,ec:3.1.3.5,3,39,98.0,3.7779526071573264e-06,1.2593175357191089e-06,1.2593175357191089e-06,1.2593175357191089e-06,1.306092710092476e-06,2.181201954727931e-06,0.04359704525817482,37,38,37,20,3,6
6,ec:2.6.1.1,3,177,216.0,3.3084062214617413e-06,1.1028020738205804e-06,1.1028020738205804e-06,1.1028020738205804e-06,1.1597149218969506e-06,1.9101092225495693e-06,0.014552851417258197,189,190,190,88,6,38
7,ec:3.5.4.5,2,39,68.5,2.558624278855703e-06,1.2793121394278514e-06,1.2793121394278514e-06,1.2793121394278514e-06,1.306092710092476e-06,1.8092205780874073e-06,0.0358451072736787,23,24,23,20,7,9
7,ec:2.7.1.48,2,39,68.5,2.558624278855703e-06,1.2793121394278514e-06,1.2793121394278514e-06,1.2793121394278514e-06,1.306092710092476e-06,1.8092205780874073e-06,0.0358451072736787,23,24,23,20,7,9
7,ec:3.2.2.8,2,39,68.5,2.558624278855703e-06,1.2793121394278514e-06,1.2793121394278514e-06,1.2793121394278514e-06,1.306092710092476e-06,1.8092205780874073e-06,0.0358451072736787,23,24,23,20,7,9
7,ec:2.7.1.213,2,39,68.5,2.558624278855703e-06,1.2793121394278514e-06,1.2793121394278514e-06,1.2793121394278514e-06,1.306092710092476e-06,1.8092205780874073e-06,0.0358451072736787,23,24,23,20,7,9
7,ec:2.4.2.2,2,39,68.5,2.558624278855703e-06,1.2793121394278514e-06,1.2793121394278514e-06,1.2793121394278514e-06,1.306092710092476e-06,1.8092205780874073e-06,0.0358451072736787,23,24,23,20,7,9
12,ec:2.8.3.25,2,92,96.5,2.5050669077934745e-06,1.2525334538967372e-06,1.2525334538967372e-06,1.2525334538967372e-06,1.255461336862134e-06,1.7713497978267814e-06,0.020770555316401207,39,40,39,45,12,30
13,ec:2.3.1.65,2,30,106.0,2.4729922642268225e-06,1.2364961321134112e-06,1.2364961321134112e-06,1.2364961321134112e-06,1.3188328774574833e-06,1.7486695998566604e-06,0.03882783882783883,48,48,48,4,13,8
14,ec:2.5.1.48,2,38,118.5,2.435905721123835e-06,1.2179528605619176e-06,1.2179528605619176e-06,1.2179528605619176e-06,1.3069884013600304e-06,1.7224454537377708e-06,0.031340915101824914,59,60,59,6,14,14
15,ec:2.3.1.54,2,38,122.0,2.4231874046947546e-06,1.2115937023473773e-06,1.2115937023473773e-06,1.2115937023473773e-06,1.3069884013600304e-06,1.7134522459454917e-06,0.031170158405723042,62,63,62,6,15,15
15,ec:2.2.1.6,2,38,122.0,2.4231874046947546e-06,1.2115937023473773e-06,1.2115937023473773e-06,1.2115937023473773e-06,1.3069884013600304e-06,1.7134522459454917e-06,0.031170158405723042,62,63,62,6,15,15
17,ec:3.4.13.20,2,149,166.0,2.3505866432306356e-06,1.1752933216153178e-06,1.1752933216153178e-06,1.1752933216153178e-06,1.197045261013151e-06,1.6621157551949061e-06,0.012175890270290094,82,83,82,74,17,41
17,ec:6.3.2.11,2,149,166.0,2.3505866432306356e-06,1.1752933216153178e-06,1.1752933216153178e-06,1.1752933216153178e-06,1.197045261013151e-06,1.6621157551949061e-06,0.012175890270290094,82,83,82,74,17,41
19,ec:2.4.2.1,2,129,173.0,2.313132629654873e-06,1.1565663148274365e-06,1.1565663148274365e-06,1.1565663148274365e-06,1.2193283283016235e-06,1.6356317682128313e-06,0.0123602329153717,99,100,99,55,19,39
19,ec:3.2.2.1,2,129,173.0,2.313132629654873e-06,1.1565663148274365e-06,1.1565663148274365e-06,1.1565663148274365e-06,1.2193283283016235e-06,1.6356317682128313e-06,0.0123602329153717,99,100,99,55,19,39
21,ec:3.5.1.95,2,138,184.0,2.273427437203083e-06,1.1367137186015415e-06,1.1367137186015415e-06,1.1367137186015415e-06,1.211289409840676e-06,1.6075559573818538e-06,0.011594202898550725,142,143,142,67,21,43
22,ec:1.4.3.2,2,177,205.5,2.2141116864492688e-06,1.1070558432246344e-06,1.1070558432246344e-06,1.1070558432246344e-06,1.1597149218969506e-06,1.5656133877926607e-06,0.009923221787628568,184,185,185,88,22,56
22,ec:2.6.1.57,2,177,205.5,2.2141116864492688e-06,1.1070558432246344e-06,1.1070558432246344e-06,1.1070558432246344e-06,1.1597149218969506e-06,1.5656133877926607e-06,0.009923221787628568,184,185,185,88,22,56
22,ec:2.6.1.103,2,177,205.5,2.2141116864492688e-06,1.1070558432246344e-06,1.1070558432246344e-06,1.1070558432246344e-06,1.1597149218969506e-06,1.5656133877926607e-06,0.009923221787628568,184,185,185,88,22,56
22,ec:2.6.1.5,2,177,205.5,2.2141116864492688e-06,1.1070558432246344e-06,1.1070558432246344e-06,1.1070558432246344e-06,1.1597149218969506e-06,1.5656133877926607e-06,0.009923221787628568,184,185,185,88,22,56
22,ec:2.6.1.9,2,177,205.5,2.2141116864492688e-06,1.1070558432246344e-06,1.1070558432246344e-06,1.1070558432246344e-06,1.1597149218969506e-06,1.5656133877926607e-06,0.009923221787628568,184,185,185,88,22,56
27,ec:1.3.98.1,2,186,212.0,2.1952554510395398e-06,1.0976277255197699e-06,1.0976277255197699e-06,1.0976277255197699e-06,1.150483710296785e-06,1.5522800158667914e-06,0.009578024758290414,191,192,192,129,30,65
28,ec:1.17.3.2,2,217,219.5,2.179265651119716e-06,1.089632825559858e-06,1.089632825559858e-06,1.089632825559858e-06,1.0938043013532496e-06,1.5409735199136679e-06,0.00911279943538008,237,238,238,233,31,66
29,ec:3.5.1.3,2,216,228.0,2.131514616576585e-06,1.0657573082882925e-06,1.0657573082882925e-06,1.0657573082882925e-06,1.0942945350124724e-06,1.5072084395795469e-06,0.008796296296296295,253,255,254,212,32,68
29,ec:3.5.1.111,2,216,228.0,2.131514616576585e-06,1.0657573082882925e-06,1.0657573082882925e-06,1.0657573082882925e-06,1.0942945350124724e-06,1.5072084395795469e-06,0.008796296296296295,253,255,254,212,32,68
31,ec:1.2.3.8,2,245,246.5,1.8227310584539598e-06,9.113655292269799e-07,9.113655292269799e-07,9.113655292269799e-07,9.437000666550148e-07,1.2888654917121283e-06,0.008113890717577354,312,312,312,309,48,71
32,ec:1.4.3.4,1,2,2.0,1.5551185283834025e-06,1.5551185283834025e-06,1.5551185283834025e-06,1.5551185283834025e-06,1.5551185283834025e-06,1.5551185283834025e-06,0.5,1,1,1,1,27,1
32,ec:2.1.1.8,1,2,2.0,1.5551185283834025e-06,1.5551185283834025e-06,1.5551185283834025e-06,1.5551185283834025e-06,1.5551185283834025e-06,1.5551185283834025e-06,0.5,1,1,1,1,27,1
32,ec:1.4.3.22,1,2,2.0,1.5551185283834025e-06,1.5551185283834025e-06,1.5551185283834025e-06,1.5551185283834025e-06,1.5551185283834025e-06,1.5551185283834025e-06,0.5,1,1,1,1,27,1
35,ec:2.3.3.6,1,38,38.0,1.3069884013600304e-06,1.3069884013600304e-06,1.3069884013600304e-06,1.3069884013600304e-06,1.3069884013600304e-06,1.3069884013600304e-06,0.02631578947368421,4,4,4,6,34,17
35,ec:1.2.7.1,1,38,38.0,1.3069884013600304e-06,1.3069884013600304e-06,1.3069884013600304e-06,1.3069884013600304e-06,1.3069884013600304e-06,1.3069884013600304e-06,0.02631578947368421,4,4,4,6,34,17
35,ec:3.5.99.7,1,38,38.0,1.3069884013600304e-06,1.3069884013600304e-06,1.3069884013600304e-06,1.3069884013600304e-06,1.3069884013600304e-06,1.3069884013600304e-06,0.02631578947368421,4,4,4,6,34,17
35,ec:4.4.1.1,1,38,38.0,1.3069884013600304e-06,1.3069884013600304e-06,1.3069884013600304e-06,1.3069884013600304e-06,1.3069884013600304e-06,1.3069884013600304e-06,0.02631578947368421,4,4,4,6,34,17
35,ec:4.4.1.11,1,38,38.0,1.3069884013600304e-06,1.3069884013600304e-06,1.3069884013600304e-06,1.3069884013600304e-06,1.3069884013600304e-06,1.3069884013600304e-06,0.02631578947368421,4,4,4,6,34,17
35,ec:1.1.1.27,1,38,38.0,1.3069884013600304e-06,1.3069884013600304e-06,1.3069884013600304e-06,1.3069884013600304e-06,1.3069884013600304e-06,1.3069884013600304e-06,0.02631578947368421,4,4,4,6,34,17
35,ec:1.1.1.85,1,38,38.0,1.3069884013600304e-06,1.3069884013600304e-06,1.3069884013600304e-06,1.3069884013600304e-06,1.3069884013600304e-06,1.3069884013600304e-06,0.02631578947368421,4,4,4,6,34,17
35,ec:4.3.1.19,1,38,38.0,1.3069884013600304e-06,1.3069884013600304e-06,1.3069884013600304e-06,1.3069884013600304e-06,1.3069884013600304e-06,1.3069884013600304e-06,0.02631578947368421,4,4,4,6,34,17
35,ec:2.6.1.42,1,38,38.0,1.3069884013600304e-06,1.3069884013600304e-06,1.3069884013600304e-06,1.3069884013600304e-06,1.3069884013600304e-06,1.3069884013600304e-06,0.02631578947368421,4,4,4,6,34,17
35,ec:4.4.1.2,1,38,38.0,1.3069884013600304e-06,1.3069884013600304e-06,1.3069884013600304e-06,1.3069884013600304e-06,1.3069884013600304e-06,1.3069884013600304e-06,0.02631578947368421,4,4,4,6,34,17
35,ec:4.1.1.112,1,38,38.0,1.3069884013600304e-06,1.3069884013600304e-06,1.3069884013600304e-06,1.3069884013600304e-06,1.3069884013600304e-06,1.3069884013600304e-06,0.02631578947368421,4,4,4,6,34,17
46,ec:3.5.1.135,1,39,39.0,1.306092710092476e-06,1.306092710092476e-06,1.306092710092476e-06,1.306092710092476e-06,1.306092710092476e-06,1.306092710092476e-06,0.02564102564102564,15,15,15,20,45,28
46,ec:3.1.3.91,1,39,39.0,1.306092710092476e-06,1.306092710092476e-06,1.306092710092476e-06,1.306092710092476e-06,1.306092710092476e-06,1.306092710092476e-06,0.02564102564102564,15,15,15,20,45,28
48,ec:1.14.14.29,1,52,52.0,1.2956518208622544e-06,1.2956518208622544e-06,1.2956518208622544e-06,1.2956518208622544e-06,1.2956518208622544e-06,1.2956518208622544e-06,0.019230769230769232,17,17,17,29,47,31
49,ec:1.2.1.29,1,62,62.0,1.2854233735122207e-06,1.2854233735122207e-06,1.2854233735122207e-06,1.2854233735122207e-06,1.2854233735122207e-06,1.2854233735122207e-06,0.016129032258064516,18,18,18,30,49,33
49,ec:1.14.13.172,1,62,62.0,1.2854233735122207e-06,1.2854233735122207e-06,1.2854233735122207e-06,1.2854233735122207e-06,1.2854233735122207e-06,1.2854233735122207e-06,0.016129032258064516,18,18,18,30,49,33
49,ec:1.13.11.4,1,62,62.0,1.2854233735122207e-06,1.2854233735122207e-06,1.2854233735122207e-06,1.2854233735122207e-06,1.2854233735122207e-06,1.2854233735122207e-06,0.016129032258064516,18,18,18,30,49,33
49,ec:4.1.1.62,1,62,62.0,1.2854233735122207e-06,1.2854233735122207e-06,1.2854233735122207e-06,1.2854233735122207e-06,1.2854233735122207e-06,1.2854233735122207e-06,0.016129032258064516,18,18,18,30,49,33
49,ec:1.14.13.24,1,62,62.0,1.2854233735122207e-06,1.2854233735122207e-06,1.2854233735122207e-06,1.2854233735122207e-06,1.2854233735122207e-06,1.2854233735122207e-06,0.016129032258064516,18,18,18,30,49,33
54,ec:4.1.1.75,1,87,87.0,1.2632031548225012e-06,1.2632031548225012e-06,1.2632031548225012e-06,1.2632031548225012e-06,1.2632031548225012e-06,1.2632031548225012e-06,0.011494252873563218,28,29,28,36,54,44
54,ec:1.4.99.6,1,87,87.0,1.2632031548225012e-06,1.2632031548225012e-06,1.2632031548225012e-06,1.2632031548225012e-06,1.2632031548225012e-06,1.2632031548225012e-06,0.011494252873563218,28,29,28,36,54,44
54,ec:2.6.1.21,1,87,87.0,1.2632031548225012e-06,1.2632031548225012e-06,1.2632031548225012e-06,1.2632031548225012e-06,1.2632031548225012e-06,1.2632031548225012e-06,0.011494252873563218,28,29,28,36,54,44
54,ec:2.6.1.84,1,87,87.0,1.2632031548225012e-06,1.2632031548225012e-06,1.2632031548225012e-06,1.2632031548225012e-06,1.2632031548225012e-06,1.2632031548225012e-06,0.011494252873563218,28,29,28,36,54,44
54,ec:2.6.1.125,1,87,87.0,1.2632031548225012e-06,1.2632031548225012e-06,1.2632031548225012e-06,1.2632031548225012e-06,1.2632031548225012e-06,1.2632031548225012e-06,0.011494252873563218,28,29,28,36,54,44
54,ec:1.4.1.25,1,87,87.0,1.2632031548225012e-06,1.2632031548225012e-06,1.2632031548225012e-06,1.2632031548225012e-06,1.2632031548225012e-06,1.2632031548225012e-06,0.011494252873563218,28,29,28,36,54,44
54,ec:1.4.3.3,1,87,87.0,1.2632031548225012e-06,1.2632031548225012e-06,1.2632031548225012e-06,1.2632031548225012e-06,1.2632031548225012e-06,1.2632031548225012e-06,0.011494252873563218,28,29,28,36,54,44
54,ec:1.4.3.25,1,87,87.0,1.2632031548225012e-06,1.2632031548225012e-06,1.2632031548225012e-06,1.2632031548225012e-06,1.2632031548225012e-06,1.2632031548225012e-06,0.011494252873563218,28,29,28,36,54,44
54,ec:2.1.1.243,1,87,87.0,1.2632031548225012e-06,1.2632031548225012e-06,1.2632031548225012e-06,1.2632031548225012e-06,1.2632031548225012e-06,1.2632031548225012e-06,0.011494252873563218,28,29,28,36,54,44
63,ec:1.14.11.3,1,98,98.0,1.252531568763227e-06,1.252531568763227e-06,1.252531568763227e-06,1.252531568763227e-06,1.252531568763227e-06,1.252531568763227e-06,0.01020408163265306,40,41,40,46,63,53
63,ec:2.4.2.3,1,98,98.0,1.252531568763227e-06,1.252531568763227e-06,1.252531568763227e-06,1.252531568763227e-06,1.252531568763227e-06,1.252531568763227e-06,0.01020408163265306,40,41,40,46,63,53
63,ec:3.2.2.3,1,98,98.0,1.252531568763227e-06,1.252531568763227e-06,1.252531568763227e-06,1.252531568763227e-06,1.252531568763227e-06,1.252531568763227e-06,0.01020408163265306,40,41,40,46,63,53
66,ec:1.14.14.138,1,101,101.0,1.2496055709313404e-06,1.2496055709313404e-06,1.2496055709313404e-06,1.2496055709313404e-06,1.2496055709313404e-06,1.2496055709313404e-06,0.009900990099009901,43,44,43,49,66,61
66,ec:1.1.1.392,1,101,101.0,1.2496055709313404e-06,1.2496055709313404e-06,1.2496055709313404e-06,1.2496055709313404e-06,1.2496055709313404e-06,1.2496055709313404e-06,0.009900990099009901,43,44,43,49,66,61
66,ec:1.14.14.57,1,101,101.0,1.2496055709313404e-06,1.2496055709313404e-06,1.2496055709313404e-06,1.2496055709313404e-06,1.2496055709313404e-06,1.2496055709313404e-06,0.009900990099009901,43,44,43,49,66,61
66,ec:1.1.1.52,1,101,101.0,1.2496055709313404e-06,1.2496055709313404e-06,1.2496055709313404e-06,1.2496055709313404e-06,1.2496055709313404e-06,1.2496055709313404e-06,0.009900990099009901,43,44,43,49,66,61
70,ec:2.4.1.48,1,112,112.0,1.2296502627445956e-06,1.2296502627445956e-06,1.2296502627445956e-06,1.2296502627445956e-06,1.2296502627445956e-06,1.2296502627445956e-06,0.008928571428571428,49,49,49,53,70,67
71,ec:2.1.1.1,1,123,123.0,1.2230236068328372e-06,1.2230236068328372e-06,1.2230236068328372e-06,1.2230236068328372e-06,1.2230236068328372e-06,1.2230236068328372e-06,0.008130081300813009,50,50,50,54,71,70
72,ec:2.7.1.114,1,129,129.0,1.2193283283016235e-06,1.2193283283016235e-06,1.2193283283016235e-06,1.2193283283016235e-06,1.2193283283016235e-06,1.2193283283016235e-06,0.007751937984496124,51,51,51,55,72,72
72,ec:3.13.2.3,1,129,129.0,1.2193283283016235e-06,1.2193283283016235e-06,1.2193283283016235e-06,1.2193283283016235e-06,1.2193283283016235e-06,1.2193283283016235e-06,0.007751937984496124,51,51,51,55,72,72
72,ec:1.1.3.39,1,129,129.0,1.2193283283016235e-06,1.2193283283016235e-06,1.2193283283016235e-06,1.2193283283016235e-06,1.2193283283016235e-06,1.2193283283016235e-06,0.007751937984496124,51,51,51,55,72,72
72,ec:3.5.4.4,1,129,129.0,1.2193283283016235e-06,1.2193283283016235e-06,1.2193283283016235e-06,1.2193283283016235e-06,1.2193283283016235e-06,1.2193283283016235e-06,0.007751937984496124,51,51,51,55,72,72
72,ec:2.5.1.153,1,129,129.0,1.2193283283016235e-06,1.2193283283016235e-06,1.2193283283016235e-06,1.2193283283016235e-06,1.2193283283016235e-06,1.2193283283016235e-06,0.007751937984496124,51,51,51,55,72,72
72,ec:2.7.1.20,1,129,129.0,1.2193283283016235e-06,1.2193283283016235e-06,1.2193283283016235e-06,1.2193283283016235e-06,1.2193283283016235e-06,1.2193283283016235e-06,0.007751937984496124,51,51,51,55,72,72
72,ec:3.13.2.1,1,129,129.0,1.2193283283016235e-06,1.2193283283016235e-06,1.2193283283016235e-06,1.2193283283016235e-06,1.2193283283016235e-06,1.2193283283016235e-06,0.007751937984496124,51,51,51,55,72,72
72,ec:3.2.2.7,1,129,129.0,1.2193283283016235e-06,1.2193283283016235e-06,1.2193283283016235e-06,1.2193283283016235e-06,1.2193283283016235e-06,1.2193283283016235e-06,0.007751937984496124,51,51,51,55,72,72
80,ec:1.14.14.178,1,133,133.0,1.216522950104388e-06,1.216522950104388e-06,1.216522950104388e-06,1.216522950104388e-06,1.216522950104388e-06,1.216522950104388e-06,0.007518796992481203,60,61,60,65,80,80
81,ec:1.1.1.98,1,136,136.0,1.212342884755489e-06,1.212342884755489e-06,1.212342884755489e-06,1.212342884755489e-06,1.212342884755489e-06,1.212342884755489e-06,0.007352941176470588,61,62,61,66,81,81
82,ec:1.2.1.15,1,138,138.0,1.211289409840676e-06,1.211289409840676e-06,1.211289409840676e-06,1.211289409840676e-06,1.211289409840676e-06,1.211289409840676e-06,0.007246376811594203,64,65,64,67,82,82
82,ec:4.1.1.88,1,138,138.0,1.211289409840676e-06,1.211289409840676e-06,1.211289409840676e-06,1.211289409840676e-06,1.211289409840676e-06,1.211289409840676e-06,0.007246376811594203,64,65,64,67,82,82
82,ec:2.3.1.187,1,138,138.0,1.211289409840676e-06,1.211289409840676e-06,1.211289409840676e-06,1.211289409840676e-06,1.211289409840676e-06,1.211289409840676e-06,0.007246376811594203,64,65,64,67,82,82
82,ec:2.8.3.3,1,138,138.0,1.211289409840676e-06,1.211289409840676e-06,1.211289409840676e-06,1.211289409840676e-06,1.211289409840676e-06,1.211289409840676e-06,0.007246376811594203,64,65,64,67,82,82
82,ec:6.2.1.76,1,138,138.0,1.211289409840676e-06,1.211289409840676e-06,1.211289409840676e-06,1.211289409840676e-06,1.211289409840676e-06,1.211289409840676e-06,0.007246376811594203,64,65,64,67,82,82
87,ec:2.1.1.123,1,148,148.0,1.202043549976941e-06,1.202043549976941e-06,1.202043549976941e-06,1.202043549976941e-06,1.202043549976941e-06,1.202043549976941e-06,0.006756756756756757,69,70,69,73,87,87
88,ec:2.1.1.44,1,149,149.0,1.197045261013151e-06,1.197045261013151e-06,1.197045261013151e-06,1.197045261013151e-06,1.197045261013151e-06,1.197045261013151e-06,0.006711409395973154,70,71,70,74,88,88
88,ec:4.3.1.3,1,149,149.0,1.197045261013151e-06,1.197045261013151e-06,1.197045261013151e-06,1.197045261013151e-06,1.197045261013151e-06,1.197045261013151e-06,0.006711409395973154,70,71,70,74,88,88
88,ec:2.3.1.33,1,149,149.0,1.197045261013151e-06,1.197045261013151e-06,1.197045261013151e-06,1.197045261013151e-06,1.197045261013151e-06,1.197045261013151e-06,0.006711409395973154,70,71,70,74,88,88
88,ec:6.1.1.21,1,149,149.0,1.197045261013151e-06,1.197045261013151e-06,1.197045261013151e-06,1.197045261013151e-06,1.197045261013151e-06,1.197045261013151e-06,0.006711409395973154,70,71,70,74,88,88
88,ec:1.1.1.23,1,149,149.0,1.197045261013151e-06,1.197045261013151e-06,1.197045261013151e-06,1.197045261013151e-06,1.197045261013151e-06,1.197045261013151e-06,0.006711409395973154,70,71,70,74,88,88
88,ec:4.1.1.22,1,149,149.0,1.197045261013151e-06,1.197045261013151e-06,1.197045261013151e-06,1.197045261013151e-06,1.197045261013151e-06,1.197045261013151e-06,0.006711409395973154,70,71,70,74,88,88
88,ec:1.14.99.52,1,149,149.0,1.197045261013151e-06,1.197045261013151e-06,1.197045261013151e-06,1.197045261013151e-06,1.197045261013151e-06,1.197045261013151e-06,0.006711409395973154,70,71,70,74,88,88
88,ec:2.6.1.38,1,149,149.0,1.197045261013151e-06,1.197045261013151e-06,1.197045261013151e-06,1.197045261013151e-06,1.197045261013151e-06,1.197045261013151e-06,0.006711409395973154,70,71,70,74,88,88
88,ec:3.4.13.18,1,149,149.0,1.197045261013151e-06,1.197045261013151e-06,1.197045261013151e-06,1.197045261013151e-06,1.197045261013151e-06,1.197045261013151e-06,0.006711409395973154,70,71,70,74,88,88
88,ec:5.1.1.24,1,149,149.0,1.197045261013151e-06,1.197045261013151e-06,1.197045261013151e-06,1.197045261013151e-06,1.197045261013151e-06,1.197045261013151e-06,0.006711409395973154,70,71,70,74,88,88
98,ec:1.1.1.66,1,158,158.0,1.189887093432353e-06,1.189887093432353e-06,1.189887093432353e-06,1.189887093432353e-06,1.189887093432353e-06,1.189887093432353e-06,0.006329113924050633,80,81,80,86,98,98
99,ec:1.2.1.88,1,162,162.0,1.186614882934742e-06,1.186614882934742e-06,1.186614882934742e-06,1.186614882934742e-06,1.186614882934742e-06,1.186614882934742e-06,0.006172839506172839,81,82,81,87,99,99
100,ec:6.4.1.10,1,177,177.0,1.1597149218969506e-06,1.1597149218969506e-06,1.1597149218969506e-06,1.1597149218969506e-06,1.1597149218969506e-06,1.1597149218969506e-06,0.005649717514124294,84,85,84,88,100,100
100,ec:1.4.1.20,1,177,177.0,1.1597149218969506e-06,1.1597149218969506e-06,1.1597149218969506e-06,1.1597149218969506e-06,1.1597149218969506e-06,1.1597149218969506e-06,0.005649717514124294,84,85,84,88,100,100
100,ec:1.1.1.110,1,177,177.0,1.1597149218969506e-06,1.1597149218969506e-06,1.1597149218969506e-06,1.1597149218969506e-06,1.1597149218969506e-06,1.1597149218969506e-06,0.005649717514124294,84,85,84,88,100,100
100,ec:5.3.2.1,1,177,177.0,1.1597149218969506e-06,1.1597149218969506e-06,1.1597149218969506e-06,1.1597149218969506e-06,1.1597149218969506e-06,1.1597149218969506e-06,0.005649717514124294,84,85,84,88,100,100
100,ec:4.1.1.80,1,177,177.0,1.1597149218969506e-06,1.1597149218969506e-06,1.1597149218969506e-06,1.1597149218969506e-06,1.1597149218969506e-06,1.1597149218969506e-06,0.005649717514124294,84,85,84,88,100,100
100,ec:1.13.11.27,1,177,177.0,1.1597149218969506e-06,1.1597149218969506e-06,1.1597149218969506e-06,1.1597149218969506e-06,1.1597149218969506e-06,1.1597149218969506e-06,0.005649717514124294,84,85,84,88,100,100
100,ec:2.5.1.111,1,177,177.0,1.1597149218969506e-06,1.1597149218969506e-06,1.1597149218969506e-06,1.1597149218969506e-06,1.1597149218969506e-06,1.1597149218969506e-06,0.005649717514124294,84,85,84,88,100,100
100,ec:1.3.1.13,1,177,177.0,1.1597149218969506e-06,1.1597149218969506e-06,1.1597149218969506e-06,1.1597149218969506e-06,1.1597149218969506e-06,1.1597149218969506e-06,0.005649717514124294,84,85,84,88,100,100
100,ec:1.13.11.46,1,177,177.0,1.1597149218969506e-06,1.1597149218969506e-06,1.1597149218969506e-06,1.1597149218969506e-06,1.1597149218969506e-06,1.1597149218969506e-06,0.005649717514124294,84,85,84,88,100,100
100,ec:2.6.1.58,1,177,177.0,1.1597149218969506e-06,1.1597149218969506e-06,1.1597149218969506e-06,1.1597149218969506e-06,1.1597149218969506e-06,1.1597149218969506e-06,0.005649717514124294,84,85,84,88,100,100
100,ec:1.3.1.12,1,177,177.0,1.1597149218969506e-06,1.1597149218969506e-06,1.1597149218969506e-06,1.1597149218969506e-06,1.1597149218969506e-06,1.1597149218969506e-06,0.005649717514124294,84,85,84,88,100,100
100,ec:1.1.1.237,1,177,177.0,1.1597149218969506e-06,1.1597149218969506e-06,1.1597149218969506e-06,1.1597149218969506e-06,1.1597149218969506e-06,1.1597149218969506e-06,0.005649717514124294,84,85,84,88,100,100
100,ec:1.2.3.13,1,177,177.0,1.1597149218969506e-06,1.1597149218969506e-06,1.1597149218969506e-06,1.1597149218969506e-06,1.1597149218969506e-06,1.1597149218969506e-06,0.005649717514124294,84,85,84,88,100,100
113,ec:1.1.1.31,1,178,178.0,1.1582925983201334e-06,1.1582925983201334e-06,1.1582925983201334e-06,1.1582925983201334e-06,1.1582925983201334e-06,1.1582925983201334e-06,0.0056179775280898875,97,98,97,107,113,113
113,ec:3.1.2.4,1,178,178.0,1.1582925983201334e-06,1.1582925983201334e-06,1.1582925983201334e-06,1.1582925983201334e-06,1.1582925983201334e-06,1.1582925983201334e-06,0.0056179775280898875,97,98,97,107,113,113
115,ec:3.4.13.5,1,183,183.0,1.1535413822174846e-06,1.1535413822174846e-06,1.1535413822174846e-06,1.1535413822174846e-06,1.1535413822174846e-06,1.1535413822174846e-06,0.00546448087431694,101,102,101,109,115,115
116,ec:3.1.1.23,1,184,184.0,1.1530938283634253e-06,1.1530938283634253e-06,1.1530938283634253e-06,1.1530938283634253e-06,1.1530938283634253e-06,1.1530938283634253e-06,0.005434782608695652,102,103,102,110,116,116
116,ec:1.1.1.72,1,184,184.0,1.1530938283634253e-06,1.1530938283634253e-06,1.1530938283634253e-06,1.1530938283634253e-06,1.1530938283634253e-06,1.1530938283634253e-06,0.005434782608695652,102,103,102,110,116,116
116,ec:1.1.1.21,1,184,184.0,1.1530938283634253e-06,1.1530938283634253e-06,1.1530938283634253e-06,1.1530938283634253e-06,1.1530938283634253e-06,1.1530938283634253e-06,0.005434782608695652,102,103,102,110,116,116
116,ec:2.7.1.142,1,184,184.0,1.1530938283634253e-06,1.1530938283634253e-06,1.1530938283634253e-06,1.1530938283634253e-06,1.1530938283634253e-06,1.1530938283634253e-06,0.005434782608695652,102,103,102,110,116,116
116,ec:1.1.1.6,1,184,184.0,1.1530938283634253e-06,1.1530938283634253e-06,1.1530938283634253e-06,1.1530938283634253e-06,1.1530938283634253e-06,1.1530938283634253e-06,0.005434782608695652,102,103,102,110,116,116
116,ec:3.1.3.21,1,184,184.0,1.1530938283634253e-06,1.1530938283634253e-06,1.1530938283634253e-06,1.1530938283634253e-06,1.1530938283634253e-06,1.1530938283634253e-06,0.005434782608695652,102,103,102,110,116,116
116,ec:1.1.1.2,1,184,184.0,1.1530938283634253e-06,1.1530938283634253e-06,1.1530938283634253e-06,1.1530938283634253e-06,1.1530938283634253e-06,1.1530938283634253e-06,0.005434782608695652,102,103,102,110,116,116
116,ec:2.7.1.30,1,184,184.0,1.1530938283634253e-06,1.1530938283634253e-06,1.1530938283634253e-06,1.1530938283634253e-06,1.1530938283634253e-06,1.1530938283634253e-06,0.005434782608695652,102,103,102,110,116,116
116,ec:3.1.1.34,1,184,184.0,1.1530938283634253e-06,1.1530938283634253e-06,1.1530938283634253e-06,1.1530938283634253e-06,1.1530938283634253e-06,1.1530938283634253e-06,0.005434782608695652,102,103,102,110,116,116
116,ec:3.1.4.38,1,184,184.0,1.1530938283634253e-06,1.1530938283634253e-06,1.1530938283634253e-06,1.1530938283634253e-06,1.1530938283634253e-06,1.1530938283634253e-06,0.005434782608695652,102,103,102,110,116,116
116,ec:3.2.1.22,1,184,184.0,1.1530938283634253e-06,1.1530938283634253e-06,1.1530938283634253e-06,1.1530938283634253e-06,1.1530938283634253e-06,1.1530938283634253e-06,0.005434782608695652,102,103,102,110,116,116
116,ec:3.1.4.43,1,184,184.0,1.1530938283634253e-06,1.1530938283634253e-06,1.1530938283634253e-06,1.1530938283634253e-06,1.1530938283634253e-06,1.1530938283634253e-06,0.005434782608695652,102,103,102,110,116,116
116,ec:1.1.99.22,1,184,184.0,1.1530938283634253e-06,1.1530938283634253e-06,1.1530938283634253e-06,1.1530938283634253e-06,1.1530938283634253e-06,1.1530938283634253e-06,0.005434782608695652,102,103,102,110,116,116
116,ec:4.2.1.30,1,184,184.0,1.1530938283634253e-06,1.1530938283634253e-06,1.1530938283634253e-06,1.1530938283634253e-06,1.1530938283634253e-06,1.1530938283634253e-06,0.005434782608695652,102,103,102,110,116,116
116,ec:3.1.3.19,1,184,184.0,1.1530938283634253e-06,1.1530938283634253e-06,1.1530938283634253e-06,1.1530938283634253e-06,1.1530938283634253e-06,1.1530938283634253e-06,0.005434782608695652,102,103,102,110,116,116
116,ec:2.7.1.79,1,184,184.0,1.1530938283634253e-06,1.1530938283634253e-06,1.1530938283634253e-06,1.1530938283634253e-06,1.1530938283634253e-06,1.1530938283634253e-06,0.005434782608695652,102,103,102,110,116,116
116,ec:1.1.1.156,1,184,184.0,1.1530938283634253e-06,1.1530938283634253e-06,1.1530938283634253e-06,1.1530938283634253e-06,1.1530938283634253e-06,1.1530938283634253e-06,0.005434782608695652,102,103,102,110,116,116
116,ec:3.1.1.79,1,184,184.0,1.1530938283634253e-06,1.1530938283634253e-06,1.1530938283634253e-06,1.1530938283634253e-06,1.1530938283634253e-06,1.1530938283634253e-06,0.005434782608695652,102,103,102,110,116,116
116,ec:1.1.1.372,1,184,184.0,1.1530938283634253e-06,1.1530938283634253e-06,1.1530938283634253e-06,1.1530938283634253e-06,1.1530938283634253e-06,1.1530938283634253e-06,0.005434782608695652,102,103,102,110,116,116
135,ec:3.7.1.20,1,186,186.0,1.150483710296785e-06,1.150483710296785e-06,1.150483710296785e-06,1.150483710296785e-06,1.150483710296785e-06,1.150483710296785e-06,0.005376344086021506,121,122,121,129,135,135
135,ec:4.3.2.2,1,186,186.0,1.150483710296785e-06,1.150483710296785e-06,1.150483710296785e-06,1.150483710296785e-06,1.150483710296785e-06,1.150483710296785e-06,0.005376344086021506,121,122,121,129,135,135
135,ec:3.7.1.2,1,186,186.0,1.150483710296785e-06,1.150483710296785e-06,1.150483710296785e-06,1.150483710296785e-06,1.150483710296785e-06,1.150483710296785e-06,0.005376344086021506,121,122,121,129,135,135
135,ec:3.7.1.14,1,186,186.0,1.150483710296785e-06,1.150483710296785e-06,1.150483710296785e-06,1.150483710296785e-06,1.150483710296785e-06,1.150483710296785e-06,0.005376344086021506,121,122,121,129,135,135
135,ec:1.3.4.1,1,186,186.0,1.150483710296785e-06,1.150483710296785e-06,1.150483710296785e-06,1.150483710296785e-06,1.150483710296785e-06,1.150483710296785e-06,0.005376344086021506,121,122,121,129,135,135
135,ec:4.2.99.12,1,186,186.0,1.150483710296785e-06,1.150483710296785e-06,1.150483710296785e-06,1.150483710296785e-06,1.150483710296785e-06,1.150483710296785e-06,0.005376344086021506,121,122,121,129,135,135
135,ec:5.2.1.1,1,186,186.0,1.150483710296785e-06,1.150483710296785e-06,1.150483710296785e-06,1.150483710296785e-06,1.150483710296785e-06,1.150483710296785e-06,0.005376344086021506,121,122,121,129,135,135
135,ec:4.1.99.11,1,186,186.0,1.150483710296785e-06,1.150483710296785e-06,1.150483710296785e-06,1.150483710296785e-06,1.150483710296785e-06,1.150483710296785e-06,0.005376344086021506,121,122,121,129,135,135
135,ec:4.3.2.1,1,186,186.0,1.150483710296785e-06,1.150483710296785e-06,1.150483710296785e-06,1.150483710296785e-06,1.150483710296785e-06,1.150483710296785e-06,0.005376344086021506,121,122,121,129,135,135
135,ec:1.3.5.1,1,186,186.0,1.150483710296785e-06,1.150483710296785e-06,1.150483710296785e-06,1.150483710296785e-06,1.150483710296785e-06,1.150483710296785e-06,0.005376344086021506,121,122,121,129,135,135
135,ec:4.2.1.2,1,186,186.0,1.150483710296785e-06,1.150483710296785e-06,1.150483710296785e-06,1.150483710296785e-06,1.150483710296785e-06,1.150483710296785e-06,0.005376344086021506,121,122,121,129,135,135
135,ec:3.7.1.5,1,186,186.0,1.150483710296785e-06,1.150483710296785e-06,1.150483710296785e-06,1.150483710296785e-06,1.150483710296785e-06,1.150483710296785e-06,0.005376344086021506,121,122,121,129,135,135
135,ec:6.3.2.46,1,186,186.0,1.150483710296785e-06,1.150483710296785e-06,1.150483710296785e-06,1.150483710296785e-06,1.150483710296785e-06,1.150483710296785e-06,0.005376344086021506,121,122,121,129,135,135
135,ec:4.3.1.1,1,186,186.0,1.150483710296785e-06,1.150483710296785e-06,1.150483710296785e-06,1.150483710296785e-06,1.150483710296785e-06,1.150483710296785e-06,0.005376344086021506,121,122,121,129,135,135
135,ec:1.3.1.6,1,186,186.0,1.150483710296785e-06,1.150483710296785e-06,1.150483710296785e-06,1.150483710296785e-06,1.150483710296785e-06,1.150483710296785e-06,0.005376344086021506,121,122,121,129,135,135
150,ec:2.1.4.1,1,187,187.0,1.150117076624803e-06,1.150117076624803e-06,1.150117076624803e-06,1.150117076624803e-06,1.150117076624803e-06,1.150117076624803e-06,0.0053475935828877,136,137,136,145,150,150
150,ec:3.5.3.7,1,187,187.0,1.150117076624803e-06,1.150117076624803e-06,1.150117076624803e-06,1.150117076624803e-06,1.150117076624803e-06,1.150117076624803e-06,0.0053475935828877,136,137,136,145,150,150
150,ec:3.5.1.4,1,187,187.0,1.150117076624803e-06,1.150117076624803e-06,1.150117076624803e-06,1.150117076624803e-06,1.150117076624803e-06,1.150117076624803e-06,0.0053475935828877,136,137,136,145,150,150
150,ec:1.2.1.54,1,187,187.0,1.150117076624803e-06,1.150117076624803e-06,1.150117076624803e-06,1.150117076624803e-06,1.150117076624803e-06,1.150117076624803e-06,0.0053475935828877,136,137,136,145,150,150
154,ec:1.14.14.80,1,190,190.0,1.1455496036246778e-06,1.1455496036246778e-06,1.1455496036246778e-06,1.1455496036246778e-06,1.1455496036246778e-06,1.1455496036246778e-06,0.005263157894736842,140,141,140,149,154,154
154,ec:2.3.1.188,1,190,190.0,1.1455496036246778e-06,1.1455496036246778e-06,1.1455496036246778e-06,1.1455496036246778e-06,1.1455496036246778e-06,1.1455496036246778e-06,0.005263157894736842,140,141,140,149,154,154
156,ec:2.3.1.192,1,198,198.0,1.1303703873683162e-06,1.1303703873683162e-06,1.1303703873683162e-06,1.1303703873683162e-06,1.1303703873683162e-06,1.1303703873683162e-06,0.005050505050505051,143,144,144,151,156,156
157,ec:2.5.1.49,1,199,199.0,1.1289173197638047e-06,1.1289173197638047e-06,1.1289173197638047e-06,1.1289173197638047e-06,1.1289173197638047e-06,1.1289173197638047e-06,0.005025125628140704,144,145,145,152,157,157
157,ec:2.3.1.31,1,199,199.0,1.1289173197638047e-06,1.1289173197638047e-06,1.1289173197638047e-06,1.1289173197638047e-06,1.1289173197638047e-06,1.1289173197638047e-06,0.005025125628140704,144,145,145,152,157,157
159,ec:3.1.1.76,1,202,202.0,1.1259158197852027e-06,1.1259158197852027e-06,1.1259158197852027e-06,1.1259158197852027e-06,1.1259158197852027e-06,1.1259158197852027e-06,0.0049504950495049506,146,147,147,154,159,159
160,ec:1.2.3.6,1,206,206.0,1.1161990033347242e-06,1.1161990033347242e-06,1.1161990033347242e-06,1.1161990033347242e-06,1.1161990033347242e-06,1.1161990033347242e-06,0.0048543689320388345,147,148,148,155,160,160
160,ec:4.3.1.15,1,206,206.0,1.1161990033347242e-06,1.1161990033347242e-06,1.1161990033347242e-06,1.1161990033347242e-06,1.1161990033347242e-06,1.1161990033347242e-06,0.0048543689320388345,147,148,148,155,160,160
160,ec:1.1.1.38,1,206,206.0,1.1161990033347242e-06,1.1161990033347242e-06,1.1161990033347242e-06,1.1161990033347242e-06,1.1161990033347242e-06,1.1161990033347242e-06,0.0048543689320388345,147,148,148,155,160,160
160,ec:4.1.3.17,1,206,206.0,1.1161990033347242e-06,1.1161990033347242e-06,1.1161990033347242e-06,1.1161990033347242e-06,1.1161990033347242e-06,1.1161990033347242e-06,0.0048543689320388345,147,148,148,155,160,160
160,ec:1.1.1.39,1,206,206.0,1.1161990033347242e-06,1.1161990033347242e-06,1.1161990033347242e-06,1.1161990033347242e-06,1.1161990033347242e-06,1.1161990033347242e-06,0.0048543689320388345,147,148,148,155,160,160
160,ec:3.1.3.60,1,206,206.0,1.1161990033347242e-06,1.1161990033347242e-06,1.1161990033347242e-06,1.1161990033347242e-06,1.1161990033347242e-06,1.1161990033347242e-06,0.0048543689320388345,147,148,148,155,160,160
160,ec:1.1.2.5,1,206,206.0,1.1161990033347242e-06,1.1161990033347242e-06,1.1161990033347242e-06,1.1161990033347242e-06,1.1161990033347242e-06,1.1161990033347242e-06,0.0048543689320388345,147,148,148,155,160,160
160,ec:1.2.1.23,1,206,206.0,1.1161990033347242e-06,1.1161990033347242e-06,1.1161990033347242e-06,1.1161990033347242e-06,1.1161990033347242e-06,1.1161990033347242e-06,0.0048543689320388345,147,148,148,155,160,160
160,ec:1.2.1.49,1,206,206.0,1.1161990033347242e-06,1.1161990033347242e-06,1.1161990033347242e-06,1.1161990033347242e-06,1.1161990033347242e-06,1.1161990033347242e-06,0.0048543689320388345,147,148,148,155,160,160
160,ec:1.2.1.22,1,206,206.0,1.1161990033347242e-06,1.1161990033347242e-06,1.1161990033347242e-06,1.1161990033347242e-06,1.1161990033347242e-06,1.1161990033347242e-06,0.0048543689320388345,147,148,148,155,160,160
160,ec:1.2.4.1,1,206,206.0,1.1161990033347242e-06,1.1161990033347242e-06,1.1161990033347242e-06,1.1161990033347242e-06,1.1161990033347242e-06,1.1161990033347242e-06,0.0048543689320388345,147,148,148,155,160,160
160,ec:1.2.1.51,1,206,206.0,1.1161990033347242e-06,1.1161990033347242e-06,1.1161990033347242e-06,1.1161990033347242e-06,1.1161990033347242e-06,1.1161990033347242e-06,0.0048543689320388345,147,148,148,155,160,160
160,ec:4.1.1.1,1,206,206.0,1.1161990033347242e-06,1.1161990033347242e-06,1.1161990033347242e-06,1.1161990033347242e-06,1.1161990033347242e-06,1.1161990033347242e-06,0.0048543689320388345,147,148,148,155,160,160
160,ec:2.7.9.2,1,206,206.0,1.1161990033347242e-06,1.1161990033347242e-06,1.1161990033347242e-06,1.1161990033347242e-06,1.1161990033347242e-06,1.1161990033347242e-06,0.0048543689320388345,147,148,148,155,160,160
160,ec:2.7.1.40,1,206,206.0,1.1161990033347242e-06,1.1161990033347242e-06,1.1161990033347242e-06,1.1161990033347242e-06,1.1161990033347242e-06,1.1161990033347242e-06,0.0048543689320388345,147,148,148,155,160,160
160,ec:1.2.3.3,1,206,206.0,1.1161990033347242e-06,1.1161990033347242e-06,1.1161990033347242e-06,1.1161990033347242e-06,1.1161990033347242e-06,1.1161990033347242e-06,0.0048543689320388345,147,148,148,155,160,160
160,ec:1.1.2.3,1,206,206.0,1.1161990033347242e-06,1.1161990033347242e-06,1.1161990033347242e-06,1.1161990033347242e-06,1.1161990033347242e-06,1.1161990033347242e-06,0.0048543689320388345,147,148,148,155,160,160
160,ec:1.2.1.104,1,206,206.0,1.1161990033347242e-06,1.1161990033347242e-06,1.1161990033347242e-06,1.1161990033347242e-06,1.1161990033347242e-06,1.1161990033347242e-06,0.0048543689320388345,147,148,148,155,160,160
160,ec:2.7.9.1,1,206,206.0,1.1161990033347242e-06,1.1161990033347242e-06,1.1161990033347242e-06,1.1161990033347242e-06,1.1161990033347242e-06,1.1161990033347242e-06,0.0048543689320388345,147,148,148,155,160,160
160,ec:1.1.2.4,1,206,206.0,1.1161990033347242e-06,1.1161990033347242e-06,1.1161990033347242e-06,1.1161990033347242e-06,1.1161990033347242e-06,1.1161990033347242e-06,0.0048543689320388345,147,148,148,155,160,160
160,ec:4.3.1.13,1,206,206.0,1.1161990033347242e-06,1.1161990033347242e-06,1.1161990033347242e-06,1.1161990033347242e-06,1.1161990033347242e-06,1.1161990033347242e-06,0.0048543689320388345,147,148,148,155,160,160
181,ec:3.5.2.2,1,208,208.0,1.1149452363320836e-06,1.1149452363320836e-06,1.1149452363320836e-06,1.1149452363320836e-06,1.1149452363320836e-06,1.1149452363320836e-06,0.004807692307692308,168,169,169,176,181,181
181,ec:3.5.1.6,1,208,208.0,1.1149452363320836e-06,1.1149452363320836e-06,1.1149452363320836e-06,1.1149452363320836e-06,1.1149452363320836e-06,1.1149452363320836e-06,0.004807692307692308,168,169,169,176,181,181
183,ec:1.5.8.4,1,211,211.0,1.109638154170106e-06,1.109638154170106e-06,1.109638154170106e-06,1.109638154170106e-06,1.109638154170106e-06,1.109638154170106e-06,0.004739336492890996,170,171,171,178,183,183
183,ec:1.4.3.19,1,211,211.0,1.109638154170106e-06,1.109638154170106e-06,1.109638154170106e-06,1.109638154170106e-06,1.109638154170106e-06,1.109638154170106e-06,0.004739336492890996,170,171,171,178,183,183
183,ec:2.1.1.20,1,211,211.0,1.109638154170106e-06,1.109638154170106e-06,1.109638154170106e-06,1.109638154170106e-06,1.109638154170106e-06,1.109638154170106e-06,0.004739336492890996,170,171,171,178,183,183
183,ec:3.5.1.59,1,211,211.0,1.109638154170106e-06,1.109638154170106e-06,1.109638154170106e-06,1.109638154170106e-06,1.109638154170106e-06,1.109638154170106e-06,0.004739336492890996,170,171,171,178,183,183
183,ec:2.1.1.157,1,211,211.0,1.109638154170106e-06,1.109638154170106e-06,1.109638154170106e-06,1.109638154170106e-06,1.109638154170106e-06,1.109638154170106e-06,0.004739336492890996,170,171,171,178,183,183
183,ec:3.5.3.3,1,211,211.0,1.109638154170106e-06,1.109638154170106e-06,1.109638154170106e-06,1.109638154170106e-06,1.109638154170106e-06,1.109638154170106e-06,0.004739336492890996,170,171,171,178,183,183
183,ec:2.1.1.162,1,211,211.0,1.109638154170106e-06,1.109638154170106e-06,1.109638154170106e-06,1.109638154170106e-06,1.109638154170106e-06,1.109638154170106e-06,0.004739336492890996,170,171,171,178,183,183
183,ec:1.5.8.3,1,211,211.0,1.109638154170106e-06,1.109638154170106e-06,1.109638154170106e-06,1.109638154170106e-06,1.109638154170106e-06,1.109638154170106e-06,0.004739336492890996,170,171,171,178,183,183
183,ec:1.5.3.10,1,211,211.0,1.109638154170106e-06,1.109638154170106e-06,1.109638154170106e-06,1.109638154170106e-06,1.109638154170106e-06,1.109638154170106e-06,0.004739336492890996,170,171,171,178,183,183
183,ec:1.5.7.3,1,211,211.0,1.109638154170106e-06,1.109638154170106e-06,1.109638154170106e-06,1.109638154170106e-06,1.109638154170106e-06,1.109638154170106e-06,0.004739336492890996,170,171,171,178,183,183
183,ec:1.21.4.3,1,211,211.0,1.109638154170106e-06,1.109638154170106e-06,1.109638154170106e-06,1.109638154170106e-06,1.109638154170106e-06,1.109638154170106e-06,0.004739336492890996,170,171,171,178,183,183
183,ec:1.5.3.1,1,211,211.0,1.109638154170106e-06,1.109638154170106e-06,1.109638154170106e-06,1.109638154170106e-06,1.109638154170106e-06,1.109638154170106e-06,0.004739336492890996,170,171,171,178,183,183
183,ec:1.5.3.24,1,211,211.0,1.109638154170106e-06,1.109638154170106e-06,1.109638154170106e-06,1.109638154170106e-06,1.109638154170106e-06,1.109638154170106e-06,0.004739336492890996,170,171,171,178,183,183
183,ec:2.1.1.156,1,211,211.0,1.109638154170106e-06,1.109638154170106e-06,1.109638154170106e-06,1.109638154170106e-06,1.109638154170106e-06,1.109638154170106e-06,0.004739336492890996,170,171,171,178,183,183
197,ec:1.1.1.129,1,213,213.0,1.1010921145076452e-06,1.1010921145076452e-06,1.1010921145076452e-06,1.1010921145076452e-06,1.1010921145076452e-06,1.1010921145076452e-06,0.004694835680751174,190,191,191,192,197,197
198,ec:4.1.1.73,1,215,215.0,1.095178942852645e-06,1.095178942852645e-06,1.095178942852645e-06,1.095178942852645e-06,1.095178942852645e-06,1.095178942852645e-06,0.004651162790697674,192,193,193,193,198,198
198,ec:2.4.1.352,1,215,215.0,1.095178942852645e-06,1.095178942852645e-06,1.095178942852645e-06,1.095178942852645e-06,1.095178942852645e-06,1.095178942852645e-06,0.004651162790697674,192,193,193,193,198,198
198,ec:2.4.1.269,1,215,215.0,1.095178942852645e-06,1.095178942852645e-06,1.095178942852645e-06,1.095178942852645e-06,1.095178942852645e-06,1.095178942852645e-06,0.004651162790697674,192,193,193,193,198,198
198,ec:1.1.1.79,1,215,215.0,1.095178942852645e-06,1.095178942852645e-06,1.095178942852645e-06,1.095178942852645e-06,1.095178942852645e-06,1.095178942852645e-06,0.004651162790697674,192,193,193,193,198,198
198,ec:1.1.1.26,1,215,215.0,1.095178942852645e-06,1.095178942852645e-06,1.095178942852645e-06,1.095178942852645e-06,1.095178942852645e-06,1.095178942852645e-06,0.004651162790697674,192,193,193,193,198,198
198,ec:1.1.1.29,1,215,215.0,1.095178942852645e-06,1.095178942852645e-06,1.095178942852645e-06,1.095178942852645e-06,1.095178942852645e-06,1.095178942852645e-06,0.004651162790697674,192,193,193,193,198,198
198,ec:1.2.1.89,1,215,215.0,1.095178942852645e-06,1.095178942852645e-06,1.095178942852645e-06,1.095178942852645e-06,1.095178942852645e-06,1.095178942852645e-06,0.004651162790697674,192,193,193,193,198,198
198,ec:2.4.1.268,1,215,215.0,1.095178942852645e-06,1.095178942852645e-06,1.095178942852645e-06,1.095178942852645e-06,1.095178942852645e-06,1.095178942852645e-06,0.004651162790697674,192,193,193,193,198,198
198,ec:3.1.3.20,1,215,215.0,1.095178942852645e-06,1.095178942852645e-06,1.095178942852645e-06,1.095178942852645e-06,1.095178942852645e-06,1.095178942852645e-06,0.004651162790697674,192,193,193,193,198,198
198,ec:3.2.1.170,1,215,215.0,1.095178942852645e-06,1.095178942852645e-06,1.095178942852645e-06,1.095178942852645e-06,1.095178942852645e-06,1.095178942852645e-06,0.004651162790697674,192,193,193,193,198,198
198,ec:1.2.7.5,1,215,215.0,1.095178942852645e-06,1.095178942852645e-06,1.095178942852645e-06,1.095178942852645e-06,1.095178942852645e-06,1.095178942852645e-06,0.004651162790697674,192,193,193,193,198,198
198,ec:3.1.3.38,1,215,215.0,1.095178942852645e-06,1.095178942852645e-06,1.095178942852645e-06,1.095178942852645e-06,1.095178942852645e-06,1.095178942852645e-06,0.004651162790697674,192,193,193,193,198,198
198,ec:1.1.1.81,1,215,215.0,1.095178942852645e-06,1.095178942852645e-06,1.095178942852645e-06,1.095178942852645e-06,1.095178942852645e-06,1.095178942852645e-06,0.004651162790697674,192,193,193,193,198,198
198,ec:1.2.99.8,1,215,215.0,1.095178942852645e-06,1.095178942852645e-06,1.095178942852645e-06,1.095178942852645e-06,1.095178942852645e-06,1.095178942852645e-06,0.004651162790697674,192,193,193,193,198,198
198,ec:1.1.1.60,1,215,215.0,1.095178942852645e-06,1.095178942852645e-06,1.095178942852645e-06,1.095178942852645e-06,1.095178942852645e-06,1.095178942852645e-06,0.004651162790697674,192,193,193,193,198,198
198,ec:2.7.1.165,1,215,215.0,1.095178942852645e-06,1.095178942852645e-06,1.095178942852645e-06,1.095178942852645e-06,1.095178942852645e-06,1.095178942852645e-06,0.004651162790697674,192,193,193,193,198,198
198,ec:2.7.1.31,1,215,215.0,1.095178942852645e-06,1.095178942852645e-06,1.095178942852645e-06,1.095178942852645e-06,1.095178942852645e-06,1.095178942852645e-06,0.004651162790697674,192,193,193,193,198,198
198,ec:1.1.1.92,1,215,215.0,1.095178942852645e-06,1.095178942852645e-06,1.095178942852645e-06,1.095178942852645e-06,1.095178942852645e-06,1.095178942852645e-06,0.004651162790697674,192,193,193,193,198,198
216,ec:1.1.1.42,1,216,216.0,1.0942945350124724e-06,1.0942945350124724e-06,1.0942945350124724e-06,1.0942945350124724e-06,1.0942945350124724e-06,1.0942945350124724e-06,0.004629629629629629,210,211,211,212,216,216
216,ec:1.4.3.7,1,216,216.0,1.0942945350124724e-06,1.0942945350124724e-06,1.0942945350124724e-06,1.0942945350124724e-06,1.0942945350124724e-06,1.0942945350124724e-06,0.004629629629629629,210,211,211,212,216,216
216,ec:1.2.1.26,1,216,216.0,1.0942945350124724e-06,1.0942945350124724e-06,1.0942945350124724e-06,1.0942945350124724e-06,1.0942945350124724e-06,1.0942945350124724e-06,0.004629629629629629,210,211,211,212,216,216
216,ec:1.4.3.15,1,216,216.0,1.0942945350124724e-06,1.0942945350124724e-06,1.0942945350124724e-06,1.0942945350124724e-06,1.0942945350124724e-06,1.0942945350124724e-06,0.004629629629629629,210,211,211,212,216,216
216,ec:1.4.1.2,1,216,216.0,1.0942945350124724e-06,1.0942945350124724e-06,1.0942945350124724e-06,1.0942945350124724e-06,1.0942945350124724e-06,1.0942945350124724e-06,0.004629629629629629,210,211,211,212,216,216
216,ec:2.6.1.4,1,216,216.0,1.0942945350124724e-06,1.0942945350124724e-06,1.0942945350124724e-06,1.0942945350124724e-06,1.0942945350124724e-06,1.0942945350124724e-06,0.004629629629629629,210,211,211,212,216,216
216,ec:1.1.99.2,1,216,216.0,1.0942945350124724e-06,1.0942945350124724e-06,1.0942945350124724e-06,1.0942945350124724e-06,1.0942945350124724e-06,1.0942945350124724e-06,0.004629629629629629,210,211,211,212,216,216
216,ec:2.6.1.2,1,216,216.0,1.0942945350124724e-06,1.0942945350124724e-06,1.0942945350124724e-06,1.0942945350124724e-06,1.0942945350124724e-06,1.0942945350124724e-06,0.004629629629629629,210,211,211,212,216,216
216,ec:1.4.1.14,1,216,216.0,1.0942945350124724e-06,1.0942945350124724e-06,1.0942945350124724e-06,1.0942945350124724e-06,1.0942945350124724e-06,1.0942945350124724e-06,0.004629629629629629,210,211,211,212,216,216
216,ec:4.1.1.71,1,216,216.0,1.0942945350124724e-06,1.0942945350124724e-06,1.0942945350124724e-06,1.0942945350124724e-06,1.0942945350124724e-06,1.0942945350124724e-06,0.004629629629629629,210,211,211,212,216,216
216,ec:2.3.3.14,1,216,216.0,1.0942945350124724e-06,1.0942945350124724e-06,1.0942945350124724e-06,1.0942945350124724e-06,1.0942945350124724e-06,1.0942945350124724e-06,0.004629629629629629,210,211,211,212,216,216
216,ec:1.4.1.13,1,216,216.0,1.0942945350124724e-06,1.0942945350124724e-06,1.0942945350124724e-06,1.0942945350124724e-06,1.0942945350124724e-06,1.0942945350124724e-06,0.004629629629629629,210,211,211,212,216,216
216,ec:1.4.1.4,1,216,216.0,1.0942945350124724e-06,1.0942945350124724e-06,1.0942945350124724e-06,1.0942945350124724e-06,1.0942945350124724e-06,1.0942945350124724e-06,0.004629629629629629,210,211,211,212,216,216
216,ec:1.4.3.11,1,216,216.0,1.0942945350124724e-06,1.0942945350124724e-06,1.0942945350124724e-06,1.0942945350124724e-06,1.0942945350124724e-06,1.0942945350124724e-06,0.004629629629629629,210,211,211,212,216,216
216,ec:2.2.1.5,1,216,216.0,1.0942945350124724e-06,1.0942945350124724e-06,1.0942945350124724e-06,1.0942945350124724e-06,1.0942945350124724e-06,1.0942945350124724e-06,0.004629629629629629,210,211,211,212,216,216
216,ec:2.6.1.44,1,216,216.0,1.0942945350124724e-06,1.0942945350124724e-06,1.0942945350124724e-06,1.0942945350124724e-06,1.0942945350124724e-06,1.0942945350124724e-06,0.004629629629629629,210,211,211,212,216,216
216,ec:2.6.1.36,1,216,216.0,1.0942945350124724e-06,1.0942945350124724e-06,1.0942945350124724e-06,1.0942945350124724e-06,1.0942945350124724e-06,1.0942945350124724e-06,0.004629629629629629,210,211,211,212,216,216
216,ec:1.4.1.3,1,216,216.0,1.0942945350124724e-06,1.0942945350124724e-06,1.0942945350124724e-06,1.0942945350124724e-06,1.0942945350124724e-06,1.0942945350124724e-06,0.004629629629629629,210,211,211,212,216,216
216,ec:1.4.7.1,1,216,216.0,1.0942945350124724e-06,1.0942945350124724e-06,1.0942945350124724e-06,1.0942945350124724e-06,1.0942945350124724e-06,1.0942945350124724e-06,0.004629629629629629,210,211,211,212,216,216
235,ec:2.4.2.8,1,217,217.0,1.0938043013532496e-06,1.0938043013532496e-06,1.0938043013532496e-06,1.0938043013532496e-06,1.0938043013532496e-06,1.0938043013532496e-06,0.004608294930875576,229,230,230,233,235,235
235,ec:3.2.2.2,1,217,217.0,1.0938043013532496e-06,1.0938043013532496e-06,1.0938043013532496e-06,1.0938043013532496e-06,1.0938043013532496e-06,1.0938043013532496e-06,0.004608294930875576,229,230,230,233,235,235
235,ec:3.5.4.2,1,217,217.0,1.0938043013532496e-06,1.0938043013532496e-06,1.0938043013532496e-06,1.0938043013532496e-06,1.0938043013532496e-06,1.0938043013532496e-06,0.004608294930875576,229,230,230,233,235,235
235,ec:3.2.2.12,1,217,217.0,1.0938043013532496e-06,1.0938043013532496e-06,1.0938043013532496e-06,1.0938043013532496e-06,1.0938043013532496e-06,1.0938043013532496e-06,0.004608294930875576,229,230,230,233,235,235
235,ec:2.4.2.4,1,217,217.0,1.0938043013532496e-06,1.0938043013532496e-06,1.0938043013532496e-06,1.0938043013532496e-06,1.0938043013532496e-06,1.0938043013532496e-06,0.004608294930875576,229,230,230,233,235,235
235,ec:1.17.1.4,1,217,217.0,1.0938043013532496e-06,1.0938043013532496e-06,1.0938043013532496e-06,1.0938043013532496e-06,1.0938043013532496e-06,1.0938043013532496e-06,0.004608294930875576,229,230,230,233,235,235
235,ec:3.2.2.26,1,217,217.0,1.0938043013532496e-06,1.0938043013532496e-06,1.0938043013532496e-06,1.0938043013532496e-06,1.0938043013532496e-06,1.0938043013532496e-06,0.004608294930875576,229,230,230,233,235,235
235,ec:2.4.2.44,1,217,217.0,1.0938043013532496e-06,1.0938043013532496e-06,1.0938043013532496e-06,1.0938043013532496e-06,1.0938043013532496e-06,1.0938043013532496e-06,0.004608294930875576,229,230,230,233,235,235
243,ec:6.3.4.5,1,220,220.0,1.0894623551617723e-06,1.0894623551617723e-06,1.0894623551617723e-06,1.0894623551617723e-06,1.0894623551617723e-06,1.0894623551617723e-06,0.004545454545454545,238,239,239,242,243,243
243,ec:3.5.1.16,1,220,220.0,1.0894623551617723e-06,1.0894623551617723e-06,1.0894623551617723e-06,1.0894623551617723e-06,1.0894623551617723e-06,1.0894623551617723e-06,0.004545454545454545,238,239,239,242,243,243
243,ec:1.14.14.47,1,220,220.0,1.0894623551617723e-06,1.0894623551617723e-06,1.0894623551617723e-06,1.0894623551617723e-06,1.0894623551617723e-06,1.0894623551617723e-06,0.004545454545454545,238,239,239,242,243,243
243,ec:1.14.13.39,1,220,220.0,1.0894623551617723e-06,1.0894623551617723e-06,1.0894623551617723e-06,1.0894623551617723e-06,1.0894623551617723e-06,1.0894623551617723e-06,0.004545454545454545,238,239,239,242,243,243
243,ec:3.5.3.18,1,220,220.0,1.0894623551617723e-06,1.0894623551617723e-06,1.0894623551617723e-06,1.0894623551617723e-06,1.0894623551617723e-06,1.0894623551617723e-06,0.004545454545454545,238,239,239,242,243,243
243,ec:3.5.1.20,1,220,220.0,1.0894623551617723e-06,1.0894623551617723e-06,1.0894623551617723e-06,1.0894623551617723e-06,1.0894623551617723e-06,1.0894623551617723e-06,0.004545454545454545,238,239,239,242,243,243
243,ec:2.1.3.3,1,220,220.0,1.0894623551617723e-06,1.0894623551617723e-06,1.0894623551617723e-06,1.0894623551617723e-06,1.0894623551617723e-06,1.0894623551617723e-06,0.004545454545454545,238,239,239,242,243,243
243,ec:3.5.3.6,1,220,220.0,1.0894623551617723e-06,1.0894623551617723e-06,1.0894623551617723e-06,1.0894623551617723e-06,1.0894623551617723e-06,1.0894623551617723e-06,0.004545454545454545,238,239,239,242,243,243
251,ec:6.3.2.44,1,221,221.0,1.0875182125378775e-06,1.0875182125378775e-06,1.0875182125378775e-06,1.0875182125378775e-06,1.0875182125378775e-06,1.0875182125378775e-06,0.004524886877828055,246,247,247,250,251,251
251,ec:3.5.1.92,1,221,221.0,1.0875182125378775e-06,1.0875182125378775e-06,1.0875182125378775e-06,1.0875182125378775e-06,1.0875182125378775e-06,1.0875182125378775e-06,0.004524886877828055,246,247,247,250,251,251
251,ec:3.5.1.22,1,221,221.0,1.0875182125378775e-06,1.0875182125378775e-06,1.0875182125378775e-06,1.0875182125378775e-06,1.0875182125378775e-06,1.0875182125378775e-06,0.004524886877828055,246,247,247,250,251,251
251,ec:6.3.2.1,1,221,221.0,1.0875182125378775e-06,1.0875182125378775e-06,1.0875182125378775e-06,1.0875182125378775e-06,1.0875182125378775e-06,1.0875182125378775e-06,0.004524886877828055,246,247,247,250,251,251
251,ec:2.7.1.33,1,221,221.0,1.0875182125378775e-06,1.0875182125378775e-06,1.0875182125378775e-06,1.0875182125378775e-06,1.0875182125378775e-06,1.0875182125378775e-06,0.004524886877828055,246,247,247,250,251,251
256,ec:2.1.2.7,1,227,227.0,1.0701805941380298e-06,1.0701805941380298e-06,1.0701805941380298e-06,1.0701805941380298e-06,1.0701805941380298e-06,1.0701805941380298e-06,0.004405286343612335,251,253,252,255,256,256
257,ec:2.4.1.17,1,228,228.0,1.0684182201657055e-06,1.0684182201657055e-06,1.0684182201657055e-06,1.0684182201657055e-06,1.0684182201657055e-06,1.0684182201657055e-06,0.0043859649122807015,252,254,253,256,257,257
258,ec:2.8.2.14,1,229,229.0,1.0650148924451446e-06,1.0650148924451446e-06,1.0650148924451446e-06,1.0650148924451446e-06,1.0650148924451446e-06,1.0650148924451446e-06,0.004366812227074236,255,257,256,257,258,258
259,ec:3.5.2.1,1,230,230.0,1.062138027362407e-06,1.062138027362407e-06,1.062138027362407e-06,1.062138027362407e-06,1.062138027362407e-06,1.062138027362407e-06,0.004347826086956522,256,258,257,258,259,259
259,ec:3.1.2.17,1,230,230.0,1.062138027362407e-06,1.062138027362407e-06,1.062138027362407e-06,1.062138027362407e-06,1.062138027362407e-06,1.062138027362407e-06,0.004347826086956522,256,258,257,258,259,259
261,ec:4.1.3.6,1,233,233.0,1.05532066694959e-06,1.05532066694959e-06,1.05532066694959e-06,1.05532066694959e-06,1.05532066694959e-06,1.05532066694959e-06,0.004291845493562232,258,260,259,260,261,261
261,ec:6.3.2.38,1,233,233.0,1.05532066694959e-06,1.05532066694959e-06,1.05532066694959e-06,1.05532066694959e-06,1.05532066694959e-06,1.05532066694959e-06,0.004291845493562232,258,260,259,260,261,261
261,ec:2.3.3.5,1,233,233.0,1.05532066694959e-06,1.05532066694959e-06,1.05532066694959e-06,1.05532066694959e-06,1.05532066694959e-06,1.05532066694959e-06,0.004291845493562232,258,260,259,260,261,261
261,ec:4.2.1.3,1,233,233.0,1.05532066694959e-06,1.05532066694959e-06,1.05532066694959e-06,1.05532066694959e-06,1.05532066694959e-06,1.05532066694959e-06,0.004291845493562232,258,260,259,260,261,261
261,ec:2.8.3.10,1,233,233.0,1.05532066694959e-06,1.05532066694959e-06,1.05532066694959e-06,1.05532066694959e-06,1.05532066694959e-06,1.05532066694959e-06,0.004291845493562232,258,260,259,260,261,261
261,ec:2.3.3.16,1,233,233.0,1.05532066694959e-06,1.05532066694959e-06,1.05532066694959e-06,1.05532066694959e-06,1.05532066694959e-06,1.05532066694959e-06,0.004291845493562232,258,260,259,260,261,261
261,ec:6.3.2.57,1,233,233.0,1.05532066694959e-06,1.05532066694959e-06,1.05532066694959e-06,1.05532066694959e-06,1.05532066694959e-06,1.05532066694959e-06,0.004291845493562232,258,260,259,260,261,261
261,ec:2.3.3.3,1,233,233.0,1.05532066694959e-06,1.05532066694959e-06,1.05532066694959e-06,1.05532066694959e-06,1.05532066694959e-06,1.05532066694959e-06,0.004291845493562232,258,260,259,260,261,261
261,ec:6.3.2.54,1,233,233.0,1.05532066694959e-06,1.05532066694959e-06,1.05532066694959e-06,1.05532066694959e-06,1.05532066694959e-06,1.05532066694959e-06,0.004291845493562232,258,260,259,260,261,261
261,ec:2.3.3.1,1,233,233.0,1.05532066694959e-06,1.05532066694959e-06,1.05532066694959e-06,1.05532066694959e-06,1.05532066694959e-06,1.05532066694959e-06,0.004291845493562232,258,260,259,260,261,261
261,ec:6.3.1.17,1,233,233.0,1.05532066694959e-06,1.05532066694959e-06,1.05532066694959e-06,1.05532066694959e-06,1.05532066694959e-06,1.05532066694959e-06,0.004291845493562232,258,260,259,260,261,261
261,ec:2.3.3.8,1,233,233.0,1.05532066694959e-06,1.05532066694959e-06,1.05532066694959e-06,1.05532066694959e-06,1.05532066694959e-06,1.05532066694959e-06,0.004291845493562232,258,260,259,260,261,261
261,ec:6.3.2.58,1,233,233.0,1.05532066694959e-06,1.05532066694959e-06,1.05532066694959e-06,1.05532066694959e-06,1.05532066694959e-06,1.05532066694959e-06,0.004291845493562232,258,260,259,260,261,261
261,ec:6.2.1.18,1,233,233.0,1.05532066694959e-06,1.05532066694959e-06,1.05532066694959e-06,1.05532066694959e-06,1.05532066694959e-06,1.05532066694959e-06,0.004291845493562232,258,260,259,260,261,261
275,ec:1.14.16.1,1,234,234.0,1.054396764552318e-06,1.054396764552318e-06,1.054396764552318e-06,1.054396764552318e-06,1.054396764552318e-06,1.054396764552318e-06,0.004273504273504274,272,274,273,274,275,275
275,ec:6.3.2.24,1,234,234.0,1.054396764552318e-06,1.054396764552318e-06,1.054396764552318e-06,1.054396764552318e-06,1.054396764552318e-06,1.054396764552318e-06,0.004273504273504274,272,274,273,274,275,275
275,ec:4.3.1.23,1,234,234.0,1.054396764552318e-06,1.054396764552318e-06,1.054396764552318e-06,1.054396764552318e-06,1.054396764552318e-06,1.054396764552318e-06,0.004273504273504274,272,274,273,274,275,275
275,ec:1.3.1.79,1,234,234.0,1.054396764552318e-06,1.054396764552318e-06,1.054396764552318e-06,1.054396764552318e-06,1.054396764552318e-06,1.054396764552318e-06,0.004273504273504274,272,274,273,274,275,275
275,ec:5.4.3.6,1,234,234.0,1.054396764552318e-06,1.054396764552318e-06,1.054396764552318e-06,1.054396764552318e-06,1.054396764552318e-06,1.054396764552318e-06,0.004273504273504274,272,274,273,274,275,275
275,ec:1.14.16.2,1,234,234.0,1.054396764552318e-06,1.054396764552318e-06,1.054396764552318e-06,1.054396764552318e-06,1.054396764552318e-06,1.054396764552318e-06,0.004273504273504274,272,274,273,274,275,275
275,ec:1.11.1.8,1,234,234.0,1.054396764552318e-06,1.054396764552318e-06,1.054396764552318e-06,1.054396764552318e-06,1.054396764552318e-06,1.054396764552318e-06,0.004273504273504274,272,274,273,274,275,275
275,ec:4.1.99.2,1,234,234.0,1.054396764552318e-06,1.054396764552318e-06,1.054396764552318e-06,1.054396764552318e-06,1.054396764552318e-06,1.054396764552318e-06,0.004273504273504274,272,274,273,274,275,275
275,ec:1.3.1.78,1,234,234.0,1.054396764552318e-06,1.054396764552318e-06,1.054396764552318e-06,1.054396764552318e-06,1.054396764552318e-06,1.054396764552318e-06,0.004273504273504274,272,274,273,274,275,275
275,ec:1.10.3.1,1,234,234.0,1.054396764552318e-06,1.054396764552318e-06,1.054396764552318e-06,1.054396764552318e-06,1.054396764552318e-06,1.054396764552318e-06,0.004273504273504274,272,274,273,274,275,275
275,ec:4.1.1.28,1,234,234.0,1.054396764552318e-06,1.054396764552318e-06,1.054396764552318e-06,1.054396764552318e-06,1.054396764552318e-06,1.054396764552318e-06,0.004273504273504274,272,274,273,274,275,275
275,ec:1.14.18.1,1,234,234.0,1.054396764552318e-06,1.054396764552318e-06,1.054396764552318e-06,1.054396764552318e-06,1.054396764552318e-06,1.054396764552318e-06,0.004273504273504274,272,274,273,274,275,275
275,ec:6.3.2.25,1,234,234.0,1.054396764552318e-06,1.054396764552318e-06,1.054396764552318e-06,1.054396764552318e-06,1.054396764552318e-06,1.054396764552318e-06,0.004273504273504274,272,274,273,274,275,275
275,ec:4.1.1.25,1,234,234.0,1.054396764552318e-06,1.054396764552318e-06,1.054396764552318e-06,1.054396764552318e-06,1.054396764552318e-06,1.054396764552318e-06,0.004273504273504274,272,274,273,274,275,275
275,ec:1.3.1.43,1,234,234.0,1.054396764552318e-06,1.054396764552318e-06,1.054396764552318e-06,1.054396764552318e-06,1.054396764552318e-06,1.054396764552318e-06,0.004273504273504274,272,274,273,274,275,275
275,ec:4.3.1.25,1,234,234.0,1.054396764552318e-06,1.054396764552318e-06,1.054396764552318e-06,1.054396764552318e-06,1.054396764552318e-06,1.054396764552318e-06,0.004273504273504274,272,274,273,274,275,275
275,ec:1.14.14.36,1,234,234.0,1.054396764552318e-06,1.054396764552318e-06,1.054396764552318e-06,1.054396764552318e-06,1.054396764552318e-06,1.054396764552318e-06,0.004273504273504274,272,274,273,274,275,275
275,ec:6.1.1.1,1,234,234.0,1.054396764552318e-06,1.054396764552318e-06,1.054396764552318e-06,1.054396764552318e-06,1.054396764552318e-06,1.054396764552318e-06,0.004273504273504274,272,274,273,274,275,275
293,ec:2.3.1.14,1,235,235.0,1.053043403077259e-06,1.053043403077259e-06,1.053043403077259e-06,1.053043403077259e-06,1.053043403077259e-06,1.053043403077259e-06,0.00425531914893617,290,292,291,292,293,293
294,ec:6.3.3.6,1,236,236.0,1.0500736829479852e-06,1.0500736829479852e-06,1.0500736829479852e-06,1.0500736829479852e-06,1.0500736829479852e-06,1.0500736829479852e-06,0.00423728813559322,292,293,292,293,294,294
294,ec:2.3.1.226,1,236,236.0,1.0500736829479852e-06,1.0500736829479852e-06,1.0500736829479852e-06,1.0500736829479852e-06,1.0500736829479852e-06,1.0500736829479852e-06,0.00423728813559322,292,293,292,293,294,294
296,ec:1.3.5.2,1,238,238.0,1.044771740742755e-06,1.044771740742755e-06,1.044771740742755e-06,1.044771740742755e-06,1.044771740742755e-06,1.044771740742755e-06,0.004201680672268907,294,295,294,295,296,296
296,ec:2.4.2.10,1,238,238.0,1.044771740742755e-06,1.044771740742755e-06,1.044771740742755e-06,1.044771740742755e-06,1.044771740742755e-06,1.044771740742755e-06,0.004201680672268907,294,295,294,295,296,296
296,ec:1.3.1.14,1,238,238.0,1.044771740742755e-06,1.044771740742755e-06,1.044771740742755e-06,1.044771740742755e-06,1.044771740742755e-06,1.044771740742755e-06,0.004201680672268907,294,295,294,295,296,296
296,ec:1.3.1.15,1,238,238.0,1.044771740742755e-06,1.044771740742755e-06,1.044771740742755e-06,1.044771740742755e-06,1.044771740742755e-06,1.044771740742755e-06,0.004201680672268907,294,295,294,295,296,296
300,ec:2.6.1.100,1,240,240.0,1.0372200815641126e-06,1.0372200815641126e-06,1.0372200815641126e-06,1.0372200815641126e-06,1.0372200815641126e-06,1.0372200815641126e-06,0.004166666666666667,298,299,298,299,300,300
300,ec:2.6.1.101,1,240,240.0,1.0372200815641126e-06,1.0372200815641126e-06,1.0372200815641126e-06,1.0372200815641126e-06,1.0372200815641126e-06,1.0372200815641126e-06,0.004166666666666667,298,299,298,299,300,300
300,ec:2.6.1.117,1,240,240.0,1.0372200815641126e-06,1.0372200815641126e-06,1.0372200815641126e-06,1.0372200815641126e-06,1.0372200815641126e-06,1.0372200815641126e-06,0.004166666666666667,298,299,298,299,300,300
300,ec:2.6.1.64,1,240,240.0,1.0372200815641126e-06,1.0372200815641126e-06,1.0372200815641126e-06,1.0372200815641126e-06,1.0372200815641126e-06,1.0372200815641126e-06,0.004166666666666667,298,299,298,299,300,300
300,ec:2.6.1.50,1,240,240.0,1.0372200815641126e-06,1.0372200815641126e-06,1.0372200815641126e-06,1.0372200815641126e-06,1.0372200815641126e-06,1.0372200815641126e-06,0.004166666666666667,298,299,298,299,300,300
300,ec:2.6.1.15,1,240,240.0,1.0372200815641126e-06,1.0372200815641126e-06,1.0372200815641126e-06,1.0372200815641126e-06,1.0372200815641126e-06,1.0372200815641126e-06,0.004166666666666667,298,299,298,299,300,300
306,ec:4.2.1.6,1,243,243.0,9.82491777954973e-07,9.82491777954973e-07,9.82491777954973e-07,9.82491777954973e-07,9.82491777954973e-07,9.82491777954973e-07,0.00411522633744856,305,305,305,305,306,306
306,ec:3.1.1.25,1,243,243.0,9.82491777954973e-07,9.82491777954973e-07,9.82491777954973e-07,9.82491777954973e-07,9.82491777954973e-07,9.82491777954973e-07,0.00411522633744856,305,305,305,305,306,306
306,ec:1.1.3.9,1,243,243.0,9.82491777954973e-07,9.82491777954973e-07,9.82491777954973e-07,9.82491777954973e-07,9.82491777954973e-07,9.82491777954973e-07,0.00411522633744856,305,305,305,305,306,306
306,ec:4.2.1.140,1,243,243.0,9.82491777954973e-07,9.82491777954973e-07,9.82491777954973e-07,9.82491777954973e-07,9.82491777954973e-07,9.82491777954973e-07,0.00411522633744856,305,305,305,305,306,306
310,ec:1.1.99.42,1,245,245.0,9.437000666550148e-07,9.437000666550148e-07,9.437000666550148e-07,9.437000666550148e-07,9.437000666550148e-07,9.437000666550148e-07,0.004081632653061225,309,309,309,309,310,310
310,ec:3.1.1.27,1,245,245.0,9.437000666550148e-07,9.437000666550148e-07,9.437000666550148e-07,9.437000666550148e-07,9.437000666550148e-07,9.437000666550148e-07,0.004081632653061225,309,309,309,309,310,310
312,ec:3.5.1.31,1,246,246.0,9.192427419422332e-07,9.192427419422332e-07,9.192427419422332e-07,9.192427419422332e-07,9.192427419422332e-07,9.192427419422332e-07,0.0040650406504065045,311,311,311,312,312,312
313,ec:2.6.1.30,1,248,248.0,8.790309917989451e-07,8.790309917989451e-07,8.790309917989451e-07,8.790309917989451e-07,8.790309917989451e-07,8.790309917989451e-07,0.004032258064516129,313,313,313,313,313,313
313,ec:1.1.1.107,1,248,248.0,8.790309917989451e-07,8.790309917989451e-07,8.790309917989451e-07,8.790309917989451e-07,8.790309917989451e-07,8.790309917989451e-07,0.004032258064516129,313,313,313,313,313,313
313,ec:2.6.1.54,1,248,248.0,8.790309917989451e-07,8.790309917989451e-07,8.790309917989451e-07,8.790309917989451e-07,8.790309917989451e-07,8.790309917989451e-07,0.004032258064516129,313,313,313,313,313,313
313,ec:2.7.1.35,1,248,248.0,8.790309917989451e-07,8.790309917989451e-07,8.790309917989451e-07,8.790309917989451e-07,8.790309917989451e-07,8.790309917989451e-07,0.004032258064516129,313,313,313,313,313,313
313,ec:2.6.1.31,1,248,248.0,8.790309917989451e-07,8.790309917989451e-07,8.790309917989451e-07,8.790309917989451e-07,8.790309917989451e-07,8.790309917989451e-07,0.004032258064516129,313,313,313,313,313,313
313,ec:1.4.3.5,1,248,248.0,8.790309917989451e-07,8.790309917989451e-07,8.790309917989451e-07,8.790309917989451e-07,8.790309917989451e-07,8.790309917989451e-07,0.004032258064516129,313,313,313,313,313,313
313,ec:3.1.3.74,1,248,248.0,8.790309917989451e-07,8.790309917989451e-07,8.790309917989451e-07,8.790309917989451e-07,8.790309917989451e-07,8.790309917989451e-07,0.004032258064516129,313,313,313,313,313,313
313,ec:1.1.1.65,1,248,248.0,8.790309917989451e-07,8.790309917989451e-07,8.790309917989451e-07,8.790309917989451e-07,8.790309917989451e-07,8.790309917989451e-07,0.004032258064516129,313,313,313,313,313,313
313,ec:1.1.3.12,1,248,248.0,8.790309917989451e-07,8.790309917989451e-07,8.790309917989451e-07,8.790309917989451e-07,8.790309917989451e-07,8.790309917989451e-07,0.004032258064516129,313,313,313,313,313,313
322,ec:2.1.1.4,1,249,249.0,8.226215742793038e-07,8.226215742793038e-07,8.226215742793038e-07,8.226215742793038e-07,8.226215742793038e-07,8.226215742793038e-07,0.004016064257028112,322,322,322,322,322,322
323,ec:3.1.1.53,1,250,250.0,8.220635946111757e-07,8.220635946111757e-07,8.220635946111757e-07,8.220635946111757e-07,8.220635946111757e-07,8.220635946111757e-07,0.004,323,323,323,323,323,323
323,ec:3.2.1.18,1,250,250.0,8.220635946111757e-07,8.220635946111757e-07,8.220635946111757e-07,8.220635946111757e-07,8.220635946111757e-07,8.220635946111757e-07,0.004,323,323,323,323,323,323
323,ec:2.5.1.56,1,250,250.0,8.220635946111757e-07,8.220635946111757e-07,8.220635946111757e-07,8.220635946111757e-07,8.220635946111757e-07,8.220635946111757e-07,0.004,323,323,323,323,323,323
323,ec:1.14.18.2,1,250,250.0,8.220635946111757e-07,8.220635946111757e-07,8.220635946111757e-07,8.220635946111757e-07,8.220635946111757e-07,8.220635946111757e-07,0.004,323,323,323,323,323,323
323,ec:3.1.3.29,1,250,250.0,8.220635946111757e-07,8.220635946111757e-07,8.220635946111757e-07,8.220635946111757e-07,8.220635946111757e-07,8.220635946111757e-07,0.004,323,323,323,323,323,323
323,ec:2.3.1.44,1,250,250.0,8.220635946111757e-07,8.220635946111757e-07,8.220635946111757e-07,8.220635946111757e-07,8.220635946111757e-07,8.220635946111757e-07,0.004,323,323,323,323,323,323
323,ec:4.1.3.3,1,250,250.0,8.220635946111757e-07,8.220635946111757e-07,8.220635946111757e-07,8.220635946111757e-07,8.220635946111757e-07,8.220635946111757e-07,0.004,323,323,323,323,323,323
323,ec:2.7.7.43,1,250,250.0,8.220635946111757e-07,8.220635946111757e-07,8.220635946111757e-07,8.220635946111757e-07,8.220635946111757e-07,8.220635946111757e-07,0.004,323,323,323,323,323,323
