enzyme_id,enzyme_name,enzyme_score,score_std,degree,score_MEAN_importance,score_MAX_importance,supporting_metabolites,selection_frequency
ec:1.2.3.1,aldehyde oxidase,7.362936787105694e-06,5.171464825993902e-06,7,1.0518481124436704e-06,1.2854233735122207e-06,ethylmalonate; pyridoxal; 5-hydroxyindoleacetate; N1-methyl-2-pyridone-5-carboxamide; gentisate,6
ec:3.5.1.24,choloylglycine hydrolase,6.236210514035213e-06,4.1459108797140434e-06,5,1.2472421028070432e-06,1.3188328774574833e-06,deoxycholate; glycocholate; taurocholate; glycodeoxycholate; taurodeoxycholate,6
ec:1.2.1.3,aldehyde dehydrogenase (NAD+),4.074233079506828e-06,2.801140458586317e-06,4,1.018558269876707e-06,1.095178942852645e-06,ethylmalonate; alpha-ketoglutarate; glycerate; 5-hydroxyindoleacetate,6
ec:3.1.3.6,3'-nucleotidase,3.7779526071573264e-06,2.680702051460587e-06,3,1.2593175357191089e-06,1.306092710092476e-06,uridine; cytidine; adenosine,6
ec:3.1.3.5,5'-nucleotidase,3.7779526071573264e-06,2.680702051460587e-06,3,1.2593175357191089e-06,1.306092710092476e-06,uridine; cytidine; adenosine,6
ec:2.6.1.1,aspartate transaminase,3.3084062214617413e-06,2.2403285694094097e-06,3,1.1028020738205804e-06,1.1597149218969506e-06,alpha-ketoglutarate; 4-hydroxyphenylpyruvate; tyrosine,6
ec:3.5.4.5,cytidine deaminase,2.558624278855703e-06,1.8248623431567773e-06,2,1.2793121394278514e-06,1.306092710092476e-06,uridine; cytidine,6
ec:2.7.1.48,uridine/cytidine kinase,2.558624278855703e-06,1.8248623431567773e-06,2,1.2793121394278514e-06,1.306092710092476e-06,uridine; cytidine,6
ec:3.2.2.8,ribosylpyrimidine nucleosidase,2.558624278855703e-06,1.8248623431567773e-06,2,1.2793121394278514e-06,1.306092710092476e-06,uridine; cytidine,6
ec:2.7.1.213,cytidine kinase,2.558624278855703e-06,1.8248623431567773e-06,2,1.2793121394278514e-06,1.306092710092476e-06,uridine; cytidine,6
ec:2.4.2.2,pyrimidine-nucleoside phosphorylase,2.558624278855703e-06,1.8248623431567773e-06,2,1.2793121394278514e-06,1.306092710092476e-06,uridine; cytidine,6
ec:2.8.3.25,bile acid CoA-transferase,2.5050669077934745e-06,1.751139597162695e-06,2,1.2525334538967372e-06,1.255461336862134e-06,deoxycholate; lithocholate,6
ec:2.3.1.65,bile acid-CoA:amino acid N-acyltransferase,2.472992264226823e-06,1.6110291172677932e-06,2,1.2364961321134112e-06,1.3188328774574833e-06,glycocholate; taurocholate,6
ec:2.5.1.48,cystathionine gamma-synthase,2.4359057211238347e-06,1.5276863848137356e-06,2,1.2179528605619176e-06,1.3069884013600304e-06,O-acetylhomoserine; alpha-ketobutyrate,6
ec:2.3.1.54,formate C-acetyltransferase,2.423187404694754e-06,1.5160078726225357e-06,2,1.211593702347377e-06,1.3069884013600304e-06,pyruvate; alpha-ketobutyrate,6
ec:2.2.1.6,acetolactate synthase,2.423187404694754e-06,1.5160078726225357e-06,2,1.211593702347377e-06,1.3069884013600304e-06,pyruvate; alpha-ketobutyrate,6
ec:3.4.13.20,beta-Ala-His dipeptidase,2.350586643230636e-06,1.64084789099864e-06,2,1.1752933216153178e-06,1.197045261013151e-06,imidazole propionate; 3-methylhistidine,6
ec:6.3.2.11,carnosine synthase,2.350586643230636e-06,1.64084789099864e-06,2,1.1752933216153178e-06,1.197045261013151e-06,imidazole propionate; 3-methylhistidine,6
ec:2.4.2.1,purine-nucleoside phosphorylase,2.313132629654873e-06,1.5835483561028563e-06,2,1.1565663148274365e-06,1.2193283283016235e-06,adenosine; hypoxanthine,6
ec:3.2.2.1,purine nucleosidase,2.313132629654873e-06,1.5835483561028563e-06,2,1.1565663148274365e-06,1.2193283283016235e-06,adenosine; hypoxanthine,6
ec:3.5.1.95,N-malonylurea hydrolase,2.273427437203083e-06,1.5495175749215426e-06,2,1.1367137186015417e-06,1.211289409840676e-06,ethylmalonate; malonate,6
ec:1.4.3.2,L-amino-acid oxidase,2.214111686449269e-06,1.4734875714481046e-06,2,1.1070558432246344e-06,1.1597149218969506e-06,tyrosine; 4-hydroxyphenylpyruvate,6
ec:2.6.1.57,aromatic-amino-acid transaminase,2.214111686449269e-06,1.4734875714481046e-06,2,1.1070558432246344e-06,1.1597149218969506e-06,tyrosine; 4-hydroxyphenylpyruvate,6
ec:2.6.1.103,"(S)-3,5-dihydroxyphenylglycine transaminase",2.214111686449269e-06,1.4734875714481046e-06,2,1.1070558432246344e-06,1.1597149218969506e-06,tyrosine; 4-hydroxyphenylpyruvate,6
ec:2.6.1.5,tyrosine transaminase,2.214111686449269e-06,1.4734875714481046e-06,2,1.1070558432246344e-06,1.1597149218969506e-06,tyrosine; 4-hydroxyphenylpyruvate,6
ec:2.6.1.9,histidinol-phosphate transaminase,2.214111686449269e-06,1.4734875714481046e-06,2,1.1070558432246344e-06,1.1597149218969506e-06,tyrosine; 4-hydroxyphenylpyruvate,6
ec:1.3.98.1,dihydroorotate dehydrogenase (fumarate),2.19525545103954e-06,1.5764168736070238e-06,2,1.09762772551977e-06,1.150483710296785e-06,orotate; fumarate,6
ec:1.17.3.2,xanthine oxidase,2.179265651119716e-06,1.4615570680745783e-06,2,1.089632825559858e-06,1.0938043013532496e-06,hydantoin-5-propionate; hypoxanthine,6
ec:3.5.1.3,omega-amidase,2.131514616576585e-06,1.526236120880263e-06,2,1.0657573082882925e-06,1.0942945350124724e-06,alpha-ketoglutarate; alpha-ketoglutaramate*,6
ec:3.5.1.111,2-oxoglutaramate amidase,2.131514616576585e-06,1.526236120880263e-06,2,1.0657573082882925e-06,1.0942945350124724e-06,alpha-ketoglutarate; alpha-ketoglutaramate*,6
ec:1.2.3.8,pyridoxal oxidase,1.82273105845396e-06,1.3405299452858182e-06,2,9.1136552922698e-07,9.437000666550148e-07,pyridoxal; pyridoxate,6
ec:1.4.3.4,monoamine oxidase,1.5551185283834025e-06,1.0700273748344089e-06,1,1.5551185283834025e-06,1.5551185283834025e-06,1-methylhistamine,6
ec:2.1.1.8,histamine N-methyltransferase,1.5551185283834025e-06,1.0700273748344089e-06,1,1.5551185283834025e-06,1.5551185283834025e-06,1-methylhistamine,6
ec:1.4.3.22,diamine oxidase,1.5551185283834025e-06,1.0700273748344089e-06,1,1.5551185283834025e-06,1.5551185283834025e-06,1-methylhistamine,6
ec:2.3.3.6,2-ethylmalate synthase,1.3069884013600304e-06,7.970960735008869e-07,1,1.3069884013600304e-06,1.3069884013600304e-06,alpha-ketobutyrate,6
ec:1.2.7.1,pyruvate synthase (ferredoxin),1.3069884013600304e-06,7.970960735008869e-07,1,1.3069884013600304e-06,1.3069884013600304e-06,alpha-ketobutyrate,6
ec:3.5.99.7,1-aminocyclopropane-1-carboxylate deaminase,1.3069884013600304e-06,7.970960735008869e-07,1,1.3069884013600304e-06,1.3069884013600304e-06,alpha-ketobutyrate,6
ec:4.4.1.1,cystathionine gamma-lyase,1.3069884013600304e-06,7.970960735008869e-07,1,1.3069884013600304e-06,1.3069884013600304e-06,alpha-ketobutyrate,6
ec:4.4.1.11,methionine gamma-lyase,1.3069884013600304e-06,7.970960735008869e-07,1,1.3069884013600304e-06,1.3069884013600304e-06,alpha-ketobutyrate,6
ec:1.1.1.27,L-lactate dehydrogenase,1.3069884013600304e-06,7.970960735008869e-07,1,1.3069884013600304e-06,1.3069884013600304e-06,alpha-ketobutyrate,6
ec:1.1.1.85,3-isopropylmalate dehydrogenase,1.3069884013600304e-06,7.970960735008869e-07,1,1.3069884013600304e-06,1.3069884013600304e-06,alpha-ketobutyrate,6
ec:4.3.1.19,threonine ammonia-lyase,1.3069884013600304e-06,7.970960735008869e-07,1,1.3069884013600304e-06,1.3069884013600304e-06,alpha-ketobutyrate,6
ec:2.6.1.42,branched-chain-amino-acid transaminase,1.3069884013600304e-06,7.970960735008869e-07,1,1.3069884013600304e-06,1.3069884013600304e-06,alpha-ketobutyrate,6
ec:4.4.1.2,homocysteine desulfhydrase,1.3069884013600304e-06,7.970960735008869e-07,1,1.3069884013600304e-06,1.3069884013600304e-06,alpha-ketobutyrate,6
ec:4.1.1.112,oxaloacetate decarboxylase,1.3069884013600304e-06,7.970960735008869e-07,1,1.3069884013600304e-06,1.3069884013600304e-06,alpha-ketobutyrate,6
ec:3.5.1.135,N4-acetylcytidine amidohydrolase,1.306092710092476e-06,9.908198639210129e-07,1,1.306092710092476e-06,1.306092710092476e-06,cytidine,6
ec:3.1.3.91,7-methylguanosine nucleotidase,1.306092710092476e-06,9.908198639210129e-07,1,1.306092710092476e-06,1.306092710092476e-06,cytidine,6
ec:1.14.14.29,25/26-hydroxycholesterol 7alpha-hydroxylase,1.2956518208622544e-06,9.177413196554346e-07,1,1.2956518208622544e-06,1.2956518208622544e-06,3beta-hydroxy-5-cholestenoate,6
ec:1.2.1.29,aryl-aldehyde dehydrogenase,1.2854233735122207e-06,8.43392497338243e-07,1,1.2854233735122207e-06,1.2854233735122207e-06,gentisate,6
ec:1.14.13.172,salicylate 5-hydroxylase,1.2854233735122207e-06,8.43392497338243e-07,1,1.2854233735122207e-06,1.2854233735122207e-06,gentisate,6
ec:1.13.11.4,"gentisate 1,2-dioxygenase",1.2854233735122207e-06,8.43392497338243e-07,1,1.2854233735122207e-06,1.2854233735122207e-06,gentisate,6
ec:4.1.1.62,gentisate decarboxylase,1.2854233735122207e-06,8.43392497338243e-07,1,1.2854233735122207e-06,1.2854233735122207e-06,gentisate,6
ec:1.14.13.24,3-hydroxybenzoate 6-monooxygenase,1.2854233735122207e-06,8.43392497338243e-07,1,1.2854233735122207e-06,1.2854233735122207e-06,gentisate,6
ec:4.1.1.75,5-guanidino-2-oxopentanoate decarboxylase,1.2632031548225012e-06,9.043640635641892e-07,1,1.2632031548225012e-06,1.2632031548225012e-06,2-oxoarginine*,6
ec:1.4.99.6,D-arginine dehydrogenase,1.2632031548225012e-06,9.043640635641892e-07,1,1.2632031548225012e-06,1.2632031548225012e-06,2-oxoarginine*,6
ec:2.6.1.21,D-amino-acid transaminase,1.2632031548225012e-06,9.043640635641892e-07,1,1.2632031548225012e-06,1.2632031548225012e-06,2-oxoarginine*,6
ec:2.6.1.84,arginine---pyruvate transaminase,1.2632031548225012e-06,9.043640635641892e-07,1,1.2632031548225012e-06,1.2632031548225012e-06,2-oxoarginine*,6
ec:2.6.1.125,L-arginine:2-oxoglutarate transaminase,1.2632031548225012e-06,9.043640635641892e-07,1,1.2632031548225012e-06,1.2632031548225012e-06,2-oxoarginine*,6
ec:1.4.1.25,L-arginine dehydrogenase,1.2632031548225012e-06,9.043640635641892e-07,1,1.2632031548225012e-06,1.2632031548225012e-06,2-oxoarginine*,6
ec:1.4.3.3,D-amino-acid oxidase,1.2632031548225012e-06,9.043640635641892e-07,1,1.2632031548225012e-06,1.2632031548225012e-06,2-oxoarginine*,6
ec:1.4.3.25,L-arginine oxidase,1.2632031548225012e-06,9.043640635641892e-07,1,1.2632031548225012e-06,1.2632031548225012e-06,2-oxoarginine*,6
ec:2.1.1.243,5-guanidino-2-oxopentanoate (3R)-methyltransferase,1.2632031548225012e-06,9.043640635641892e-07,1,1.2632031548225012e-06,1.2632031548225012e-06,2-oxoarginine*,6
ec:1.14.11.3,pyrimidine-deoxynucleoside 2'-dioxygenase,1.252531568763227e-06,8.43273607839201e-07,1,1.252531568763227e-06,1.252531568763227e-06,uridine,6
ec:2.4.2.3,uridine phosphorylase,1.252531568763227e-06,8.43273607839201e-07,1,1.252531568763227e-06,1.252531568763227e-06,uridine,6
ec:3.2.2.3,uridine nucleosidase,1.252531568763227e-06,8.43273607839201e-07,1,1.252531568763227e-06,1.252531568763227e-06,uridine,6
ec:1.14.14.138,lithocholate 6beta-hydroxylase,1.2496055709313404e-06,8.786788336537193e-07,1,1.2496055709313404e-06,1.2496055709313404e-06,lithocholate,6
ec:1.1.1.392,3alpha-hydroxycholanate dehydrogenase (NADP+),1.2496055709313404e-06,8.786788336537193e-07,1,1.2496055709313404e-06,1.2496055709313404e-06,lithocholate,6
ec:1.14.14.57,taurochenodeoxycholate 6alpha-hydroxylase,1.2496055709313404e-06,8.786788336537193e-07,1,1.2496055709313404e-06,1.2496055709313404e-06,lithocholate,6
ec:1.1.1.52,3alpha-hydroxycholanate dehydrogenase (NAD+),1.2496055709313404e-06,8.786788336537193e-07,1,1.2496055709313404e-06,1.2496055709313404e-06,lithocholate,6
ec:2.4.1.48,heteroglycan alpha-mannosyltransferase,1.2296502627445956e-06,8.807553522053167e-07,1,1.2296502627445956e-06,1.2296502627445956e-06,15-HETE,6
ec:2.1.1.1,nicotinamide N-methyltransferase,1.2230236068328372e-06,9.038474814751052e-07,1,1.2230236068328372e-06,1.2230236068328372e-06,1-methylnicotinamide,6
ec:2.7.1.114,AMP---thymidine kinase,1.2193283283016235e-06,8.586515736582797e-07,1,1.2193283283016235e-06,1.2193283283016235e-06,adenosine,6
ec:3.13.2.3,(R)-S-adenosyl-L-methionine hydrolase (adenosine-forming),1.2193283283016235e-06,8.586515736582797e-07,1,1.2193283283016235e-06,1.2193283283016235e-06,adenosine,6
ec:1.1.3.39,nucleoside oxidase (H2O2-forming),1.2193283283016235e-06,8.586515736582797e-07,1,1.2193283283016235e-06,1.2193283283016235e-06,adenosine,6
ec:3.5.4.4,adenosine deaminase,1.2193283283016235e-06,8.586515736582797e-07,1,1.2193283283016235e-06,1.2193283283016235e-06,adenosine,6
ec:2.5.1.153,adenosine tuberculosinyltransferase,1.2193283283016235e-06,8.586515736582797e-07,1,1.2193283283016235e-06,1.2193283283016235e-06,adenosine,6
ec:2.7.1.20,adenosine kinase,1.2193283283016235e-06,8.586515736582797e-07,1,1.2193283283016235e-06,1.2193283283016235e-06,adenosine,6
ec:3.13.2.1,adenosylhomocysteinase,1.2193283283016235e-06,8.586515736582797e-07,1,1.2193283283016235e-06,1.2193283283016235e-06,adenosine,6
ec:3.2.2.7,adenosine nucleosidase,1.2193283283016235e-06,8.586515736582797e-07,1,1.2193283283016235e-06,1.2193283283016235e-06,adenosine,6
ec:1.14.14.178,steroid 22S-hydroxylase,1.216522950104388e-06,9.692842383142024e-07,1,1.216522950104388e-06,1.216522950104388e-06,campesterol,6
ec:1.1.1.98,(R)-2-hydroxy-fatty-acid dehydrogenase,1.212342884755489e-06,9.225337719207148e-07,1,1.212342884755489e-06,1.212342884755489e-06,3-hydroxystearate,6
ec:1.2.1.15,malonate-semialdehyde dehydrogenase,1.211289409840676e-06,8.387865797101186e-07,1,1.211289409840676e-06,1.211289409840676e-06,malonate,6
ec:4.1.1.88,biotin-independent malonate decarboxylase,1.211289409840676e-06,8.387865797101186e-07,1,1.211289409840676e-06,1.211289409840676e-06,malonate,6
ec:2.3.1.187,acetyl-S-ACP:malonate ACP transferase,1.211289409840676e-06,8.387865797101186e-07,1,1.211289409840676e-06,1.211289409840676e-06,malonate,6
ec:2.8.3.3,malonate CoA-transferase,1.211289409840676e-06,8.387865797101186e-07,1,1.211289409840676e-06,1.211289409840676e-06,malonate,6
ec:6.2.1.76,malonate---CoA ligase,1.211289409840676e-06,8.387865797101186e-07,1,1.211289409840676e-06,1.211289409840676e-06,malonate,6
ec:2.1.1.123,[cytochrome-c]-methionine S-methyltransferase,1.202043549976941e-06,8.649616290011212e-07,1,1.202043549976941e-06,1.202043549976941e-06,S-methylmethionine,6
ec:2.1.1.44,L-histidine Nalpha-methyltransferase,1.197045261013151e-06,8.599942741623718e-07,1,1.197045261013151e-06,1.197045261013151e-06,imidazole propionate,6
ec:4.3.1.3,histidine ammonia-lyase,1.197045261013151e-06,8.599942741623718e-07,1,1.197045261013151e-06,1.197045261013151e-06,imidazole propionate,6
ec:2.3.1.33,histidine N-acetyltransferase,1.197045261013151e-06,8.599942741623718e-07,1,1.197045261013151e-06,1.197045261013151e-06,imidazole propionate,6
ec:6.1.1.21,histidine---tRNA ligase,1.197045261013151e-06,8.599942741623718e-07,1,1.197045261013151e-06,1.197045261013151e-06,imidazole propionate,6
ec:1.1.1.23,histidinol dehydrogenase,1.197045261013151e-06,8.599942741623718e-07,1,1.197045261013151e-06,1.197045261013151e-06,imidazole propionate,6
ec:4.1.1.22,histidine decarboxylase,1.197045261013151e-06,8.599942741623718e-07,1,1.197045261013151e-06,1.197045261013151e-06,imidazole propionate,6
ec:1.14.99.52,L-cysteinyl-L-histidinylsulfoxide synthase,1.197045261013151e-06,8.599942741623718e-07,1,1.197045261013151e-06,1.197045261013151e-06,imidazole propionate,6
ec:2.6.1.38,histidine transaminase,1.197045261013151e-06,8.599942741623718e-07,1,1.197045261013151e-06,1.197045261013151e-06,imidazole propionate,6
ec:3.4.13.18,cytosol nonspecific dipeptidase,1.197045261013151e-06,8.599942741623718e-07,1,1.197045261013151e-06,1.197045261013151e-06,imidazole propionate,6
ec:5.1.1.24,histidine racemase,1.197045261013151e-06,8.599942741623718e-07,1,1.197045261013151e-06,1.197045261013151e-06,imidazole propionate,6
ec:1.1.1.66,omega-hydroxydecanoate dehydrogenase,1.189887093432353e-06,8.224073233070708e-07,1,1.189887093432353e-06,1.189887093432353e-06,2-hydroxydecanoate,6
ec:1.2.1.88,L-glutamate gamma-semialdehyde dehydrogenase,1.186614882934742e-06,8.6829187551509e-07,1,1.186614882934742e-06,1.186614882934742e-06,4-hydroxyglutamate,6
ec:6.4.1.10,atromentin synthase,1.1597149218969506e-06,7.772187021473003e-07,1,1.1597149218969506e-06,1.1597149218969506e-06,4-hydroxyphenylpyruvate,6
ec:1.4.1.20,phenylalanine dehydrogenase,1.1597149218969506e-06,7.772187021473003e-07,1,1.1597149218969506e-06,1.1597149218969506e-06,4-hydroxyphenylpyruvate,6
ec:1.1.1.110,aromatic 2-oxoacid reductase,1.1597149218969506e-06,7.772187021473003e-07,1,1.1597149218969506e-06,1.1597149218969506e-06,4-hydroxyphenylpyruvate,6
ec:5.3.2.1,phenylpyruvate tautomerase,1.1597149218969506e-06,7.772187021473003e-07,1,1.1597149218969506e-06,1.1597149218969506e-06,4-hydroxyphenylpyruvate,6
ec:4.1.1.80,4-hydroxyphenylpyruvate decarboxylase,1.1597149218969506e-06,7.772187021473003e-07,1,1.1597149218969506e-06,1.1597149218969506e-06,4-hydroxyphenylpyruvate,6
ec:1.13.11.27,4-hydroxyphenylpyruvate dioxygenase,1.1597149218969506e-06,7.772187021473003e-07,1,1.1597149218969506e-06,1.1597149218969506e-06,4-hydroxyphenylpyruvate,6
ec:2.5.1.111,4-hydroxyphenylpyruvate 3-dimethylallyltransferase,1.1597149218969506e-06,7.772187021473003e-07,1,1.1597149218969506e-06,1.1597149218969506e-06,4-hydroxyphenylpyruvate,6
ec:1.3.1.13,prephenate dehydrogenase (NADP+),1.1597149218969506e-06,7.772187021473003e-07,1,1.1597149218969506e-06,1.1597149218969506e-06,4-hydroxyphenylpyruvate,6
ec:1.13.11.46,4-hydroxymandelate synthase,1.1597149218969506e-06,7.772187021473003e-07,1,1.1597149218969506e-06,1.1597149218969506e-06,4-hydroxyphenylpyruvate,6
ec:2.6.1.58,phenylalanine(histidine) transaminase,1.1597149218969506e-06,7.772187021473003e-07,1,1.1597149218969506e-06,1.1597149218969506e-06,4-hydroxyphenylpyruvate,6
ec:1.3.1.12,prephenate dehydrogenase,1.1597149218969506e-06,7.772187021473003e-07,1,1.1597149218969506e-06,1.1597149218969506e-06,4-hydroxyphenylpyruvate,6
ec:1.1.1.237,hydroxyphenylpyruvate reductase,1.1597149218969506e-06,7.772187021473003e-07,1,1.1597149218969506e-06,1.1597149218969506e-06,4-hydroxyphenylpyruvate,6
ec:1.2.3.13,4-hydroxyphenylpyruvate oxidase,1.1597149218969506e-06,7.772187021473003e-07,1,1.1597149218969506e-06,1.1597149218969506e-06,4-hydroxyphenylpyruvate,6
ec:1.1.1.31,3-hydroxyisobutyrate dehydrogenase,1.1582925983201334e-06,9.13377765653274e-07,1,1.1582925983201334e-06,1.1582925983201334e-06,3-hydroxyisobutyrate,6
ec:3.1.2.4,3-hydroxyisobutyryl-CoA hydrolase,1.1582925983201334e-06,9.13377765653274e-07,1,1.1582925983201334e-06,1.1582925983201334e-06,3-hydroxyisobutyrate,6
ec:3.4.13.5,Xaa-methyl-His dipeptidase,1.1535413822174846e-06,7.83206638458947e-07,1,1.1535413822174846e-06,1.1535413822174846e-06,3-methylhistidine,6
ec:3.1.1.23,acylglycerol lipase,1.1530938283634253e-06,8.629345315616775e-07,1,1.1530938283634253e-06,1.1530938283634253e-06,glycerol,6
ec:1.1.1.72,glycerol dehydrogenase (NADP+),1.1530938283634253e-06,8.629345315616775e-07,1,1.1530938283634253e-06,1.1530938283634253e-06,glycerol,6
ec:1.1.1.21,aldose reductase,1.1530938283634253e-06,8.629345315616775e-07,1,1.1530938283634253e-06,1.1530938283634253e-06,glycerol,6
ec:2.7.1.142,glycerol-3-phosphate---glucose phosphotransferase,1.1530938283634253e-06,8.629345315616775e-07,1,1.1530938283634253e-06,1.1530938283634253e-06,glycerol,6
ec:1.1.1.6,glycerol dehydrogenase,1.1530938283634253e-06,8.629345315616775e-07,1,1.1530938283634253e-06,1.1530938283634253e-06,glycerol,6
ec:3.1.3.21,glycerol-1-phosphatase,1.1530938283634253e-06,8.629345315616775e-07,1,1.1530938283634253e-06,1.1530938283634253e-06,glycerol,6
ec:1.1.1.2,alcohol dehydrogenase (NADP+),1.1530938283634253e-06,8.629345315616775e-07,1,1.1530938283634253e-06,1.1530938283634253e-06,glycerol,6
ec:2.7.1.30,glycerol kinase,1.1530938283634253e-06,8.629345315616775e-07,1,1.1530938283634253e-06,1.1530938283634253e-06,glycerol,6
ec:3.1.1.34,lipoprotein lipase,1.1530938283634253e-06,8.629345315616775e-07,1,1.1530938283634253e-06,1.1530938283634253e-06,glycerol,6
ec:3.1.4.38,glycerophosphocholine cholinephosphodiesterase,1.1530938283634253e-06,8.629345315616775e-07,1,1.1530938283634253e-06,1.1530938283634253e-06,glycerol,6
ec:3.2.1.22,alpha-galactosidase,1.1530938283634253e-06,8.629345315616775e-07,1,1.1530938283634253e-06,1.1530938283634253e-06,glycerol,6
ec:3.1.4.43,glycerophosphoinositol inositolphosphodiesterase,1.1530938283634253e-06,8.629345315616775e-07,1,1.1530938283634253e-06,1.1530938283634253e-06,glycerol,6
ec:1.1.99.22,glycerol dehydrogenase (acceptor),1.1530938283634253e-06,8.629345315616775e-07,1,1.1530938283634253e-06,1.1530938283634253e-06,glycerol,6
ec:4.2.1.30,glycerol dehydratase,1.1530938283634253e-06,8.629345315616775e-07,1,1.1530938283634253e-06,1.1530938283634253e-06,glycerol,6
ec:3.1.3.19,glycerol-2-phosphatase,1.1530938283634253e-06,8.629345315616775e-07,1,1.1530938283634253e-06,1.1530938283634253e-06,glycerol,6
ec:2.7.1.79,diphosphate---glycerol phosphotransferase,1.1530938283634253e-06,8.629345315616775e-07,1,1.1530938283634253e-06,1.1530938283634253e-06,glycerol,6
ec:1.1.1.156,glycerol 2-dehydrogenase (NADP+),1.1530938283634253e-06,8.629345315616775e-07,1,1.1530938283634253e-06,1.1530938283634253e-06,glycerol,6
ec:3.1.1.79,hormone-sensitive lipase,1.1530938283634253e-06,8.629345315616775e-07,1,1.1530938283634253e-06,1.1530938283634253e-06,glycerol,6
ec:1.1.1.372,D/L-glyceraldehyde reductase,1.1530938283634253e-06,8.629345315616775e-07,1,1.1530938283634253e-06,1.1530938283634253e-06,glycerol,6
ec:3.7.1.20,3-fumarylpyruvate hydrolase,1.150483710296785e-06,8.334268573274037e-07,1,1.150483710296785e-06,1.150483710296785e-06,fumarate,6
ec:4.3.2.2,adenylosuccinate lyase,1.150483710296785e-06,8.334268573274037e-07,1,1.150483710296785e-06,1.150483710296785e-06,fumarate,6
ec:3.7.1.2,fumarylacetoacetase,1.150483710296785e-06,8.334268573274037e-07,1,1.150483710296785e-06,1.150483710296785e-06,fumarate,6
ec:3.7.1.14,"2-hydroxy-6-oxonona-2,4-dienedioate hydrolase",1.150483710296785e-06,8.334268573274037e-07,1,1.150483710296785e-06,1.150483710296785e-06,fumarate,6
ec:1.3.4.1,fumarate reductase (CoM/CoB),1.150483710296785e-06,8.334268573274037e-07,1,1.150483710296785e-06,1.150483710296785e-06,fumarate,6
ec:4.2.99.12,carboxymethyloxysuccinate lyase,1.150483710296785e-06,8.334268573274037e-07,1,1.150483710296785e-06,1.150483710296785e-06,fumarate,6
ec:5.2.1.1,maleate isomerase,1.150483710296785e-06,8.334268573274037e-07,1,1.150483710296785e-06,1.150483710296785e-06,fumarate,6
ec:4.1.99.11,benzylsuccinate synthase,1.150483710296785e-06,8.334268573274037e-07,1,1.150483710296785e-06,1.150483710296785e-06,fumarate,6
ec:4.3.2.1,argininosuccinate lyase,1.150483710296785e-06,8.334268573274037e-07,1,1.150483710296785e-06,1.150483710296785e-06,fumarate,6
ec:1.3.5.1,succinate dehydrogenase,1.150483710296785e-06,8.334268573274037e-07,1,1.150483710296785e-06,1.150483710296785e-06,fumarate,6
ec:4.2.1.2,fumarate hydratase,1.150483710296785e-06,8.334268573274037e-07,1,1.150483710296785e-06,1.150483710296785e-06,fumarate,6
ec:3.7.1.5,acylpyruvate hydrolase,1.150483710296785e-06,8.334268573274037e-07,1,1.150483710296785e-06,1.150483710296785e-06,fumarate,6
ec:6.3.2.46,"fumarate---(S)-2,3-diaminopropanoate ligase",1.150483710296785e-06,8.334268573274037e-07,1,1.150483710296785e-06,1.150483710296785e-06,fumarate,6
ec:4.3.1.1,aspartate ammonia-lyase,1.150483710296785e-06,8.334268573274037e-07,1,1.150483710296785e-06,1.150483710296785e-06,fumarate,6
ec:1.3.1.6,fumarate reductase (NADH),1.150483710296785e-06,8.334268573274037e-07,1,1.150483710296785e-06,1.150483710296785e-06,fumarate,6
ec:2.1.4.1,glycine amidinotransferase,1.150117076624803e-06,8.125396932121599e-07,1,1.150117076624803e-06,1.150117076624803e-06,4-guanidinobutanoate,6
ec:3.5.3.7,guanidinobutyrase,1.150117076624803e-06,8.125396932121599e-07,1,1.150117076624803e-06,1.150117076624803e-06,4-guanidinobutanoate,6
ec:3.5.1.4,amidase,1.150117076624803e-06,8.125396932121599e-07,1,1.150117076624803e-06,1.150117076624803e-06,4-guanidinobutanoate,6
ec:1.2.1.54,gamma-guanidinobutyraldehyde dehydrogenase,1.150117076624803e-06,8.125396932121599e-07,1,1.150117076624803e-06,1.150117076624803e-06,4-guanidinobutanoate,6
ec:1.14.14.80,long-chain fatty acid omega-monooxygenase,1.1455496036246778e-06,8.429144900574407e-07,1,1.1455496036246778e-06,1.1455496036246778e-06,16-hydroxypalmitate,6
ec:2.3.1.188,omega-hydroxypalmitate O-feruloyl transferase,1.1455496036246778e-06,8.429144900574407e-07,1,1.1455496036246778e-06,1.1455496036246778e-06,16-hydroxypalmitate,6
ec:2.3.1.192,glycine N-phenylacetyltransferase,1.1303703873683162e-06,8.061557198824741e-07,1,1.1303703873683162e-06,1.1303703873683162e-06,phenylacetylglycine,6
ec:2.5.1.49,O-acetylhomoserine aminocarboxypropyltransferase,1.1289173197638047e-06,7.465994522226205e-07,1,1.1289173197638047e-06,1.1289173197638047e-06,O-acetylhomoserine,6
ec:2.3.1.31,homoserine O-acetyltransferase,1.1289173197638047e-06,7.465994522226205e-07,1,1.1289173197638047e-06,1.1289173197638047e-06,O-acetylhomoserine,6
ec:3.1.1.76,poly(3-hydroxyoctanoate) depolymerase,1.1259158197852027e-06,8.248788047665846e-07,1,1.1259158197852027e-06,1.1259158197852027e-06,2-hydroxyoctanoate,6
ec:1.2.3.6,pyruvate oxidase (CoA-acetylating),1.1161990033347242e-06,7.241762244518891e-07,1,1.1161990033347242e-06,1.1161990033347242e-06,pyruvate,6
ec:4.3.1.15,diaminopropionate ammonia-lyase,1.1161990033347242e-06,7.241762244518891e-07,1,1.1161990033347242e-06,1.1161990033347242e-06,pyruvate,6
ec:1.1.1.38,malate dehydrogenase (oxaloacetate-decarboxylating),1.1161990033347242e-06,7.241762244518891e-07,1,1.1161990033347242e-06,1.1161990033347242e-06,pyruvate,6
ec:4.1.3.17,4-hydroxy-4-methyl-2-oxoglutarate aldolase,1.1161990033347242e-06,7.241762244518891e-07,1,1.1161990033347242e-06,1.1161990033347242e-06,pyruvate,6
ec:1.1.1.39,malate dehydrogenase (decarboxylating),1.1161990033347242e-06,7.241762244518891e-07,1,1.1161990033347242e-06,1.1161990033347242e-06,pyruvate,6
ec:3.1.3.60,phosphoenolpyruvate phosphatase,1.1161990033347242e-06,7.241762244518891e-07,1,1.1161990033347242e-06,1.1161990033347242e-06,pyruvate,6
ec:1.1.2.5,D-lactate dehydrogenase (cytochrome c-553),1.1161990033347242e-06,7.241762244518891e-07,1,1.1161990033347242e-06,1.1161990033347242e-06,pyruvate,6
ec:1.2.1.23,2-oxoaldehyde dehydrogenase (NAD+),1.1161990033347242e-06,7.241762244518891e-07,1,1.1161990033347242e-06,1.1161990033347242e-06,pyruvate,6
ec:1.2.1.49,2-oxoaldehyde dehydrogenase (NADP+),1.1161990033347242e-06,7.241762244518891e-07,1,1.1161990033347242e-06,1.1161990033347242e-06,pyruvate,6
ec:1.2.1.22,lactaldehyde dehydrogenase,1.1161990033347242e-06,7.241762244518891e-07,1,1.1161990033347242e-06,1.1161990033347242e-06,pyruvate,6
ec:1.2.4.1,pyruvate dehydrogenase (acetyl-transferring),1.1161990033347242e-06,7.241762244518891e-07,1,1.1161990033347242e-06,1.1161990033347242e-06,pyruvate,6
ec:1.2.1.51,pyruvate dehydrogenase (NADP+),1.1161990033347242e-06,7.241762244518891e-07,1,1.1161990033347242e-06,1.1161990033347242e-06,pyruvate,6
ec:4.1.1.1,pyruvate decarboxylase,1.1161990033347242e-06,7.241762244518891e-07,1,1.1161990033347242e-06,1.1161990033347242e-06,pyruvate,6
ec:2.7.9.2,"pyruvate, water dikinase",1.1161990033347242e-06,7.241762244518891e-07,1,1.1161990033347242e-06,1.1161990033347242e-06,pyruvate,6
ec:2.7.1.40,pyruvate kinase,1.1161990033347242e-06,7.241762244518891e-07,1,1.1161990033347242e-06,1.1161990033347242e-06,pyruvate,6
ec:1.2.3.3,pyruvate oxidase,1.1161990033347242e-06,7.241762244518891e-07,1,1.1161990033347242e-06,1.1161990033347242e-06,pyruvate,6
ec:1.1.2.3,L-lactate dehydrogenase (cytochrome),1.1161990033347242e-06,7.241762244518891e-07,1,1.1161990033347242e-06,1.1161990033347242e-06,pyruvate,6
ec:1.2.1.104,pyruvate dehydrogenase system,1.1161990033347242e-06,7.241762244518891e-07,1,1.1161990033347242e-06,1.1161990033347242e-06,pyruvate,6
ec:2.7.9.1,"pyruvate, phosphate dikinase",1.1161990033347242e-06,7.241762244518891e-07,1,1.1161990033347242e-06,1.1161990033347242e-06,pyruvate,6
ec:1.1.2.4,D-lactate dehydrogenase (cytochrome),1.1161990033347242e-06,7.241762244518891e-07,1,1.1161990033347242e-06,1.1161990033347242e-06,pyruvate,6
ec:4.3.1.13,carbamoyl-serine ammonia-lyase,1.1161990033347242e-06,7.241762244518891e-07,1,1.1161990033347242e-06,1.1161990033347242e-06,pyruvate,6
ec:3.5.2.2,dihydropyrimidinase,1.1149452363320836e-06,7.051687852545211e-07,1,1.1149452363320836e-06,1.1149452363320836e-06,3-ureidopropionate,6
ec:3.5.1.6,beta-ureidopropionase,1.1149452363320836e-06,7.051687852545211e-07,1,1.1149452363320836e-06,1.1149452363320836e-06,3-ureidopropionate,6
ec:1.5.8.4,dimethylglycine dehydrogenase,1.109638154170106e-06,7.522014857370603e-07,1,1.109638154170106e-06,1.109638154170106e-06,sarcosine,6
ec:1.4.3.19,glycine oxidase,1.109638154170106e-06,7.522014857370603e-07,1,1.109638154170106e-06,1.109638154170106e-06,sarcosine,6
ec:2.1.1.20,glycine N-methyltransferase,1.109638154170106e-06,7.522014857370603e-07,1,1.109638154170106e-06,1.109638154170106e-06,sarcosine,6
ec:3.5.1.59,N-carbamoylsarcosine amidase,1.109638154170106e-06,7.522014857370603e-07,1,1.109638154170106e-06,1.109638154170106e-06,sarcosine,6
ec:2.1.1.157,sarcosine/dimethylglycine N-methyltransferase,1.109638154170106e-06,7.522014857370603e-07,1,1.109638154170106e-06,1.109638154170106e-06,sarcosine,6
ec:3.5.3.3,creatinase,1.109638154170106e-06,7.522014857370603e-07,1,1.109638154170106e-06,1.109638154170106e-06,sarcosine,6
ec:2.1.1.162,glycine/sarcosine/dimethylglycine N-methyltransferase,1.109638154170106e-06,7.522014857370603e-07,1,1.109638154170106e-06,1.109638154170106e-06,sarcosine,6
ec:1.5.8.3,sarcosine dehydrogenase,1.109638154170106e-06,7.522014857370603e-07,1,1.109638154170106e-06,1.109638154170106e-06,sarcosine,6
ec:1.5.3.10,dimethylglycine oxidase,1.109638154170106e-06,7.522014857370603e-07,1,1.109638154170106e-06,1.109638154170106e-06,sarcosine,6
ec:1.5.7.3,"N,N-dimethylglycine/sarcosine dehydrogenase (ferredoxin)",1.109638154170106e-06,7.522014857370603e-07,1,1.109638154170106e-06,1.109638154170106e-06,sarcosine,6
ec:1.21.4.3,sarcosine reductase,1.109638154170106e-06,7.522014857370603e-07,1,1.109638154170106e-06,1.109638154170106e-06,sarcosine,6
ec:1.5.3.1,sarcosine oxidase (formaldehyde-forming),1.109638154170106e-06,7.522014857370603e-07,1,1.109638154170106e-06,1.109638154170106e-06,sarcosine,6
ec:1.5.3.24,"sarcosine oxidase (5,10-methylenetetrahydrofolate-forming)",1.109638154170106e-06,7.522014857370603e-07,1,1.109638154170106e-06,1.109638154170106e-06,sarcosine,6
ec:2.1.1.156,glycine/sarcosine N-methyltransferase,1.109638154170106e-06,7.522014857370603e-07,1,1.109638154170106e-06,1.109638154170106e-06,sarcosine,6
ec:1.1.1.129,L-threonate 3-dehydrogenase,1.1010921145076452e-06,7.459603057878034e-07,1,1.1010921145076452e-06,1.1010921145076452e-06,threonate,6
ec:4.1.1.73,tartrate decarboxylase,1.095178942852645e-06,7.340104071200097e-07,1,1.095178942852645e-06,1.095178942852645e-06,glycerate,6
ec:2.4.1.352,glucosylglycerate phosphorylase,1.095178942852645e-06,7.340104071200097e-07,1,1.095178942852645e-06,1.095178942852645e-06,glycerate,6
ec:2.4.1.269,mannosylglycerate synthase,1.095178942852645e-06,7.340104071200097e-07,1,1.095178942852645e-06,1.095178942852645e-06,glycerate,6
ec:1.1.1.79,glyoxylate reductase (NADP+),1.095178942852645e-06,7.340104071200097e-07,1,1.095178942852645e-06,1.095178942852645e-06,glycerate,6
ec:1.1.1.26,glyoxylate reductase,1.095178942852645e-06,7.340104071200097e-07,1,1.095178942852645e-06,1.095178942852645e-06,glycerate,6
ec:1.1.1.29,glycerate dehydrogenase,1.095178942852645e-06,7.340104071200097e-07,1,1.095178942852645e-06,1.095178942852645e-06,glycerate,6
ec:1.2.1.89,D-glyceraldehyde dehydrogenase (NADP+),1.095178942852645e-06,7.340104071200097e-07,1,1.095178942852645e-06,1.095178942852645e-06,glycerate,6
ec:2.4.1.268,glucosylglycerate synthase,1.095178942852645e-06,7.340104071200097e-07,1,1.095178942852645e-06,1.095178942852645e-06,glycerate,6
ec:3.1.3.20,phosphoglycerate phosphatase,1.095178942852645e-06,7.340104071200097e-07,1,1.095178942852645e-06,1.095178942852645e-06,glycerate,6
ec:3.2.1.170,mannosylglycerate hydrolase,1.095178942852645e-06,7.340104071200097e-07,1,1.095178942852645e-06,1.095178942852645e-06,glycerate,6
ec:1.2.7.5,aldehyde ferredoxin oxidoreductase,1.095178942852645e-06,7.340104071200097e-07,1,1.095178942852645e-06,1.095178942852645e-06,glycerate,6
ec:3.1.3.38,3-phosphoglycerate phosphatase,1.095178942852645e-06,7.340104071200097e-07,1,1.095178942852645e-06,1.095178942852645e-06,glycerate,6
ec:1.1.1.81,hydroxypyruvate reductase,1.095178942852645e-06,7.340104071200097e-07,1,1.095178942852645e-06,1.095178942852645e-06,glycerate,6
ec:1.2.99.8,glyceraldehyde dehydrogenase (FAD-containing),1.095178942852645e-06,7.340104071200097e-07,1,1.095178942852645e-06,1.095178942852645e-06,glycerate,6
ec:1.1.1.60,2-hydroxy-3-oxopropionate reductase,1.095178942852645e-06,7.340104071200097e-07,1,1.095178942852645e-06,1.095178942852645e-06,glycerate,6
ec:2.7.1.165,glycerate 2-kinase,1.095178942852645e-06,7.340104071200097e-07,1,1.095178942852645e-06,1.095178942852645e-06,glycerate,6
ec:2.7.1.31,glycerate 3-kinase,1.095178942852645e-06,7.340104071200097e-07,1,1.095178942852645e-06,1.095178942852645e-06,glycerate,6
ec:1.1.1.92,oxaloglycolate reductase (decarboxylating),1.095178942852645e-06,7.340104071200097e-07,1,1.095178942852645e-06,1.095178942852645e-06,glycerate,6
ec:1.1.1.42,isocitrate dehydrogenase (NADP+),1.0942945350124724e-06,7.75232083340074e-07,1,1.0942945350124724e-06,1.0942945350124724e-06,alpha-ketoglutarate,6
ec:1.4.3.7,D-glutamate oxidase,1.0942945350124724e-06,7.75232083340074e-07,1,1.0942945350124724e-06,1.0942945350124724e-06,alpha-ketoglutarate,6
ec:1.2.1.26,"2,5-dioxovalerate dehydrogenase",1.0942945350124724e-06,7.75232083340074e-07,1,1.0942945350124724e-06,1.0942945350124724e-06,alpha-ketoglutarate,6
ec:1.4.3.15,D-glutamate(D-aspartate) oxidase,1.0942945350124724e-06,7.75232083340074e-07,1,1.0942945350124724e-06,1.0942945350124724e-06,alpha-ketoglutarate,6
ec:1.4.1.2,glutamate dehydrogenase,1.0942945350124724e-06,7.75232083340074e-07,1,1.0942945350124724e-06,1.0942945350124724e-06,alpha-ketoglutarate,6
ec:2.6.1.4,glycine transaminase,1.0942945350124724e-06,7.75232083340074e-07,1,1.0942945350124724e-06,1.0942945350124724e-06,alpha-ketoglutarate,6
ec:1.1.99.2,L-2-hydroxyglutarate dehydrogenase,1.0942945350124724e-06,7.75232083340074e-07,1,1.0942945350124724e-06,1.0942945350124724e-06,alpha-ketoglutarate,6
ec:2.6.1.2,alanine transaminase,1.0942945350124724e-06,7.75232083340074e-07,1,1.0942945350124724e-06,1.0942945350124724e-06,alpha-ketoglutarate,6
ec:1.4.1.14,glutamate synthase (NADH),1.0942945350124724e-06,7.75232083340074e-07,1,1.0942945350124724e-06,1.0942945350124724e-06,alpha-ketoglutarate,6
ec:4.1.1.71,2-oxoglutarate decarboxylase,1.0942945350124724e-06,7.75232083340074e-07,1,1.0942945350124724e-06,1.0942945350124724e-06,alpha-ketoglutarate,6
ec:2.3.3.14,homocitrate synthase,1.0942945350124724e-06,7.75232083340074e-07,1,1.0942945350124724e-06,1.0942945350124724e-06,alpha-ketoglutarate,6
ec:1.4.1.13,glutamate synthase (NADPH),1.0942945350124724e-06,7.75232083340074e-07,1,1.0942945350124724e-06,1.0942945350124724e-06,alpha-ketoglutarate,6
ec:1.4.1.4,glutamate dehydrogenase (NADP+),1.0942945350124724e-06,7.75232083340074e-07,1,1.0942945350124724e-06,1.0942945350124724e-06,alpha-ketoglutarate,6
ec:1.4.3.11,L-glutamate oxidase,1.0942945350124724e-06,7.75232083340074e-07,1,1.0942945350124724e-06,1.0942945350124724e-06,alpha-ketoglutarate,6
ec:2.2.1.5,2-hydroxy-3-oxoadipate synthase,1.0942945350124724e-06,7.75232083340074e-07,1,1.0942945350124724e-06,1.0942945350124724e-06,alpha-ketoglutarate,6
ec:2.6.1.44,alanine---glyoxylate transaminase,1.0942945350124724e-06,7.75232083340074e-07,1,1.0942945350124724e-06,1.0942945350124724e-06,alpha-ketoglutarate,6
ec:2.6.1.36,L-lysine 6-transaminase,1.0942945350124724e-06,7.75232083340074e-07,1,1.0942945350124724e-06,1.0942945350124724e-06,alpha-ketoglutarate,6
ec:1.4.1.3,glutamate dehydrogenase [NAD(P)+],1.0942945350124724e-06,7.75232083340074e-07,1,1.0942945350124724e-06,1.0942945350124724e-06,alpha-ketoglutarate,6
ec:1.4.7.1,glutamate synthase (ferredoxin),1.0942945350124724e-06,7.75232083340074e-07,1,1.0942945350124724e-06,1.0942945350124724e-06,alpha-ketoglutarate,6
ec:2.4.2.8,hypoxanthine phosphoribosyltransferase,1.0938043013532496e-06,7.260718922776082e-07,1,1.0938043013532496e-06,1.0938043013532496e-06,hypoxanthine,6
ec:3.2.2.2,inosine nucleosidase,1.0938043013532496e-06,7.260718922776082e-07,1,1.0938043013532496e-06,1.0938043013532496e-06,hypoxanthine,6
ec:3.5.4.2,adenine deaminase,1.0938043013532496e-06,7.260718922776082e-07,1,1.0938043013532496e-06,1.0938043013532496e-06,hypoxanthine,6
ec:3.2.2.12,inosinate nucleosidase,1.0938043013532496e-06,7.260718922776082e-07,1,1.0938043013532496e-06,1.0938043013532496e-06,hypoxanthine,6
ec:2.4.2.4,thymidine phosphorylase,1.0938043013532496e-06,7.260718922776082e-07,1,1.0938043013532496e-06,1.0938043013532496e-06,hypoxanthine,6
ec:1.17.1.4,xanthine dehydrogenase,1.0938043013532496e-06,7.260718922776082e-07,1,1.0938043013532496e-06,1.0938043013532496e-06,hypoxanthine,6
ec:3.2.2.26,futalosine hydrolase,1.0938043013532496e-06,7.260718922776082e-07,1,1.0938043013532496e-06,1.0938043013532496e-06,hypoxanthine,6
ec:2.4.2.44,S-methyl-5'-thioinosine phosphorylase,1.0938043013532496e-06,7.260718922776082e-07,1,1.0938043013532496e-06,1.0938043013532496e-06,hypoxanthine,6
ec:6.3.4.5,argininosuccinate synthase,1.0894623551617723e-06,7.604339566428453e-07,1,1.0894623551617723e-06,1.0894623551617723e-06,citrulline,6
ec:3.5.1.16,acetylornithine deacetylase,1.0894623551617723e-06,7.604339566428453e-07,1,1.0894623551617723e-06,1.0894623551617723e-06,citrulline,6
ec:1.14.14.47,nitric-oxide synthase (flavodoxin),1.0894623551617723e-06,7.604339566428453e-07,1,1.0894623551617723e-06,1.0894623551617723e-06,citrulline,6
ec:1.14.13.39,nitric-oxide synthase (NADPH),1.0894623551617723e-06,7.604339566428453e-07,1,1.0894623551617723e-06,1.0894623551617723e-06,citrulline,6
ec:3.5.3.18,dimethylargininase,1.0894623551617723e-06,7.604339566428453e-07,1,1.0894623551617723e-06,1.0894623551617723e-06,citrulline,6
ec:3.5.1.20,citrullinase,1.0894623551617723e-06,7.604339566428453e-07,1,1.0894623551617723e-06,1.0894623551617723e-06,citrulline,6
ec:2.1.3.3,ornithine carbamoyltransferase,1.0894623551617723e-06,7.604339566428453e-07,1,1.0894623551617723e-06,1.0894623551617723e-06,citrulline,6
ec:3.5.3.6,arginine deiminase,1.0894623551617723e-06,7.604339566428453e-07,1,1.0894623551617723e-06,1.0894623551617723e-06,citrulline,6
ec:6.3.2.44,pantoate---beta-alanine ligase (ADP-forming),1.0875182125378775e-06,7.566964006947775e-07,1,1.0875182125378775e-06,1.0875182125378775e-06,pantothenate,6
ec:3.5.1.92,pantetheine hydrolase,1.0875182125378775e-06,7.566964006947775e-07,1,1.0875182125378775e-06,1.0875182125378775e-06,pantothenate,6
ec:3.5.1.22,pantothenase,1.0875182125378775e-06,7.566964006947775e-07,1,1.0875182125378775e-06,1.0875182125378775e-06,pantothenate,6
ec:6.3.2.1,pantoate---beta-alanine ligase (AMP-forming),1.0875182125378775e-06,7.566964006947775e-07,1,1.0875182125378775e-06,1.0875182125378775e-06,pantothenate,6
ec:2.7.1.33,pantothenate kinase,1.0875182125378775e-06,7.566964006947775e-07,1,1.0875182125378775e-06,1.0875182125378775e-06,pantothenate,6
ec:2.1.2.7,D-alanine 2-hydroxymethyltransferase,1.0701805941380298e-06,7.685051306549017e-07,1,1.0701805941380298e-06,1.0701805941380298e-06,2-methylserine,6
ec:2.4.1.17,glucuronosyltransferase,1.0684182201657055e-06,7.274040144823173e-07,1,1.0684182201657055e-06,1.0684182201657055e-06,androsterone glucuronide,6
ec:2.8.2.14,bile-salt sulfotransferase,1.0650148924451446e-06,7.812079290636214e-07,1,1.0650148924451446e-06,1.0650148924451446e-06,lithocholic acid sulfate (2),6
ec:3.5.2.1,barbiturase,1.062138027362407e-06,7.159961054864033e-07,1,1.062138027362407e-06,1.062138027362407e-06,ethylmalonate,6
ec:3.1.2.17,(S)-methylmalonyl-CoA hydrolase,1.062138027362407e-06,7.159961054864033e-07,1,1.062138027362407e-06,1.062138027362407e-06,ethylmalonate,6
ec:4.1.3.6,citrate (pro-3S)-lyase,1.05532066694959e-06,7.456304341126026e-07,1,1.05532066694959e-06,1.05532066694959e-06,citrate,6
ec:6.3.2.38,N2-citryl-N6-acetyl-N6-hydroxylysine synthase,1.05532066694959e-06,7.456304341126026e-07,1,1.05532066694959e-06,1.05532066694959e-06,citrate,6
ec:2.3.3.5,2-methylcitrate synthase,1.05532066694959e-06,7.456304341126026e-07,1,1.05532066694959e-06,1.05532066694959e-06,citrate,6
ec:4.2.1.3,aconitate hydratase,1.05532066694959e-06,7.456304341126026e-07,1,1.05532066694959e-06,1.05532066694959e-06,citrate,6
ec:2.8.3.10,citrate CoA-transferase,1.05532066694959e-06,7.456304341126026e-07,1,1.05532066694959e-06,1.05532066694959e-06,citrate,6
ec:2.3.3.16,citrate synthase (unknown stereospecificity),1.05532066694959e-06,7.456304341126026e-07,1,1.05532066694959e-06,1.05532066694959e-06,citrate,6
ec:6.3.2.57,staphyloferrin A synthase,1.05532066694959e-06,7.456304341126026e-07,1,1.05532066694959e-06,1.05532066694959e-06,citrate,6
ec:2.3.3.3,citrate (Re)-synthase,1.05532066694959e-06,7.456304341126026e-07,1,1.05532066694959e-06,1.05532066694959e-06,citrate,6
ec:6.3.2.54,"L-2,3-diaminopropanoate---citrate ligase",1.05532066694959e-06,7.456304341126026e-07,1,1.05532066694959e-06,1.05532066694959e-06,citrate,6
ec:2.3.3.1,citrate (Si)-synthase,1.05532066694959e-06,7.456304341126026e-07,1,1.05532066694959e-06,1.05532066694959e-06,citrate,6
ec:6.3.1.17,beta-citrylglutamate synthase,1.05532066694959e-06,7.456304341126026e-07,1,1.05532066694959e-06,1.05532066694959e-06,citrate,6
ec:2.3.3.8,ATP citrate synthase,1.05532066694959e-06,7.456304341126026e-07,1,1.05532066694959e-06,1.05532066694959e-06,citrate,6
ec:6.3.2.58,D-ornithine---citrate ligase,1.05532066694959e-06,7.456304341126026e-07,1,1.05532066694959e-06,1.05532066694959e-06,citrate,6
ec:6.2.1.18,citrate---CoA ligase,1.05532066694959e-06,7.456304341126026e-07,1,1.05532066694959e-06,1.05532066694959e-06,citrate,6
ec:1.14.16.1,phenylalanine 4-monooxygenase,1.054396764552318e-06,7.027076988917439e-07,1,1.054396764552318e-06,1.054396764552318e-06,tyrosine,6
ec:6.3.2.24,tyrosine---arginine ligase,1.054396764552318e-06,7.027076988917439e-07,1,1.054396764552318e-06,1.054396764552318e-06,tyrosine,6
ec:4.3.1.23,tyrosine ammonia-lyase,1.054396764552318e-06,7.027076988917439e-07,1,1.054396764552318e-06,1.054396764552318e-06,tyrosine,6
ec:1.3.1.79,arogenate dehydrogenase [NAD(P)+],1.054396764552318e-06,7.027076988917439e-07,1,1.054396764552318e-06,1.054396764552318e-06,tyrosine,6
ec:5.4.3.6,"tyrosine 2,3-aminomutase",1.054396764552318e-06,7.027076988917439e-07,1,1.054396764552318e-06,1.054396764552318e-06,tyrosine,6
ec:1.14.16.2,tyrosine 3-monooxygenase,1.054396764552318e-06,7.027076988917439e-07,1,1.054396764552318e-06,1.054396764552318e-06,tyrosine,6
ec:1.11.1.8,iodide peroxidase,1.054396764552318e-06,7.027076988917439e-07,1,1.054396764552318e-06,1.054396764552318e-06,tyrosine,6
ec:4.1.99.2,tyrosine phenol-lyase,1.054396764552318e-06,7.027076988917439e-07,1,1.054396764552318e-06,1.054396764552318e-06,tyrosine,6
ec:1.3.1.78,arogenate dehydrogenase (NADP+),1.054396764552318e-06,7.027076988917439e-07,1,1.054396764552318e-06,1.054396764552318e-06,tyrosine,6
ec:1.10.3.1,catechol oxidase,1.054396764552318e-06,7.027076988917439e-07,1,1.054396764552318e-06,1.054396764552318e-06,tyrosine,6
ec:4.1.1.28,aromatic-L-amino-acid decarboxylase,1.054396764552318e-06,7.027076988917439e-07,1,1.054396764552318e-06,1.054396764552318e-06,tyrosine,6
ec:1.14.18.1,tyrosinase,1.054396764552318e-06,7.027076988917439e-07,1,1.054396764552318e-06,1.054396764552318e-06,tyrosine,6
ec:6.3.2.25,tubulin---tyrosine ligase,1.054396764552318e-06,7.027076988917439e-07,1,1.054396764552318e-06,1.054396764552318e-06,tyrosine,6
ec:4.1.1.25,tyrosine decarboxylase,1.054396764552318e-06,7.027076988917439e-07,1,1.054396764552318e-06,1.054396764552318e-06,tyrosine,6
ec:1.3.1.43,arogenate dehydrogenase,1.054396764552318e-06,7.027076988917439e-07,1,1.054396764552318e-06,1.054396764552318e-06,tyrosine,6
ec:4.3.1.25,phenylalanine/tyrosine ammonia-lyase,1.054396764552318e-06,7.027076988917439e-07,1,1.054396764552318e-06,1.054396764552318e-06,tyrosine,6
ec:1.14.14.36,tyrosine N-monooxygenase,1.054396764552318e-06,7.027076988917439e-07,1,1.054396764552318e-06,1.054396764552318e-06,tyrosine,6
ec:6.1.1.1,tyrosine---tRNA ligase,1.054396764552318e-06,7.027076988917439e-07,1,1.054396764552318e-06,1.054396764552318e-06,tyrosine,6
ec:2.3.1.14,glutamine N-phenylacetyltransferase,1.053043403077259e-06,7.327175380676386e-07,1,1.053043403077259e-06,1.053043403077259e-06,N-acetylglutamate,6
ec:6.3.3.6,carbapenam-3-carboxylate synthase,1.0500736829479852e-06,7.382890492036669e-07,1,1.0500736829479852e-06,1.0500736829479852e-06,N-methylproline,6
ec:2.3.1.226,carboxymethylproline synthase,1.0500736829479852e-06,7.382890492036669e-07,1,1.0500736829479852e-06,1.0500736829479852e-06,N-methylproline,6
ec:1.3.5.2,dihydroorotate dehydrogenase (quinone),1.044771740742755e-06,7.514463178269477e-07,1,1.044771740742755e-06,1.044771740742755e-06,orotate,6
ec:2.4.2.10,orotate phosphoribosyltransferase,1.044771740742755e-06,7.514463178269477e-07,1,1.044771740742755e-06,1.044771740742755e-06,orotate,6
ec:1.3.1.14,dihydroorotate dehydrogenase (NAD+),1.044771740742755e-06,7.514463178269477e-07,1,1.044771740742755e-06,1.044771740742755e-06,orotate,6
ec:1.3.1.15,dihydroorotate dehydrogenase (NADP+),1.044771740742755e-06,7.514463178269477e-07,1,1.044771740742755e-06,1.044771740742755e-06,orotate,6
ec:2.6.1.100,L-glutamine:2-deoxy-scyllo-inosose aminotransferase,1.0372200815641126e-06,7.515505893720135e-07,1,1.0372200815641126e-06,1.0372200815641126e-06,alpha-ketoglutaramate*,6
ec:2.6.1.101,"L-glutamine:3-amino-2,3-dideoxy-scyllo-inosose aminotransferase",1.0372200815641126e-06,7.515505893720135e-07,1,1.0372200815641126e-06,1.0372200815641126e-06,alpha-ketoglutaramate*,6
ec:2.6.1.117,L-glutamine---4-(methylsulfanyl)-2-oxobutanoate aminotransferase,1.0372200815641126e-06,7.515505893720135e-07,1,1.0372200815641126e-06,1.0372200815641126e-06,alpha-ketoglutaramate*,6
ec:2.6.1.64,glutamine---phenylpyruvate transaminase,1.0372200815641126e-06,7.515505893720135e-07,1,1.0372200815641126e-06,1.0372200815641126e-06,alpha-ketoglutaramate*,6
ec:2.6.1.50,glutamine---scyllo-inositol transaminase,1.0372200815641126e-06,7.515505893720135e-07,1,1.0372200815641126e-06,1.0372200815641126e-06,alpha-ketoglutaramate*,6
ec:2.6.1.15,glutamine---pyruvate transaminase,1.0372200815641126e-06,7.515505893720135e-07,1,1.0372200815641126e-06,1.0372200815641126e-06,alpha-ketoglutaramate*,6
ec:4.2.1.6,galactonate dehydratase,9.82491777954973e-07,7.479761904255243e-07,1,9.82491777954973e-07,9.82491777954973e-07,galactonate,6
ec:3.1.1.25,"1,4-lactonase",9.82491777954973e-07,7.479761904255243e-07,1,9.82491777954973e-07,9.82491777954973e-07,galactonate,6
ec:1.1.3.9,galactose oxidase,9.82491777954973e-07,7.479761904255243e-07,1,9.82491777954973e-07,9.82491777954973e-07,galactonate,6
ec:4.2.1.140,gluconate/galactonate dehydratase,9.82491777954973e-07,7.479761904255243e-07,1,9.82491777954973e-07,9.82491777954973e-07,galactonate,6
ec:1.1.99.42,4-pyridoxic acid dehydrogenase,9.437000666550148e-07,6.786215660433984e-07,1,9.437000666550148e-07,9.437000666550148e-07,pyridoxate,6
ec:3.1.1.27,4-pyridoxolactonase,9.437000666550148e-07,6.786215660433984e-07,1,9.437000666550148e-07,9.437000666550148e-07,pyridoxate,6
ec:3.5.1.31,formylmethionine deformylase,9.192427419422332e-07,6.457893572166554e-07,1,9.192427419422332e-07,9.192427419422332e-07,N-formylmethionine,6
ec:2.6.1.30,pyridoxamine---pyruvate transaminase,8.790309917989451e-07,6.657786751265452e-07,1,8.790309917989451e-07,8.790309917989451e-07,pyridoxal,6
ec:1.1.1.107,pyridoxal 4-dehydrogenase,8.790309917989451e-07,6.657786751265452e-07,1,8.790309917989451e-07,8.790309917989451e-07,pyridoxal,6
ec:2.6.1.54,pyridoxamine-phosphate transaminase,8.790309917989451e-07,6.657786751265452e-07,1,8.790309917989451e-07,8.790309917989451e-07,pyridoxal,6
ec:2.7.1.35,pyridoxal kinase,8.790309917989451e-07,6.657786751265452e-07,1,8.790309917989451e-07,8.790309917989451e-07,pyridoxal,6
ec:2.6.1.31,pyridoxamine---oxaloacetate transaminase,8.790309917989451e-07,6.657786751265452e-07,1,8.790309917989451e-07,8.790309917989451e-07,pyridoxal,6
ec:1.4.3.5,pyridoxal 5'-phosphate synthase,8.790309917989451e-07,6.657786751265452e-07,1,8.790309917989451e-07,8.790309917989451e-07,pyridoxal,6
ec:3.1.3.74,pyridoxal phosphatase,8.790309917989451e-07,6.657786751265452e-07,1,8.790309917989451e-07,8.790309917989451e-07,pyridoxal,6
ec:1.1.1.65,pyridoxine 4-dehydrogenase,8.790309917989451e-07,6.657786751265452e-07,1,8.790309917989451e-07,8.790309917989451e-07,pyridoxal,6
ec:1.1.3.12,pyridoxine 4-oxidase,8.790309917989451e-07,6.657786751265452e-07,1,8.790309917989451e-07,8.790309917989451e-07,pyridoxal,6
ec:2.1.1.4,acetylserotonin O-methyltransferase,8.226215742793038e-07,6.079012425532913e-07,1,8.226215742793038e-07,8.226215742793038e-07,5-hydroxyindoleacetate,6
ec:3.1.1.53,sialate O-acetylesterase,8.220635946111757e-07,5.522753377234928e-07,1,8.220635946111757e-07,8.220635946111757e-07,N-acetylneuraminate,6
ec:3.2.1.18,exo-alpha-sialidase,8.220635946111757e-07,5.522753377234928e-07,1,8.220635946111757e-07,8.220635946111757e-07,N-acetylneuraminate,6
ec:2.5.1.56,N-acetylneuraminate synthase,8.220635946111757e-07,5.522753377234928e-07,1,8.220635946111757e-07,8.220635946111757e-07,N-acetylneuraminate,6
ec:1.14.18.2,CMP-N-acetylneuraminate monooxygenase,8.220635946111757e-07,5.522753377234928e-07,1,8.220635946111757e-07,8.220635946111757e-07,N-acetylneuraminate,6
ec:3.1.3.29,N-acylneuraminate-9-phosphatase,8.220635946111757e-07,5.522753377234928e-07,1,8.220635946111757e-07,8.220635946111757e-07,N-acetylneuraminate,6
ec:2.3.1.44,N-acetylneuraminate 4-O-acetyltransferase,8.220635946111757e-07,5.522753377234928e-07,1,8.220635946111757e-07,8.220635946111757e-07,N-acetylneuraminate,6
ec:4.1.3.3,N-acetylneuraminate lyase,8.220635946111757e-07,5.522753377234928e-07,1,8.220635946111757e-07,8.220635946111757e-07,N-acetylneuraminate,6
ec:2.7.7.43,N-acylneuraminate cytidylyltransferase,8.220635946111757e-07,5.522753377234928e-07,1,8.220635946111757e-07,8.220635946111757e-07,N-acetylneuraminate,6
