metabolite,importance_score,importance_std,selection_frequency
N2-methylguanosine,1.0855886046759568e-05,7.443867585842302e-06,2
"5alpha-androstan-3beta,17beta-diol monosulfate (2)",1.0813602310839528e-05,7.1078852858953156e-06,2
cysteine-glutathione disulfide,1.042810187521668e-05,6.906966944786324e-06,2
N-acetylglucosamine/N-acetylgalactosamine,1.0012888422394894e-05,5.554579635744894e-06,2
"5alpha-androstan-3alpha,17beta-diol monosulfate (1)",9.71273637683522e-06,6.64196493996551e-06,2
linoleamide (18:2n6),9.210148596655793e-06,4.52529533208285e-06,2
1-methylhistamine,9.147404840243107e-06,5.812849525428991e-06,2
docosahexaenoylcarnitine (C22:6)*,9.132166000785307e-06,5.798274266674341e-06,2
"5alpha-androstan-3alpha,17beta-diol 17-glucuronide",9.030787358458673e-06,5.600023464307506e-06,2
"5alpha-androstan-3beta,17alpha-diol disulfate",8.930141921685923e-06,5.854910260814643e-06,2
"androstenediol (3alpha, 17alpha) monosulfate (3)",8.89073831821272e-06,6.622320004312222e-06,2
gamma-glutamylcitrulline*,8.861818024212079e-06,5.351729077067735e-06,2
2-docosahexaenoyl-GPE (22:6)*,8.57152756788898e-06,5.360908518554242e-06,2
guanine,8.562378851598264e-06,5.672261406679323e-06,2
palmitamide (16:0),8.374540782182702e-06,4.061945346587877e-06,2
guanosine,8.367276996848164e-06,4.9510006405036715e-06,2
"fibrinopeptide A, phosphono-ser(3)*",8.314412951040652e-06,4.996453822240602e-06,2
N-acetyl-aspartyl-glutamate (NAAG),8.298327657106384e-06,5.409313235040253e-06,2
"androstenediol (3alpha, 17alpha) monosulfate (2)",8.297594349414037e-06,5.713174434251165e-06,2
inosine,8.236270266454221e-06,5.12401376137451e-06,2
gamma-glutamylglutamine,8.152804791659195e-06,5.137495063717219e-06,2
1-methylhistidine,8.116752691140267e-06,5.74705623911734e-06,2
1-palmitoyl-GPA (16:0),8.000177653677554e-06,5.482348779427355e-06,2
1-palmitoleoyl-2-linolenoyl-GPC (16:1/18:3)*,7.937150444456318e-06,5.075845722465377e-06,2
17alpha-hydroxypregnanolone glucuronide,7.896953969690315e-06,5.587227015973969e-06,2
palmitoyl-docosahexaenoyl-glycerol (16:0/22:6) [1]*,7.841708838257838e-06,5.465706761892006e-06,2
isocitrate,7.836035049152629e-06,5.401777124877589e-06,2
1-palmityl-2-palmitoyl-GPC (O-16:0/16:0)*,7.821184903393458e-06,4.8985892216742016e-06,2
1-eicosenoyl-GPE (20:1)*,7.803744737070008e-06,4.871530107962888e-06,2
beta-hydroxyisovaleroylcarnitine,7.7781505216892e-06,4.234573605361978e-06,2
1-oleyl-2-linoleoyl-GPC (O-18:1/18:2)*,7.770851850556709e-06,5.056427380753421e-06,2
I-urobilinogen,7.740116291191604e-06,4.633505641985538e-06,2
GlcNAc sulfate conjugate of C21H34O2 steroid**,7.734931521014627e-06,4.95999289790815e-06,2
glycylproline,7.718018061073394e-06,4.998393299454985e-06,2
dehydroepiandrosterone sulfate (DHEA-S),7.707308388759803e-06,5.379466643137156e-06,2
histidine,7.620526275387829e-06,4.6588648940250666e-06,2
linoleoyl-linoleoyl-glycerol (18:2/18:2) [2]*,7.5769419972136505e-06,4.854902449254073e-06,2
lignoceroyl sphingomyelin (d18:1/24:0),7.571063992789918e-06,4.72123822511141e-06,2
cyclo(leu-pro),7.553468355907206e-06,4.843485326753039e-06,2
"androstenediol (3beta,17beta) monosulfate (2)",7.5201619609277515e-06,5.446361473563604e-06,2
1-palmitoyl-GPI (16:0),7.467818801664016e-06,4.410068745132194e-06,2
oleamide,7.4406325645876625e-06,2.7342524103602564e-06,3
2-oleoyl-GPI (18:1)*,7.413718733411617e-06,4.669803450384773e-06,2
pregnenediol sulfate (C21H34O5S)*,7.397904263406474e-06,4.802505828975571e-06,2
hyocholate (gamma-muricholate),7.396289245104768e-06,4.523786439934018e-06,2
14-HDoHE/17-HDoHE,7.391850002316072e-06,5.018665408257256e-06,2
1-myristoylglycerol (14:0),7.358638613794052e-06,4.867434732729504e-06,2
1-behenoyl-GPC (22:0),7.35039600287103e-06,4.376504364649051e-06,2
tauro-beta-muricholate,7.338193924050423e-06,4.757969625490932e-06,2
"androstenediol (3beta,17beta) monosulfate (1)",7.303653178412248e-06,5.5407040990416654e-06,2
leucylglycine,7.279938344373349e-06,4.493711451267409e-06,2
11beta-hydroxyetiocholanolone glucuronide*,7.2553887511580584e-06,4.578596214068756e-06,2
N-acetylcarnosine,7.235379651317055e-06,4.374659809550624e-06,2
prolylproline,7.221162822664458e-06,4.129462121466553e-06,2
phenylalanylglycine,7.212913889554834e-06,4.765342865676408e-06,2
12-HHTrE,7.211098963603539e-06,4.307536378738069e-06,2
3-sulfo-alanine,7.193566240632561e-06,4.808399585582916e-06,2
1-stearyl-2-linoleoyl-GPC (O-18:0/18:2)*,7.168671963610052e-06,4.5889156564160315e-06,2
17alpha-hydroxypregnenolone 3-sulfate,7.1628832947941605e-06,4.903121589538169e-06,2
1-palmitoleoyl-GPI (16:1)*,7.1358530878488815e-06,4.834158579073273e-06,2
leukotriene B5,7.130056683987233e-06,4.867401507066269e-06,2
"branched-chain, straight-chain, or cyclopropyl 12:1 fatty acid*",7.123528792371855e-06,5.059097475335461e-06,2
myristoyl-linoleoyl-glycerol (14:0/18:2) [1]*,7.120869593449067e-06,4.191454834936926e-06,2
stearoyl sphingomyelin (d18:1/18:0),7.10925804439141e-06,4.669982341997048e-06,2
"bilirubin degradation product, C16H18N2O5 (4)**",7.102387707442882e-06,4.631820982130246e-06,2
"5alpha-androstan-3alpha,17beta-diol monosulfate (2)",7.097644541711303e-06,4.851648647341676e-06,2
"5alpha-pregnan-3beta,20alpha-diol monosulfate (2)",7.095340904260753e-06,4.711983754404137e-06,2
5-dodecenoate (12:1n7),7.09209938189734e-06,4.759107436261363e-06,2
eicosenedioate (C20:1-DC)*,7.0893465205254825e-06,4.64239449753796e-06,2
"androstenediol (3beta,17beta) disulfate (2)",7.078759944940179e-06,4.113118992636308e-06,2
2-docosahexaenoyl-GPC (22:6)*,7.075897686224386e-06,4.434049495548427e-06,2
linoleoyl ethanolamide,7.074653356511814e-06,4.727820404565835e-06,2
behenoyl dihydrosphingomyelin (d18:0/22:0)*,7.067543142469791e-06,4.86821871518722e-06,2
sphinganine-1-phosphate,7.048046120863539e-06,4.900286311796376e-06,2
behenate (22:0)*,7.0444979105988424e-06,4.35792196381933e-06,2
N-palmitoylglycine,7.041970507916642e-06,5.041676396564045e-06,2
"bilirubin degradation product, C16H18N2O5 (3)**",7.041909424709796e-06,4.448684437511662e-06,2
sphingomyelin (d18:2/24:2)*,7.0387499385910136e-06,4.4548464266829175e-06,2
1-palmitoyl-2-docosahexaenoyl-GPC (16:0/22:6),7.0000165221632e-06,4.8328370409951284e-06,2
gamma-glutamyl-epsilon-lysine,6.9985496372152e-06,4.547740172174098e-06,2
myristoyl-linoleoyl-glycerol (14:0/18:2) [2]*,6.9971729215154255e-06,4.268994255862517e-06,2
ribose,6.9901988109378045e-06,4.592379725995729e-06,2
"bilirubin degradation product, C17H18N2O4 (2)**",6.98715782295169e-06,4.672384696790403e-06,2
"3beta,7alpha-dihydroxy-5-cholestenoate",6.9809962674615845e-06,4.318766921795634e-06,2
21-hydroxypregnenolone disulfate,6.9809119259820546e-06,4.380990387703756e-06,2
3-methyl-2-oxovalerate,6.969906941395114e-06,4.882815508970313e-06,2
tetradecadienoate (14:2)*,6.968448526446637e-06,4.8884666997952e-06,2
threonine,6.959492315021879e-06,4.264305110990766e-06,2
adenosine,6.955281451000214e-06,4.815617584508011e-06,2
glutamine,6.948822761904321e-06,4.506720782043718e-06,2
"sphingomyelin (d18:0/18:0, d19:0/17:0)*",6.944124148391654e-06,4.84117759789227e-06,2
1-palmitoyl-2-linoleoyl-GPI (16:0/18:2),6.926055652219151e-06,4.188919544407965e-06,2
carnitine,6.9129293937727114e-06,4.587038675626077e-06,2
alpha-ketobutyrate,6.909492443061025e-06,5.110466760593586e-06,2
sphingadienine,6.908768525557923e-06,3.0930716602250213e-06,2
"sphingomyelin (d18:1/20:1, d18:2/20:0)*",6.904569118120906e-06,3.904710453942596e-06,2
"sphingomyelin (d18:1/19:0, d19:1/18:0)*",6.900878879242672e-06,4.410974046897906e-06,2
hydroxypalmitoyl sphingomyelin (d18:1/16:0(OH))**,6.8948548378343505e-06,4.48123104527279e-06,2
1-meadoyl-GPC (20:3n9)*,6.893799317036014e-06,3.929677565945637e-06,2
"sphingomyelin (d18:1/22:2, d18:2/22:1, d16:1/24:2)*",6.8931824683034265e-06,4.340279606494961e-06,2
1-palmitoleoyl-2-linoleoyl-GPC (16:1/18:2)*,6.888664916386514e-06,4.5606079724421086e-06,2
"bilirubin degradation product, C17H18N2O4 (3)**",6.885422527100696e-06,4.7769070411076405e-06,2
lignoceroylcarnitine (C24)*,6.867499314395292e-06,4.532734842991048e-06,2
2-oleoyl-GPE (18:1)*,6.860080462405766e-06,4.048883392944809e-06,2
cis-4-decenoate (10:1n6)*,6.8473826274864346e-06,4.624082779807675e-06,2
"bilirubin degradation product, C17H18N2O4 (1)**",6.846410113158106e-06,4.720604156970548e-06,2
andro steroid monosulfate C19H28O6S (1)*,6.836610630052471e-06,4.666948032720317e-06,2
"1,2-dipalmitoyl-GPC (16:0/16:0)",6.831984541268823e-06,4.651445531501495e-06,2
threonylphenylalanine,6.822305263201497e-06,4.608796379565249e-06,2
lactosyl-N-nervonoyl-sphingosine (d18:1/24:1)*,6.819111567670301e-06,4.277426796410078e-06,2
fibrinopeptide B (1-12)**,6.806472430774689e-06,4.013130949461126e-06,2
dodecadienoate (12:2)*,6.802467831608012e-06,4.583740405431969e-06,2
4-imidazoleacetate,6.795110731709065e-06,4.495642314291767e-06,2
"5alpha-androstan-3alpha,17alpha-diol monosulfate",6.791457213067635e-06,4.0932560865532264e-06,2
phosphoethanolamine,6.7850698129608604e-06,4.737796079425469e-06,2
6-bromotryptophan,6.780452397354614e-06,4.472863143405272e-06,2
N-acetylasparagine,6.777897554988144e-06,4.614882223023932e-06,2
indoleacetoylcarnitine*,6.77497117019933e-06,4.657729201612325e-06,2
behenoyl sphingomyelin (d18:1/22:0)*,6.774533603917768e-06,3.968714109735249e-06,2
allo-threonine,6.759303477989867e-06,3.5945091819224606e-06,2
imidazole lactate,6.754559567939071e-06,4.090487724917143e-06,2
palmitoyl-linolenoyl-glycerol (16:0/18:3) [2]*,6.7489346391796725e-06,4.231708558083444e-06,2
1-oleoyl-GPA (18:1),6.745180104539695e-06,4.408209474609337e-06,2
1-palmitoyl-2-stearoyl-GPC (16:0/18:0),6.729395340713427e-06,4.332003980062236e-06,2
"sphingomyelin (d18:1/17:0, d17:1/18:0, d19:1/16:0)",6.715794136942151e-06,4.618128399827296e-06,2
cysteine sulfinic acid,6.711831697263309e-06,4.192627965807621e-06,2
"N,N-dimethylalanine",6.698811936950228e-06,3.976069262812677e-06,2
oleoyl ethanolamide,6.696641072079645e-06,4.636661360388701e-06,2
linoleoyl-docosahexaenoyl-glycerol (18:2/22:6) [1]*,6.6944694054491705e-06,4.439154650022819e-06,2
1-stearoyl-2-oleoyl-GPS (18:0/18:1),6.689405556016804e-06,4.360737312905058e-06,2
"bilirubin degradation product, C17H20N2O5 (1)**",6.6881198556789605e-06,4.322835189178422e-06,2
valylleucine,6.67423080882959e-06,4.040801766076343e-06,2
epiandrosterone sulfate,6.673501196259643e-06,4.527381331421771e-06,2
pregnenetriol sulfate*,6.669585124593111e-06,4.080359159371761e-06,2
1-palmitoyl-2-oleoyl-GPE (16:0/18:1),6.6673408832201225e-06,4.110357801983024e-06,2
9-hydroxystearate,6.665573703064827e-06,4.509170496353932e-06,2
L-urobilin,6.64449273366672e-06,4.1261046052460375e-06,3
"ceramide (d16:1/24:1, d18:1/22:1)*",6.6427135788597e-06,4.295629896180022e-06,2
pregnenediol disulfate (C21H34O8S2)*,6.639793047413775e-06,4.337012243643934e-06,2
1-stearoyl-2-docosahexaenoyl-GPC (18:0/22:6),6.631273250989478e-06,4.077469297267781e-06,2
4-methyl-2-oxopentanoate,6.6279434098181634e-06,4.644446680900254e-06,2
1-(1-enyl-stearoyl)-2-linoleoyl-GPC (P-18:0/18:2)*,6.619969775959014e-06,3.950290942409712e-06,2
"bilirubin degradation product, C17H20N2O5 (2)**",6.619808080477935e-06,4.330087673988364e-06,2
16alpha-hydroxy DHEA 3-sulfate,6.618511518898642e-06,4.3805158678218954e-06,2
androsterone sulfate,6.61804900575563e-06,4.501775572810932e-06,2
palmitoyl-linoleoyl-glycerol (16:0/18:2) [2]*,6.616153962189117e-06,4.444212405756701e-06,2
arachidoylcarnitine (C20)*,6.610656398783579e-06,4.4724142069429855e-06,2
1-dihomo-linoleoyl-GPC (20:2)*,6.603065620848349e-06,4.325429820895571e-06,2
ascorbate (vitamin C),6.599327407200254e-06,4.58317101225225e-06,2
trigonelline (N'-methylnicotinate),6.598794705983782e-06,3.763719484124364e-06,2
"sphingomyelin (d18:0/20:0, d16:0/22:0)*",6.590556716384659e-06,4.4963187192921165e-06,2
pregnenolone sulfate,6.590179072797477e-06,4.699309519897378e-06,2
N-palmitoyltaurine,6.585088961946145e-06,4.21344534971266e-06,2
glycoursodeoxycholic acid sulfate (1),6.5844749421522865e-06,4.125581747519462e-06,2
N-linoleoylserine*,6.572278608513787e-06,4.416367019337066e-06,2
3-hydroxylaurate,6.56681272013402e-06,4.514043127535664e-06,2
"cis-3,4-methyleneheptanoate",6.554288208112904e-06,4.315123797552148e-06,2
lysine,6.550158628793457e-06,4.042447625673994e-06,2
"sphingomyelin (d18:2/21:0, d16:2/23:0)*",6.544815738576784e-06,3.9542079373515115e-06,2
xanthine,6.537791047176198e-06,4.742759144474255e-06,2
glycosyl-N-(2-hydroxynervonoyl)-sphingosine (d18:1/24:1(2OH))*,6.5350868067725755e-06,4.190608772819723e-06,2
phenylalanine,6.5336522847878354e-06,4.015611852371052e-06,2
beta-hydroxyisovalerate,6.525685912553117e-06,4.295489190059318e-06,2
3-hydroxyoctanoylcarnitine (2),6.52352900419338e-06,4.347649487366218e-06,2
"5alpha-androstan-3beta,17beta-diol disulfate",6.5223865774475836e-06,3.868187677570292e-06,2
tricosanoyl sphingomyelin (d18:1/23:0)*,6.516882301964649e-06,3.846323532470087e-06,2
phenylpyruvate,6.516844643025795e-06,4.209394765040761e-06,2
palmitoyl-linoleoyl-glycerol (16:0/18:2) [1]*,6.51682851996419e-06,4.272025475949402e-06,2
palmitoleoyl-linoleoyl-glycerol (16:1/18:2) [1]*,6.511359079279882e-06,4.232776739053622e-06,2
1-palmityl-2-arachidonoyl-GPC (O-16:0/20:4)*,6.503491113599672e-06,4.000077109939961e-06,2
"ceramide (d18:1/14:0, d16:1/16:0)*",6.495816935697453e-06,4.392421454509768e-06,2
taurocholenate sulfate*,6.495694469162612e-06,4.242643331709344e-06,2
hydroxy-CMPF*,6.493453546402501e-06,4.058080745932777e-06,2
glu-gly-asn-val**,6.4864156036153e-06,4.037829717470408e-06,2
proline,6.4864007655616756e-06,3.883918649708187e-06,2
1-stearoyl-GPI (18:0),6.474346487952668e-06,4.31535438742499e-06,2
(2 or 3)-decenoate (10:1n7 or n8),6.4733246186474445e-06,4.361133035311782e-06,2
palmitoyl ethanolamide,6.46943756769884e-06,4.321098902153381e-06,3
"N1,N12-diacetylspermine",6.461741296095154e-06,4.138590804332281e-06,2
leucylalanine,6.459311543850199e-06,4.371052899572401e-06,2
"sphingomyelin (d18:1/20:0, d16:1/22:0)*",6.458220860186958e-06,3.741225166116566e-06,2
2-hydroxypalmitate,6.454141618655461e-06,4.831781576183331e-06,2
uridine,6.449343097964583e-06,4.545114457641502e-06,2
1-oleyl-GPC (O-18:1)*,6.444265564790834e-06,4.000001243555023e-06,2
1-stearoyl-GPE (18:0),6.436746455626316e-06,4.060943623891033e-06,2
2-stearoyl-GPI (18:0)*,6.4364409476072255e-06,4.140127929714763e-06,2
N-stearoylserine*,6.43274957028947e-06,4.041739375958728e-06,2
docosahexaenoate (DHA; 22:6n3),6.431685203106345e-06,4.3740559192069175e-06,2
1-stearoyl-2-linoleoyl-GPI (18:0/18:2),6.427726375698479e-06,4.083336647112495e-06,2
fibrinopeptide B (1-13)**,6.427138311703861e-06,3.997622196059604e-06,2
3-hydroxymyristate,6.424650023104002e-06,4.122135586003312e-06,3
1-dihomo-linolenoyl-GPE (20:3n3 or 6)*,6.423664693964735e-06,4.03053808241924e-06,2
behenoylcarnitine (C22)*,6.422559215646795e-06,4.268651741912365e-06,2
"bilirubin degradation product, C16H18N2O5 (2)**",6.418026951013241e-06,4.106361322974303e-06,2
3-hydroxyoleate*,6.414714221552124e-06,4.269205993945785e-06,2
"sphingomyelin (d18:1/20:2, d18:2/20:1, d16:1/22:2)*",6.4096511497302436e-06,3.898836065268872e-06,2
glycocholenate sulfate*,6.393072311456834e-06,4.1835384635876665e-06,2
2-arachidonoylglycerol (20:4),6.391581380654149e-06,4.411337220704925e-06,2
1-palmityl-2-linoleoyl-GPC (O-16:0/18:2)*,6.388742732605018e-06,4.240848398584387e-06,2
"glycosyl ceramide (d18:1/23:1, d17:1/24:1)*",6.385085810819054e-06,4.327957288806291e-06,2
1-(1-enyl-stearoyl)-2-arachidonoyl-GPC (P-18:0/20:4),6.382640754279104e-06,4.050592631591703e-06,2
"bilirubin degradation product, C16H18N2O5 (1)**",6.372787755175249e-06,3.865708634590809e-06,2
"1,2-dilinoleoyl-GPE (18:2/18:2)*",6.370121117460081e-06,4.1442650393086785e-06,2
homoarginine,6.369659039534775e-06,4.582743355978854e-06,2
"diacylglycerol (16:1/18:2 [2], 16:0/18:3 [1])*",6.362359251813978e-06,4.304856059942868e-06,2
etiocholanolone glucuronide,6.353512141123842e-06,3.778412435200724e-06,2
oleoyl-linoleoyl-glycerol (18:1/18:2) [1],6.352613787140048e-06,4.081933354051896e-06,2
2-hydroxy-3-methylvalerate,6.345833269296091e-06,3.9430173918825874e-06,2
1-(1-enyl-oleoyl)-2-docosahexaenoyl-GPC (P-18:1/22:6)*,6.34159835223233e-06,3.954961810912626e-06,2
ornithine,6.338735168696261e-06,3.3232828703308717e-06,2
sphingomyelin (d18:2/23:1)*,6.3327963285759654e-06,4.2191065893113355e-06,2
1-palmityl-GPE (O-16:0)*,6.323758346816878e-06,4.400747362606609e-06,2
"fibrinopeptide A, des-ala(1)*",6.3091773959565864e-06,3.540366307686872e-06,2
"1,2-dipalmitoyl-GPE (16:0/16:0)*",6.306435019429077e-06,3.7276815422433637e-06,2
hexadecadienoate (16:2n6),6.304727088579667e-06,4.535694162915552e-06,2
3-hydroxyoctanoate,6.303523618698496e-06,3.950051758597082e-06,2
azeloyltaurine,6.302872611829714e-06,4.145752293396176e-06,2
"1,2-dipalmitoyl-GPI (16:0/16:0)*",6.3016264120484855e-06,3.6427442979431178e-06,2
3beta-hydroxy-5-cholestenoate,6.300844353630459e-06,3.8110748764470807e-06,2
palmitoleate (16:1n7),6.299662672135006e-06,4.005599130259079e-06,2
15-HETE,6.29918397960289e-06,3.940568893804824e-06,2
isovalerate (i5:0),6.298578404021441e-06,3.997600070372647e-06,2
N-formylanthranilic acid,6.291177745602021e-06,4.157310420271498e-06,2
gamma-glutamylalanine,6.282533364537152e-06,3.6493125542182405e-06,2
cysteinylglycine disulfide*,6.280357687781112e-06,3.7312475539274024e-06,2
1-stearoyl-2-docosapentaenoyl-GPC (18:0/22:5n6)*,6.275081138550641e-06,3.537281664070185e-06,2
2-hydroxyoleate,6.273771950461428e-06,3.731997025544605e-06,2
linoleoyl-linolenoyl-glycerol (18:2/18:3) [1]*,6.268224633072035e-06,3.962559911781814e-06,2
N-acetyl-beta-alanine,6.26725276719208e-06,3.6025402936262997e-06,2
1-linoleoyl-GPA (18:2)*,6.264435665232965e-06,4.170254090935988e-06,2
1-stearoyl-2-adrenoyl-GPE (18:0/22:4)*,6.2638771611463655e-06,4.324441350453674e-06,2
palmitoyl-oleoyl-glycerol (16:0/18:1) [1]*,6.26355384172986e-06,4.112607118157533e-06,2
"2,3-dihydroxy-2-methylbutyrate",6.26133511087855e-06,3.7899666863866208e-06,2
1-stearoyl-2-oleoyl-GPI (18:0/18:1)*,6.24971470627908e-06,3.852176024731205e-06,2
tetradecadienedioate (C14:2-DC)*,6.241318407561056e-06,3.9700033927243645e-06,2
1-oleoyl-GPE (18:1),6.240766991035447e-06,3.281796855340455e-06,2
glycerophosphorylcholine (GPC),6.239424518862925e-06,3.992167831549751e-06,2
lactosyl-N-palmitoyl-sphingosine (d18:1/16:0),6.23159955305798e-06,4.090424070467339e-06,2
3-hydroxybutyroylglycine**,6.226144740059566e-06,4.133873580224924e-06,2
pimeloylcarnitine/3-methyladipoylcarnitine (C7-DC),6.22429563616847e-06,4.019375005867891e-06,2
1-(1-enyl-palmitoyl)-2-linoleoyl-GPC (P-16:0/18:2)*,6.223489638112621e-06,4.245738722304089e-06,2
3-hydroxyhexanoylcarnitine (1),6.221470228643759e-06,4.5522670415646845e-06,2
glycohyocholate,6.221080453104753e-06,4.183497816869385e-06,2
linoleoyl-linolenoyl-glycerol (18:2/18:3) [2]*,6.201865934404346e-06,3.96020858090965e-06,2
linoleoyl-linoleoyl-glycerol (18:2/18:2) [1]*,6.1979771149213495e-06,4.139666208054029e-06,2
N-acetylleucine,6.197227942533127e-06,3.951250091172255e-06,2
alpha-hydroxyisovalerate,6.190029947517255e-06,3.914124039482282e-06,2
1-oleoyl-2-arachidonoyl-GPE (18:1/20:4)*,6.18333520734556e-06,3.7596885337547944e-06,2
gamma-glutamyl-2-aminobutyrate,6.182520055271118e-06,4.220170631054938e-06,2
linolenoylcarnitine (C18:3)*,6.1742200920256165e-06,4.173177240462718e-06,2
"sphingomyelin (d18:1/21:0, d17:1/22:0, d16:1/23:0)*",6.1646822989373745e-06,3.873025700695279e-06,2
"ceramide (d18:1/17:0, d17:1/18:0)*",6.1577052505538915e-06,4.29275214228301e-06,2
alpha-hydroxyisocaproate,6.155823287383198e-06,4.237855457305753e-06,2
1-palmitoyl-GPC (16:0),6.154259091479736e-06,3.895041361177074e-06,2
1-stearoyl-2-docosapentaenoyl-GPC (18:0/22:5n3)*,6.144014183027289e-06,3.914137408514572e-06,2
1-linoleoyl-GPC (18:2),6.141657164311282e-06,4.080179130087681e-06,2
"ceramide (d18:2/24:1, d18:1/24:2)*",6.141262018736584e-06,4.271573379225014e-06,2
1-(1-enyl-palmitoyl)-2-palmitoyl-GPC (P-16:0/16:0)*,6.140472074120692e-06,4.094577942058456e-06,2
N1-methylinosine,6.1366254033157635e-06,3.7724917820951954e-06,2
"glycosyl ceramide (d18:2/24:1, d18:1/24:2)*",6.134010918337454e-06,3.6651738962447555e-06,2
1-arachidonoyl-GPA (20:4),6.133342787183656e-06,3.9635947053646775e-06,2
10-heptadecenoate (17:1n7),6.130568418733147e-06,3.973181925953388e-06,2
1-oleoyl-2-docosapentaenoyl-GPC (18:1/22:5n3)*,6.129887310824261e-06,3.3695829424722036e-06,2
p-cresol glucuronide*,6.124032649001143e-06,3.8493626609060004e-06,2
eicosapentaenoylcholine,6.122326405589151e-06,3.6630328740617855e-06,2
kynurenine,6.1162276482134924e-06,3.681043088481097e-06,2
1-eicosapentaenoyl-GPC (20:5)*,6.11506940659565e-06,3.447167182958127e-06,2
"1,5-anhydroglucitol (1,5-AG)",6.113394173211538e-06,3.089355612395475e-06,2
3-(4-hydroxyphenyl)lactate,6.112051825299699e-06,4.095826941962575e-06,2
delta-CEHC,6.095147016883177e-06,3.638162045927655e-06,2
citraconate/glutaconate,6.083962643101383e-06,3.7951606947432943e-06,2
asparagine,6.075509957506712e-06,3.205309171464029e-06,2
S-methylmethionine,6.072531077000249e-06,4.225563543222424e-06,2
1-pentadecanoyl-2-docosahexaenoyl-GPC (15:0/22:6)*,6.072519948435101e-06,4.151819204835941e-06,2
aspartate,6.072097203088141e-06,3.8270405351684504e-06,2
glycolithocholate,6.067386876477901e-06,4.022005039774472e-06,2
sphingomyelin (d18:2/18:1)*,6.065984769389034e-06,3.926995611247858e-06,2
fibrinopeptide A (3-16)**,6.055535194870598e-06,3.6352356669021616e-06,2
linoleate (18:2n6),6.05472974585036e-06,4.157621800356482e-06,2
branched chain 14:0 dicarboxylic acid**,6.053336580139994e-06,4.051864880888155e-06,2
heptanoate (7:0),6.047813361302972e-06,4.1249758396235615e-06,2
N-oleoyltaurine,6.045570945949773e-06,4.104224355907163e-06,2
glycosyl-N-behenoyl-sphingadienine (d18:2/22:0)*,6.045566686020944e-06,3.933695017191597e-06,2
gentisate,6.043111272880642e-06,3.955196977755414e-06,2
"androstenediol (3beta,17beta) disulfate (1)",6.0422018545622136e-06,4.102260614463782e-06,2
1-stearoyl-2-dihomo-linolenoyl-GPC (18:0/20:3n3 or 6)*,6.035876381302833e-06,3.939937280106523e-06,2
1-linoleoyl-2-arachidonoyl-GPC (18:2/20:4n6)*,6.026824242707548e-06,4.318904362257563e-06,2
hexanoylglycine,6.024613905835168e-06,3.946856294948613e-06,2
1-palmitoyl-2-(hydroxylinoleoyl)-GPC (16:0/18:2(OH))*,6.015378627250084e-06,4.101080079683307e-06,2
ursodeoxycholate,6.0110334765848835e-06,3.2931170843351426e-06,2
11-ketoetiocholanolone glucuronide,6.006659797684354e-06,3.678216849559338e-06,2
caproate (6:0),6.001533818833093e-06,3.907449627539588e-06,2
N-acetylproline,6.0006436360578635e-06,3.828069267742917e-06,2
phenylacetate,6.0003213942526075e-06,4.107753659601142e-06,2
2-hydroxybehenate,5.998236130093731e-06,3.859068282185855e-06,2
metabolonic lactone sulfate,5.996210825904971e-06,3.942597902456505e-06,2
"branched-chain, straight-chain, or cyclopropyl 10:1 fatty acid (2)*",5.994816763234114e-06,4.080757796664063e-06,2
taurodeoxycholate,5.9903403932988946e-06,3.4716070886298616e-06,2
adenine,5.987328833023048e-06,4.085989725947639e-06,2
cytidine,5.985398645534296e-06,3.8070154464195393e-06,2
1-eicosenoyl-GPC (20:1)*,5.9840931748752536e-06,3.5850304761773573e-06,2
lithocholate sulfate (1),5.9816812547229695e-06,4.216227384938119e-06,2
N-oleoylserine,5.9810333800739785e-06,3.900353274166907e-06,2
anthranilate,5.979633372580812e-06,4.0528038947435e-06,2
campesterol,5.975497259504805e-06,4.114524242011303e-06,2
glucuronide of C12H22O4 (2)*,5.974539065947384e-06,3.86297466681195e-06,2
eicosanedioate (C20-DC),5.973060814241156e-06,3.85097141628426e-06,2
N-palmitoyl-heptadecasphingosine (d17:1/16:0)*,5.972250716118826e-06,4.0100531855960595e-06,2
2-hydroxybutyrate/2-hydroxyisobutyrate,5.971760856104135e-06,3.8863889176833405e-06,2
1-dihomo-linolenoyl-GPC (20:3n3 or 6)*,5.966979692285369e-06,4.165134696394803e-06,2
fibrinopeptide A (5-16)*,5.964988140337322e-06,3.2849616841749663e-06,2
"sphingomyelin (d17:1/16:0, d18:1/15:0, d16:1/17:0)*",5.963435198044044e-06,3.7352636949018155e-06,2
arginine,5.9634042655329905e-06,3.5254161573078785e-06,2
1-(1-enyl-palmitoyl)-2-arachidonoyl-GPE (P-16:0/20:4)*,5.961732556646196e-06,3.789051102176212e-06,2
5-oxoproline,5.9600299670625945e-06,3.7926818383029232e-06,2
tryptophan,5.959661232853277e-06,4.239593332895926e-06,2
eicosenoylcarnitine (C20:1)*,5.959219225400005e-06,4.035408648833583e-06,2
ximenoylcarnitine (C26:1)*,5.958770207950239e-06,3.783414040891264e-06,2
1-stearoyl-2-docosapentaenoyl-GPE (18:0/22:5n3)*,5.953320474470934e-06,3.9461790834308e-06,2
taurochenodeoxycholic acid 3-sulfate,5.949504009328048e-06,3.895244863920677e-06,2
1-docosahexaenoyl-GPE (22:6)*,5.948599596797071e-06,4.125093064257545e-06,2
palmitoleoyl-arachidonoyl-glycerol (16:1/20:4) [2]*,5.941148466642835e-06,3.826552359668175e-06,2
1-palmitoyl-2-palmitoleoyl-GPE (16:0/16:1)*,5.934452279291828e-06,3.85903636775248e-06,2
2'-O-methylcytidine,5.93292376865278e-06,3.848175205431814e-06,2
linoleoyl-arachidonoyl-glycerol (18:2/20:4) [1]*,5.931087245939041e-06,4.145662619707145e-06,2
1-arachidoyl-GPC (20:0),5.929555784600637e-06,3.6895270247507335e-06,2
1-palmitoyl-2-eicosapentaenoyl-GPE (16:0/20:5)*,5.928506875632725e-06,3.676098586459789e-06,2
fibrinopeptide A (8-16)**,5.927467530121835e-06,4.2080654772326685e-06,2
N-stearoyl-sphingadienine (d18:2/18:0)*,5.9187999388331e-06,3.868349895398268e-06,2
oleoyl-linoleoyl-glycerol (18:1/18:2) [2],5.9165756380442754e-06,3.982600096182887e-06,2
1-stearoyl-GPC (18:0),5.910992026487624e-06,3.395838458514531e-06,2
"sphingomyelin (d17:2/16:0, d18:2/15:0)*",5.910445921279243e-06,4.22749837917048e-06,2
choline phosphate,5.9071772292605425e-06,3.748418347071969e-06,2
5-hydroxydecanoate,5.90491584455348e-06,3.93819315749191e-06,2
isoursodeoxycholate sulfate (1),5.897682733759523e-06,3.891838518393588e-06,2
docosatrienoate (22:3n3),5.896148087663622e-06,3.866737751116154e-06,2
1-palmitoyl-2-arachidonoyl-GPC (16:0/20:4n6),5.890336844194163e-06,3.705742566838456e-06,2
"5,6-dihydrouracil",5.885412154809994e-06,3.7924464224724177e-06,2
1-arachidonoyl-GPI (20:4)*,5.880293414779387e-06,3.916547410162631e-06,2
m-tyramine sulfate,5.880100268110589e-06,3.927107025617722e-06,2
1-oleoyl-GPI (18:1),5.868005731429142e-06,3.644834115135814e-06,2
isoleucine,5.867758653671713e-06,3.86773328052767e-06,2
"bilirubin (E,Z or Z,E)*",5.860606821805275e-06,3.7428368741211178e-06,2
palmitoyl-oleoyl-glycerol (16:0/18:1) [2]*,5.860441921501472e-06,3.997077984306442e-06,2
glycoursodeoxycholic acid sulfate (2),5.851704802075888e-06,3.665219441616191e-06,2
"sphingomyelin (d18:2/23:0, d18:1/23:1, d17:1/24:1)*",5.851512497019235e-06,3.4768109828236914e-06,2
1-stearoyl-2-arachidonoyl-GPI (18:0/20:4),5.8514281722642376e-06,3.491786153154762e-06,2
N-acetyltryptophan,5.8424646697517375e-06,4.477311815533749e-06,2
"2S,3R-dihydroxybutyrate",5.838016446579474e-06,3.894229827135892e-06,2
1-eicosapentaenoyl-GPE (20:5)*,5.837655118412498e-06,3.5610073576271095e-06,2
lactosyl-N-behenoyl-sphingosine (d18:1/22:0)*,5.836897633504368e-06,3.8128286497767163e-06,2
cysteine s-sulfate,5.830156750453031e-06,3.839006435777043e-06,2
3-methyl-2-oxobutyrate,5.8243850568330794e-06,4.117092117006212e-06,2
sphingosine 1-phosphate,5.817669494585839e-06,3.737399198369729e-06,2
nonanoylcarnitine (C9),5.808851673229005e-06,3.913076856024339e-06,2
"glycosyl ceramide (d18:1/20:0, d16:1/22:0)*",5.807751750404373e-06,4.037732930238389e-06,2
dihomo-linoleoylcarnitine (C20:2)*,5.801681108982722e-06,4.007443112944761e-06,2
serotonin,5.801246888787172e-06,3.824006357044117e-06,2
2-stearoyl-GPC (18:0)*,5.798431967995598e-06,3.625781181904495e-06,2
1-oleoyl-2-docosahexaenoyl-GPC (18:1/22:6)*,5.795234244229521e-06,3.4042135344407673e-06,2
1-stearoyl-2-dihomo-linolenoyl-GPI (18:0/20:3n3 or 6)*,5.794053031307036e-06,3.525797412024541e-06,2
"5alpha-androstan-3alpha,17beta-diol disulfate",5.792562353721551e-06,3.671726221346788e-06,2
taurocholate,5.78955340707531e-06,3.937594237022248e-06,2
2-hydroxymyristate,5.7881779086306125e-06,3.7628678458729625e-06,3
N-acetylarginine,5.786820280688447e-06,3.882968198084038e-06,2
isoleucylglycine,5.781937512517177e-06,3.106494500128025e-06,2
3-carboxy-4-methyl-5-pentyl-2-furanpropionate (3-CMPFP)**,5.780289108774455e-06,3.5195282845390836e-06,2
2-arachidonoyl-GPC (20:4)*,5.779058670734933e-06,3.899925706907248e-06,2
1-docosahexaenoylglycerol (22:6),5.778865276642011e-06,3.7412876338774592e-06,2
1-palmityl-2-stearoyl-GPC (O-16:0/18:0)*,5.7785969181358125e-06,3.3359864134917328e-06,2
1-palmitoyl-2-arachidonoyl-GPI (16:0/20:4)*,5.770550098896066e-06,3.6063106809669625e-06,2
"N2,N5-diacetylornithine",5.769299879034275e-06,3.6494958483423675e-06,2
pregnanolone/allopregnanolone sulfate,5.7692393491321965e-06,3.964691375810118e-06,2
fibrinopeptide A*,5.768731340586601e-06,3.7991279857514334e-06,2
"phosphatidylcholine (18:0/20:2, 20:0/18:2)*",5.768585722974882e-06,3.668474225535231e-06,2
trans-2-hexenoylglycine,5.766806463915865e-06,3.897906827469023e-06,2
urate,5.766551873974144e-06,3.908533064429675e-06,2
undecenoylcarnitine (C11:1),5.762122612907173e-06,3.6317337244279196e-06,2
1-nonadecanoyl-GPC (19:0),5.760972534694981e-06,3.551353623697488e-06,2
eicosapentaenoate (EPA; 20:5n3),5.759330150011739e-06,3.6174355707117503e-06,2
cortisone,5.752555851967663e-06,4.00601720396049e-06,2
N-acetyl-2-aminooctanoate*,5.741942941952352e-06,3.7895339974088936e-06,2
"bilirubin (Z,Z)",5.734593113007305e-06,3.579256831876258e-06,2
S-carboxyethylcysteine,5.729761481589304e-06,3.763013641354623e-06,2
"N2-acetyl,N6-methyllysine",5.72872507933876e-06,3.7894507389725117e-06,2
indolepropionate,5.727862728078916e-06,3.1723300672708066e-06,2
corticosterone,5.727842473221453e-06,3.7434042275733094e-06,2
1-palmitoyl-2-pentadecanoyl-GPC (16:0/15:0)*,5.7265757776253035e-06,3.922871516546572e-06,2
valylglycine,5.7254547590005704e-06,2.9636359776144977e-06,2
stearoyl ethanolamide,5.71809706829024e-06,4.090452543174513e-06,2
glycerophosphoinositol*,5.717263670034999e-06,4.2360318624962075e-06,2
azelate (C9-DC),5.716703929802568e-06,3.719680423087078e-06,2
3-hydroxyoctanoylcarnitine (1),5.7132195064734804e-06,3.666733760334393e-06,2
stearidonate (18:4n3),5.712373553156824e-06,3.7077206019577645e-06,2
1-oleoyl-2-docosahexaenoyl-GPE (18:1/22:6)*,5.706548437641364e-06,3.4621499901018025e-06,2
beta-cryptoxanthin,5.706112397765347e-06,3.8820212869487885e-06,2
N-palmitoyl-sphingadienine (d18:2/16:0)*,5.7014562509032445e-06,3.8673077269643145e-06,2
N-linoleoylglycine,5.700760849970933e-06,3.558461623874593e-06,2
pyruvate,5.699690491638103e-06,4.386109572684977e-06,2
2-palmitoyl-GPC (16:0)*,5.697843520545574e-06,3.7892428837080563e-06,2
1-lignoceroyl-GPC (24:0),5.691422803880053e-06,3.4411258240500017e-06,2
valine,5.686980334273239e-06,4.285204487443364e-06,2
palmitoyl-arachidonoyl-glycerol (16:0/20:4) [2]*,5.68277526361119e-06,3.640118692480862e-06,2
sphinganine,5.682441767700262e-06,3.6640365242143425e-06,2
"5,6-dihydrothymine",5.680279635733999e-06,3.4584976912081137e-06,2
N-lactoyl isoleucine,5.6802506093944585e-06,3.332659066314937e-06,2
N-palmitoylserine,5.6770958133639e-06,3.842089477422017e-06,2
nisinate (24:6n3),5.676883185481266e-06,3.36169925866115e-06,2
spermidine,5.674010806666269e-06,3.953640350215124e-06,2
laurate (12:0),5.672427948783181e-06,4.01852772058486e-06,2
1-arachidonoyl-GPC (20:4n6)*,5.672326928079035e-06,3.462274143698629e-06,2
palmitoyl dihydrosphingomyelin (d18:0/16:0)*,5.670112779549902e-06,3.7627836021552732e-06,2
linoleoylcarnitine (C18:2)*,5.667089882728157e-06,3.6098448493124223e-06,2
1-palmitoyl-2-oleoyl-GPI (16:0/18:1)*,5.66617440480372e-06,3.5002753209532035e-06,2
indolelactate,5.661761009019601e-06,3.5418884318436215e-06,2
gamma-CEHC,5.653483859036695e-06,3.89954685777189e-06,2
1-stearoyl-2-dihomo-linolenoyl-GPE (18:0/20:3n3 or 6)*,5.651420241357694e-06,3.1432588361586347e-06,3
1-(1-enyl-palmitoyl)-2-linoleoyl-GPE (P-16:0/18:2)*,5.650930766142191e-06,3.847051904205346e-06,2
3-indoxyl sulfate,5.650355839494749e-06,3.837202525558156e-06,2
deoxycholic acid 12-sulfate*,5.6476589111515485e-06,3.5747295786090215e-06,2
1-(1-enyl-palmitoyl)-2-palmitoleoyl-GPC (P-16:0/16:1)*,5.6436640095204705e-06,3.5128221525115176e-06,2
sebacate (C10-DC),5.6427859827738685e-06,3.731531417425361e-06,2
tetrahydrocortisol glucuronide,5.642525880163638e-06,3.347468691936285e-06,2
glycolithocholate sulfate*,5.6421775065600085e-06,3.538722771471095e-06,2
"5alpha-pregnan-3beta,20alpha-diol disulfate",5.641952684117453e-06,3.7498951592245342e-06,2
8-hydroxyoctanoate,5.641692844281078e-06,3.68483079887807e-06,2
cysteinylglycine,5.638969537815454e-06,3.5873484356554205e-06,2
1-margaroyl-GPE (17:0)*,5.636955485807981e-06,3.6148608480751866e-06,2
2-hydroxystearate,5.633542540083302e-06,3.61296889210495e-06,2
carboxyethyl-GABA,5.627093907008531e-06,3.5607291709759346e-06,2
2-amino-4-cyanobutanoate,5.625871687712594e-06,3.4621944303528498e-06,2
1-(1-enyl-oleoyl)-2-linoleoyl-GPE (P-18:1/18:2)*,5.6241301576298995e-06,3.4592769105994176e-06,2
1-(1-enyl-stearoyl)-2-docosahexaenoyl-GPC (P-18:0/22:6)*,5.622239644735263e-06,4.048300134852757e-06,2
maleate,5.621698641475583e-06,3.477645377820047e-06,2
erucate (22:1n9),5.621492898749487e-06,3.620317017504672e-06,2
pregnenetriol disulfate*,5.620402068576384e-06,3.708262315436297e-06,2
leucine,5.620147513406744e-06,3.4438529671358475e-06,2
N-acetylcitrulline,5.619609525678818e-06,3.373777846551811e-06,2
1-arachidoyl-2-arachidonoyl-GPC (20:0/20:4)*,5.615081272100127e-06,3.474019808706891e-06,2
2-aminoheptanoate,5.61373551355643e-06,3.4266888601332607e-06,2
guanidinoacetate,5.609177605704875e-06,3.63568600047881e-06,2
creatine,5.609143926569263e-06,3.468017657228953e-06,2
myristoleate (14:1n5),5.603749770685982e-06,3.9167152051204465e-06,2
4-hydroxyglutamate,5.6020088318792865e-06,3.893280184938844e-06,2
glycosyl-N-nervonoyl-sphingosine (d18:1/24:1)*,5.593970136160494e-06,3.543214775350397e-06,2
1-stearyl-GPC (O-18:0)*,5.5926193137049945e-06,3.453448284046437e-06,2
1-(1-enyl-stearoyl)-2-linoleoyl-GPE (P-18:0/18:2)*,5.591899004842027e-06,3.2944719250962815e-06,2
alpha-CEHC,5.5915313125744466e-06,3.723565876938281e-06,2
"sphingomyelin (d18:2/16:0, d18:1/16:1)*",5.590124262336808e-06,3.85768817033686e-06,2
glycosyl-N-stearoyl-sphingosine (d18:1/18:0),5.58898281750772e-06,3.7128445352546864e-06,2
pelargonate (9:0),5.584717260478214e-06,3.5504121234819393e-06,2
1-oleoyl-GPG (18:1)*,5.5844482794802446e-06,3.532879217522913e-06,2
1-(1-enyl-oleoyl)-2-docosahexaenoyl-GPE (P-18:1/22:6)*,5.582819765951998e-06,3.697739774806507e-06,2
isoursodeoxycholate,5.581549082869516e-06,3.3036251011616354e-06,3
"5alpha-pregnan-3beta,20beta-diol monosulfate (1)",5.579865790781044e-06,3.901858155167716e-06,2
oleate/vaccenate (18:1),5.568681948488454e-06,3.6047952960892193e-06,2
tauroursodeoxycholate,5.5662002442163295e-06,3.4524337345919853e-06,2
cyclo(pro-val),5.564078717134746e-06,3.287589206943973e-06,2
taurochenodeoxycholate,5.56398622822444e-06,3.7977174002111137e-06,2
1-(1-enyl-stearoyl)-GPC (P-18:0)*,5.562931642303022e-06,3.235670402949924e-06,2
palmitoyl sphingomyelin (d18:1/16:0),5.5582734838118864e-06,3.470380658991082e-06,2
pentose acid*,5.557756770119476e-06,3.501550527653124e-06,2
1-linoleoyl-GPI (18:2)*,5.556798049294527e-06,3.496140576443452e-06,2
methylsuccinoylcarnitine,5.556763681816527e-06,3.4156266988200435e-06,2
linolenate [alpha or gamma; (18:3n3 or 6)],5.551523069277283e-06,3.7763669700911676e-06,2
cysteine,5.5512894801545976e-06,2.8873022955279677e-06,2
N-stearoyl-sphinganine (d18:0/18:0)*,5.544727144827192e-06,3.84907341137671e-06,2
"sphingomyelin (d18:2/24:1, d18:1/24:2)*",5.540464849504434e-06,3.5047095317346063e-06,2
1-stearyl-2-docosapentaenoyl-GPC (O-18:0/22:5n3)*,5.538319321431841e-06,3.474701363732439e-06,2
10-undecenoate (11:1n1),5.536568830001022e-06,3.653819231854908e-06,2
1-margaroyl-2-linoleoyl-GPC (17:0/18:2)*,5.536525379917985e-06,3.6840159390798076e-06,2
5alpha-pregnan-diol disulfate,5.531041242626574e-06,3.7230286037471727e-06,2
1-stearoyl-2-oleoyl-GPE (18:0/18:1),5.530356658720551e-06,3.156019438821544e-06,2
cholesterol sulfate,5.5299909650302015e-06,3.667159882478145e-06,2
undecanedioate (C11-DC),5.525940210728255e-06,3.526535181686111e-06,2
1-arachidonoyl-GPE (20:4n6)*,5.516286792482415e-06,3.3456313214956166e-06,2
phenyllactate (PLA),5.511061444341994e-06,2.9171126737582365e-06,2
2-oleoylglycerol (18:1),5.5052080421486225e-06,3.5599681470994798e-06,2
"sphingomyelin (d18:1/14:0, d16:1/16:0)*",5.505107653699011e-06,3.97204092255516e-06,2
cholesterol,5.5041784486928614e-06,3.575469896585787e-06,2
3beta-hydroxy-5-cholenoate,5.5041469716877024e-06,3.101177931977832e-06,2
"sphingomyelin (d17:1/14:0, d16:1/15:0)*",5.5013223145334355e-06,3.492986743775875e-06,2
cerotoylcarnitine (C26)*,5.496871715269823e-06,3.98642873421745e-06,2
1-palmitoyl-2-dihomo-linolenoyl-GPC (16:0/20:3n3 or 6)*,5.482253817209089e-06,3.46646577619942e-06,2
"sphingomyelin (d18:1/25:0, d19:0/24:1, d20:1/23:0, d19:1/24:0)*",5.479820319155817e-06,3.5122469767449686e-06,2
"N6,N6-dimethyllysine",5.478803207419419e-06,3.407519967096547e-06,2
3-hydroxydecanoylcarnitine,5.47380065599693e-06,3.1919496321131127e-06,2
nervonoylcarnitine (C24:1)*,5.472799672832261e-06,3.4395351425331014e-06,2
N-stearoyltaurine,5.471964686338348e-06,3.5423419087498418e-06,2
docosapentaenoate (n6 DPA; 22:5n6),5.471080405092769e-06,3.4273624065251437e-06,2
glycosyl-N-palmitoyl-sphingosine (d18:1/16:0),5.470675163455197e-06,3.540779666592158e-06,2
deoxycarnitine,5.469746267361408e-06,3.5568986390132938e-06,2
"1,2-dilinoleoyl-GPC (18:2/18:2)",5.464931480915326e-06,3.262076871936083e-06,2
5-hydroxyindole sulfate,5.464692404002738e-06,3.7675313990568037e-06,2
cytosine,5.4635514436025045e-06,3.563253705870893e-06,2
glucuronide of C12H22O4 (1)*,5.453627010676832e-06,3.4471902280150267e-06,2
10-nonadecenoate (19:1n9),5.448744428891449e-06,3.6842559753233664e-06,2
1-methyl-5-imidazolelactate,5.443861088521512e-06,3.0929377947099916e-06,2
arachidonate (20:4n6),5.441929924369053e-06,3.7242949874625314e-06,2
1-(1-enyl-oleoyl)-GPC (P-18:1)*,5.441576458452023e-06,3.3248219911482013e-06,2
glycocholate glucuronide (1),5.439017637009224e-06,3.3039056380464942e-06,2
2-hydroxyphenylacetate,5.431551861040589e-06,3.521355108570809e-06,2
1-stearoyl-2-arachidonoyl-GPC (18:0/20:4),5.428348332793388e-06,3.3832877732113803e-06,2
vanillic alcohol sulfate,5.4281875476900504e-06,3.459797061190964e-06,2
methionine,5.427407438948941e-06,4.112912257699117e-06,2
2-aminooctanoate,5.418038342711554e-06,3.521112471907007e-06,2
gamma-glutamylhistidine,5.41650216036356e-06,3.419281338808283e-06,2
3-methylhistidine,5.414634304290045e-06,3.557983494210833e-06,2
nicotinamide,5.413173480525621e-06,3.844161786773733e-06,2
1-linoleoyl-2-linolenoyl-GPC (18:2/18:3)*,5.406038237949824e-06,3.3000729934878543e-06,2
"N,N-dimethyl-5-aminovalerate",5.405646792337275e-06,3.3468743980657274e-06,2
undecanoate (11:0),5.4010032418877674e-06,3.5657384803282954e-06,2
margaroylcarnitine (C17)*,5.398302051603973e-06,3.3488415825939423e-06,2
1-pentadecanoyl-2-linoleoyl-GPC (15:0/18:2)*,5.396545315620954e-06,3.4437768317739385e-06,2
palmitate (16:0),5.396410494725764e-06,3.388994778831403e-06,2
androsterone glucuronide,5.394296907730013e-06,3.733244360119358e-06,2
glycine conjugate of C10H12O2*,5.39153564825277e-06,3.531537419952112e-06,2
phosphate,5.391251362649483e-06,3.5904275773588277e-06,2
glycine,5.3906142992541344e-06,3.4348622762771283e-06,2
4-hydroxyphenylacetoylcarnitine,5.385966729336227e-06,3.4772707263799917e-06,2
8-methoxykynurenate,5.385461840355809e-06,3.0891333476429803e-06,3
phenylacetylcarnitine,5.3850589812465676e-06,3.490400964509499e-06,2
4-cholesten-3-one,5.383148225888298e-06,3.6620047299421005e-06,2
N4-acetylcytidine,5.379675272830251e-06,3.2372295834094705e-06,2
docosatrienoate (22:3n6)*,5.3768947275177355e-06,3.18601336079078e-06,2
glycocholate,5.37687910387955e-06,3.418587437801588e-06,2
glutamate,5.372012064910173e-06,3.5643269932416342e-06,2
(N(1) + N(8))-acetylspermidine,5.3718863981805774e-06,3.7556888391078825e-06,2
1-palmitoyl-2-linoleoyl-GPE (16:0/18:2),5.37172553340486e-06,3.0510226236774435e-06,2
1-stearyl-2-arachidonoyl-GPC (O-18:0/20:4)*,5.3701789612215255e-06,3.3624829761813032e-06,2
12-HETE,5.367511991810009e-06,3.1795170407924618e-06,2
1-linolenoylglycerol (18:3),5.367268757504626e-06,3.6533497281395557e-06,2
13-HODE + 9-HODE,5.365135967424536e-06,3.4035443667759727e-06,2
glycochenodeoxycholate 3-sulfate,5.363069734997609e-06,3.1933503227268616e-06,2
glycerophosphoglycerol,5.361430249274502e-06,3.839293974589967e-06,2
butyrate/isobutyrate (4:0),5.358675805762878e-06,3.423216244796381e-06,2
pregnanediol-3-glucuronide,5.3583368234652696e-06,3.5764181442670114e-06,2
N-acetyltyrosine,5.357229337776208e-06,3.501481196847206e-06,2
taurodeoxycholic acid 3-sulfate,5.354443535632714e-06,3.3359168078200776e-06,2
1-stearoyl-2-linoleoyl-GPC (18:0/18:2)*,5.350200041850013e-06,3.1728147042590014e-06,2
"bilirubin (E,E)*",5.349037196726323e-06,3.3663142114954917e-06,2
1-stearoyl-2-meadoyl-GPC (18:0/20:3n9)*,5.334820690210078e-06,3.320219032454864e-06,2
betaine,5.334654923451734e-06,3.3020251079067136e-06,2
N-carbamoylalanine,5.333609719594113e-06,3.5934687343138743e-06,2
1-myristoyl-2-palmitoyl-GPC (14:0/16:0),5.328338233459162e-06,3.459939208642636e-06,2
docosapentaenoate (n3 DPA; 22:5n3),5.328047432526959e-06,3.315198846701922e-06,2
fibrinopeptide A (7-16)*,5.326582355594759e-06,3.5445117088736317e-06,2
valerate (5:0),5.32435851601314e-06,3.301605905841934e-06,2
indoleacetylglutamine,5.320412226438185e-06,3.458483865097325e-06,2
carnitine of C10H14O2 (5)*,5.320215296040272e-06,3.0937780105436994e-06,2
(16 or 17)-methylstearate (a19:0 or i19:0),5.318613564321818e-06,3.5267421409027296e-06,2
1-eicosapentaenoylglycerol (20:5)*,5.316623474589408e-06,3.925396277431022e-06,2
1-stearoyl-GPG (18:0),5.310845904059516e-06,3.3780623729441535e-06,2
S-methylcysteine sulfoxide,5.309614386766409e-06,3.289537600259528e-06,2
1-dihomo-linolenylglycerol (20:3),5.306831676493295e-06,3.1771670406245688e-06,2
1-margaroyl-2-oleoyl-GPC (17:0/18:1)*,5.306672953064861e-06,3.2695393833788563e-06,2
"cys-gly, oxidized",5.306623068393365e-06,3.4973555034127403e-06,2
S-methylcysteine,5.304129092800449e-06,3.018099759508407e-06,2
hydroxy-undecanedioate (OH-C11:0-DC)*,5.299070610151232e-06,3.0503614457756067e-06,2
oleoyl-oleoyl-glycerol (18:1/18:1) [2]*,5.298270198868711e-06,3.1231180723798906e-06,2
1-palmitoyl-2-oleoyl-GPC (16:0/18:1),5.292360924136619e-06,3.390144918094068e-06,2
"N2-acetyl,N6,N6-dimethyllysine",5.290350872152241e-06,3.4299974585185223e-06,2
1-margaroyl-2-arachidonoyl-GPC (17:0/20:4)*,5.285568804434557e-06,3.4847712505218267e-06,2
caprylate (8:0),5.280823858041969e-06,3.356988273607018e-06,2
2-hydroxyarachidate*,5.280660634695607e-06,3.5362365325160375e-06,2
2-hydroxy-4-(methylthio)butanoic acid,5.277906366885899e-06,3.053284457694815e-06,2
1-pentadecanoyl-GPC (15:0)*,5.274535071564287e-06,3.449761418911499e-06,2
1-stearoyl-2-adrenoyl-GPC (18:0/22:4)*,5.273701929293579e-06,3.3375726118148956e-06,2
hexadecenedioate (C16:1-DC)*,5.266165531824528e-06,3.0620731247145237e-06,2
1-linolenoyl-GPC (18:3)*,5.261086620578226e-06,3.2002299871021068e-06,2
HWESASXX*,5.259977096340309e-06,3.3515986447052133e-06,2
(R)-3-hydroxybutyrylcarnitine,5.259241996828183e-06,3.2708895274755503e-06,2
7alpha-hydroxy-3-oxo-4-cholestenoate (7-Hoca),5.257448015382276e-06,3.403509828607379e-06,2
2-hydroxylaurate,5.254240851152097e-06,3.591160056680999e-06,2
"sphingomyelin (d18:1/24:1, d18:2/24:0)*",5.253752351410926e-06,3.6309173390883254e-06,2
taurine,5.248638008638083e-06,3.631564924818065e-06,2
"sphingomyelin (d18:2/14:0, d18:1/14:1)*",5.247901376083232e-06,3.1238192496693435e-06,2
glutamine conjugate of C7H12O2*,5.24720099294697e-06,3.3975750630982733e-06,2
glyco-beta-muricholate**,5.246321812740967e-06,3.269361855997616e-06,2
fructose,5.245372413047333e-06,3.2486112450567895e-06,2
glycine conjugate of C10H14O2 (1)*,5.244514688954964e-06,3.323267055940619e-06,2
linoleoyl-arachidonoyl-glycerol (18:2/20:4) [2]*,5.244372884754893e-06,3.3628488375134886e-06,2
dihomo-linolenoylcarnitine (C20:3n3 or 6)*,5.240233417528082e-06,3.40798502820567e-06,2
2-hydroxynervonate*,5.2399969834386966e-06,3.6570568912615143e-06,2
palmitoyl-arachidonoyl-glycerol (16:0/20:4) [1]*,5.239489080270614e-06,2.9873877973992923e-06,2
docosadienoate (22:2n6),5.232763258290751e-06,3.4470492942418017e-06,2
1-palmitoyl-GPE (16:0),5.219872664813592e-06,2.919738765293505e-06,2
glycochenodeoxycholate,5.217705221272587e-06,3.0151036875546123e-06,2
histidylalanine,5.2174666447678414e-06,3.4327810254850306e-06,2
1-palmitoyl-2-eicosapentaenoyl-GPC (16:0/20:5)*,5.214665605867018e-06,3.389160590446677e-06,2
hypoxanthine,5.210716089086782e-06,3.4699549605806507e-06,2
4-oxo-retinoic acid,5.20876483513901e-06,3.4335176202506207e-06,2
N-acetylglucosamine conjugate of C24H40O4 bile acid**,5.2054204363893025e-06,3.2739257188906886e-06,2
suberate (C8-DC),5.20486402913467e-06,3.3081560350070196e-06,2
"cis-3,4-methyleneheptanoylcarnitine",5.201001401829215e-06,3.31097448551075e-06,2
1-linoleoyl-2-arachidonoyl-GPE (18:2/20:4)*,5.197213216518511e-06,2.873032961031081e-06,2
imidazole propionate,5.194924819058301e-06,3.2167153220630188e-06,2
"sphingomyelin (d18:1/18:1, d18:2/18:0)",5.194759970821388e-06,3.3802229723752565e-06,2
"branched-chain, straight-chain, or cyclopropyl 10:1 fatty acid (1)*",5.191790675225978e-06,3.1986699183911042e-06,2
dihomo-linoleate (20:2n6),5.181886999241738e-06,3.4353924519482034e-06,2
2-oleoyl-GPC (18:1)*,5.179683647878237e-06,3.260249843742661e-06,2
beta-citrylglutamate,5.179683546070272e-06,3.1921808984274336e-06,2
"2R,3R-dihydroxybutyrate",5.172302762082684e-06,2.573279443700542e-06,2
1-oleoylglycerol (18:1),5.168512344160127e-06,3.16297821949468e-06,2
hypotaurine,5.165209263216424e-06,3.497649691036171e-06,2
2-arachidonoyl-GPE (20:4)*,5.163060714562394e-06,3.0975876133439467e-06,2
acetoacetate,5.162314664106412e-06,3.2845593964632787e-06,2
fibrinopeptide A (3-15)**,5.157662652373792e-06,3.3564981857085406e-06,2
1-(1-enyl-stearoyl)-2-arachidonoyl-GPE (P-18:0/20:4)*,5.156226414644479e-06,3.232028143590686e-06,2
cortolone glucuronide (1),5.154134952412426e-06,3.2607576503016433e-06,2
1-nonadecenoyl-GPC (19:1)*,5.152707118209703e-06,3.033990756451758e-06,2
glycerol 3-phosphate,5.148008237472904e-06,3.8039799838064303e-06,2
carotene diol (3),5.145344881225041e-06,3.563697013796069e-06,2
1-linoleoyl-GPE (18:2)*,5.144851975472303e-06,3.3585345383433044e-06,2
pimelate (C7-DC),5.1434899236581174e-06,3.1623676453605504e-06,2
4-hydroxyphenylpyruvate,5.143337917353199e-06,3.4657564863623466e-06,2
3-carboxy-4-methyl-5-propyl-2-furanpropanoate (CMPF),5.13955409904822e-06,2.984788352955753e-06,2
1-stearoyl-2-docosahexaenoyl-GPI (18:0/22:6)*,5.137901364666963e-06,3.286606596001048e-06,2
3-hydroxyhexanoate,5.137450685557513e-06,3.2893142678076453e-06,2
N-lactoyl leucine,5.136244121262535e-06,2.8749149331324955e-06,2
1-palmitoyl-2-linoleoyl-GPC (16:0/18:2),5.134194835247476e-06,3.3822817351418985e-06,2
gamma-tocopherol/beta-tocopherol,5.133969662211395e-06,2.8749466674266896e-06,2
N-succinyl-phenylalanine,5.133510479165897e-06,3.02487134407271e-06,2
N-acetylglycine,5.132593923048886e-06,3.0529344873369254e-06,3
2-arachidonoyl-GPI (20:4)*,5.131636295501668e-06,3.3578327961216486e-06,2
1-(1-enyl-palmitoyl)-2-docosahexaenoyl-GPC (P-16:0/22:6)*,5.127658336847831e-06,3.1962415472947e-06,2
tetrahydrocortisone glucuronide (5),5.127189425468969e-06,2.799211316889967e-06,2
1-stearoyl-2-docosahexaenoyl-GPE (18:0/22:6)*,5.12085097706908e-06,3.218054063629625e-06,2
1-docosahexaenoyl-GPC (22:6)*,5.12083549282402e-06,3.3941209524360263e-06,2
"N6,N6,N6-trimethyllysine",5.117736078271336e-06,3.1712492492500255e-06,2
N-acetylputrescine,5.116077039844123e-06,2.9354338063463246e-06,2
oxindolylalanine,5.1152986033313424e-06,3.0836745566629602e-06,2
1-palmityl-GPC (O-16:0),5.11470290094783e-06,3.2920193407015163e-06,2
cortisol,5.111814673016721e-06,3.3018988327011596e-06,2
1-palmitoyl-2-docosahexaenoyl-GPE (16:0/22:6)*,5.106063954655964e-06,3.2196069429974317e-06,2
alpha-ketoglutarate,5.093019214895745e-06,3.395736412049444e-06,2
N-lactoyl tyrosine,5.092766447428936e-06,2.753611794869296e-06,2
sphingosine,5.087622943039044e-06,3.247168232583054e-06,2
docosahexaenoylcholine,5.086696628933376e-06,2.8424518515682514e-06,2
1-linoleoyl-2-docosahexaenoyl-GPC (18:2/22:6)*,5.082539262177997e-06,3.2808799052041587e-06,2
3-hydroxydecanoate,5.077474107820326e-06,3.074962023493775e-06,2
fibrinopeptide B (1-9)**,5.076407898247021e-06,3.2495273307632116e-06,2
decadienedioic acid (C10:2-DC)**,5.07172026541368e-06,2.7010264736381803e-06,2
N-acetyl-1-methylhistidine*,5.067846094581803e-06,3.099835782208307e-06,2
1-palmitoyl-2-palmitoleoyl-GPC (16:0/16:1)*,5.067552649142044e-06,3.493542304797466e-06,2
oleoylcarnitine (C18:1),5.066412891494216e-06,3.251544603961696e-06,2
phenylacetylglycine,5.065001263688312e-06,3.1758055776159996e-06,2
phenol sulfate,5.061051164652382e-06,3.441728044216847e-06,2
phenylacetylglutamate,5.056146993628371e-06,3.170100779819681e-06,2
3-hydroxysebacate,5.055758294035283e-06,3.2173361644197743e-06,2
alpha-tocopherol,5.053982174244946e-06,3.2302819807768394e-06,2
1-oleoyl-GPC (18:1),5.049907933497701e-06,2.840057498438992e-06,2
palmitoylcarnitine (C16),5.048344817679335e-06,3.2763109454705735e-06,2
malonate,5.04820206780774e-06,3.3225284061857466e-06,2
dihomo-linolenate (20:3n3 or n6),5.044733377810664e-06,3.1933787553967256e-06,2
hexadecanedioate (C16-DC),5.037762712496986e-06,3.292345330833123e-06,2
2'-deoxyuridine,5.0365383670643355e-06,3.6598584916245845e-06,2
cystathionine,5.036032785055978e-06,2.661220385897791e-06,2
tryptophan betaine,5.032631548615338e-06,2.9652048935449266e-06,2
fibrinopeptide B (1-11)**,5.027475890139065e-06,2.8865666900698143e-06,2
ascorbic acid 3-sulfate*,5.025082209262097e-06,3.3436387401152668e-06,2
N-formylphenylalanine,5.024861450714853e-06,3.1924933490631356e-06,2
2-hydroxysebacate,5.023880837480205e-06,3.1665192723688283e-06,2
gamma-CEHC glucuronide*,5.023461052816385e-06,3.0008599621199417e-06,2
glycodeoxycholate,5.021430965306766e-06,3.050489172195846e-06,2
1-stearoyl-2-linoleoyl-GPE (18:0/18:2)*,5.016984405926806e-06,3.279961603623174e-06,2
glycylvaline,5.0122599076917885e-06,3.009603959233032e-06,2
glucuronide of C14H26O4 (1)*,5.005137985382693e-06,3.237397347713543e-06,2
octadecenedioylcarnitine (C18:1-DC)*,5.003170171922159e-06,3.1290555296397476e-06,2
N-palmitoyl-sphingosine (d18:1/16:0),5.001220553509461e-06,3.2280656947258275e-06,2
pantoate,5.0007569368304626e-06,3.1350885050809623e-06,2
glycoursodeoxycholate,4.9995147504967294e-06,3.2398074262162445e-06,2
2-linoleoylglycerol (18:2),4.996487100065182e-06,3.0981069093506234e-06,2
2-oxoarginine*,4.994936689856273e-06,3.0551498202842554e-06,2
oxalate (ethanedioate),4.993361156639007e-06,3.4255302147642873e-06,2
linoleoylcholine*,4.983074744847727e-06,2.8897700903154876e-06,2
N-palmitoyl-sphinganine (d18:0/16:0),4.982019987663871e-06,3.2350153117055976e-06,2
4-guanidinobutanoate,4.9793572821139945e-06,3.3651012313039964e-06,2
3-methoxytyrosine,4.976014319878774e-06,2.9397054664516343e-06,2
N-stearoyl-sphingosine (d18:1/18:0)*,4.9753056664886885e-06,3.217647835994718e-06,2
myristoyl dihydrosphingomyelin (d18:0/14:0)*,4.968230232761095e-06,3.30949526480798e-06,2
indolebutyrate,4.965630959175119e-06,2.8777690062671875e-06,2
propionylcarnitine (C3),4.96560379923981e-06,3.0440908107208095e-06,2
adrenate (22:4n6),4.961556832264283e-06,3.4932883648371936e-06,2
phenylacetylglutamine,4.960174944831096e-06,3.125002633056893e-06,3
dodecenedioate (C12:1-DC)*,4.957010301540363e-06,3.3388653208836793e-06,2
N-acetylphenylalanine,4.9541006810179655e-06,3.1467071694405507e-06,2
pipecolate,4.952917720562549e-06,3.0630232496621804e-06,2
glycerol,4.9528631257935144e-06,3.1280911782063996e-06,2
gamma-glutamylisoleucine*,4.952820915909778e-06,2.8998281227120247e-06,2
palmitoloelycholine,4.950183469863238e-06,2.9999561659644772e-06,2
trimethylamine N-oxide,4.949305616896993e-06,3.154350395518235e-06,2
gamma-glutamyltryptophan,4.941990187383809e-06,2.9076344455232434e-06,2
N6-carboxymethyllysine,4.937714602094701e-06,3.1671345863147604e-06,2
isovalerylcarnitine (C5),4.935536997376757e-06,3.1952884225475016e-06,2
succinylcarnitine (C4-DC),4.935096097290769e-06,2.661261861697034e-06,2
1-palmitoyl-2-stearoyl-GPE (16:0/18:0)*,4.9347179781130824e-06,2.7243189224993904e-06,2
oleoyl-oleoyl-glycerol (18:1/18:1) [1]*,4.9325789953904e-06,2.977502466703787e-06,2
N-acetylkynurenine (2),4.932432976386413e-06,3.1602093651258884e-06,2
"N,N,N-trimethyl-5-aminovalerate",4.928015741433599e-06,2.958619579708334e-06,2
5-dodecenoylcarnitine (C12:1),4.925707361020854e-06,3.319086928430096e-06,2
adrenoylcarnitine (C22:4)*,4.92543197978041e-06,3.045221333216441e-06,2
N-lactoyl phenylalanine,4.9243530473966455e-06,2.8144861514912827e-06,2
2-pyrrolidinone,4.923650867584407e-06,3.1456305087004278e-06,2
lithocholate,4.922671977378888e-06,2.9550471233568376e-06,2
glutamine conjugate of C6H10O2 (2)*,4.921919898062368e-06,3.4028409180639834e-06,2
N-methyltaurine,4.921117260449617e-06,3.1264798629045173e-06,2
"ceramide (d18:1/20:0, d16:1/22:0, d20:1/18:0)*",4.9137782230168015e-06,3.167708436951339e-06,2
N1-methyl-4-pyridone-3-carboxamide,4.907883869260171e-06,3.271525592174529e-06,2
"sphingomyelin (d18:1/22:1, d18:2/22:0, d16:1/24:1)*",4.9064410450939595e-06,2.7711003342908705e-06,2
1-linoleoyl-GPG (18:2)*,4.902430465438545e-06,3.2853813609167506e-06,2
1-(1-enyl-palmitoyl)-GPE (P-16:0)*,4.901125444929706e-06,2.968911181372836e-06,2
cholic acid glucuronide,4.8964763198324595e-06,3.0736158784047385e-06,2
cis-4-decenoylcarnitine (C10:1),4.895939045899362e-06,2.8344311752840407e-06,2
pyroglutamylglycine,4.8941825544942985e-06,3.0525529495538534e-06,2
1-palmitoleoyl-GPE (16:1)*,4.89313562172337e-06,3.1376952156671017e-06,2
3-methyladipate,4.8883323335425895e-06,2.956580390584747e-06,2
gamma-glutamylglycine,4.888132683801407e-06,2.963196239988833e-06,2
glutamine conjugate of C6H10O2 (1)*,4.882853428986208e-06,3.1086558610020615e-06,2
2-hydroxyheptanoate*,4.877232062689891e-06,2.9779896021231115e-06,2
gamma-glutamylleucine,4.874197183237207e-06,2.875783596227161e-06,2
octadecanedioate (C18-DC),4.87305237263698e-06,3.21044695526112e-06,2
biliverdin,4.872606300844308e-06,3.1991100858012407e-06,2
carotene diol (2),4.872574270127238e-06,3.0365012658324054e-06,2
ribitol,4.866578578102584e-06,2.853077967906246e-06,2
glycochenodeoxycholate glucuronide (1),4.864435138476177e-06,2.773597385639449e-06,2
isobutyrylglycine,4.85506429886367e-06,3.248053800776487e-06,2
eicosenoate (20:1),4.8525677022093364e-06,3.277044946644051e-06,2
gamma-glutamyl-alpha-lysine,4.850832184270741e-06,2.6917183550197123e-06,2
1-methylnicotinamide,4.848851811479061e-06,2.9721709515190553e-06,2
margarate (17:0),4.847853269595109e-06,3.1869304667918328e-06,2
isovalerylglycine,4.845322922475003e-06,3.0468159503148187e-06,2
2-hydroxyoctanoate,4.841526848553751e-06,3.1723401323008377e-06,2
glycodeoxycholate 3-sulfate,4.841274893205191e-06,3.2310829427885403e-06,2
deoxycholate,4.840805987977788e-06,2.9457817176451218e-06,2
N-acetylglutamine,4.839752625144615e-06,2.8634063094826918e-06,2
1-palmitoyl-GPG (16:0)*,4.836578808121634e-06,3.0374786492516383e-06,2
propionylglycine,4.8365624888948e-06,2.8969981456522835e-06,2
1-(1-enyl-palmitoyl)-2-arachidonoyl-GPC (P-16:0/20:4)*,4.834775993601538e-06,3.019419796972242e-06,2
thyroxine,4.8307319097148405e-06,3.077696464494419e-06,2
argininate*,4.829993930950323e-06,2.64237099288623e-06,2
octadecanedioylcarnitine (C18-DC)*,4.823447035796748e-06,2.8817324386366003e-06,2
N-behenoyl-sphingadienine (d18:2/22:0)*,4.8226198870563e-06,2.880332605412497e-06,2
1-stearoyl-2-arachidonoyl-GPE (18:0/20:4),4.820255131767723e-06,2.815298622368308e-06,2
1-linoleoylglycerol (18:2),4.809832909386175e-06,2.966365171985759e-06,2
1-(1-enyl-stearoyl)-2-docosapentaenoyl-GPE (P-18:0/22:5n3)*,4.809163567047418e-06,3.3871270605606118e-06,2
2-stearoyl-GPE (18:0)*,4.8061554346715105e-06,2.793029552756299e-06,2
1-(1-enyl-palmitoyl)-2-oleoyl-GPE (P-16:0/18:1)*,4.805623524117841e-06,3.0888566817704024e-06,2
glycerate,4.803623288155895e-06,3.253153672887063e-06,2
myristoleoylcarnitine (C14:1)*,4.795054893509316e-06,2.874474860288362e-06,2
16-hydroxypalmitate,4.794351946524745e-06,2.928012594937547e-06,3
isoleucylhydroxyproline*,4.788100429480463e-06,3.225506470446562e-06,2
2-ketocaprylate,4.78594221724142e-06,3.1867114261594053e-06,2
taurolithocholate 3-sulfate,4.784490214368802e-06,3.1760527931168606e-06,2
prolylglycine,4.781575992896381e-06,2.7189080143985976e-06,2
glutarate (C5-DC),4.777792296098118e-06,2.8192743608891483e-06,2
sucrose,4.776962145583944e-06,2.9891271374208267e-06,2
3-hydroxybutyrate (BHBA),4.775717359474364e-06,3.23053519919488e-06,2
"9,10-DiHOME",4.772846934255861e-06,3.169958439402431e-06,2
4-methoxyphenol sulfate,4.767500818769343e-06,2.9889832012066795e-06,2
3-hydroxyoleoylcarnitine,4.765484665144634e-06,3.423458111086456e-06,2
"12,13-DiHOME",4.764980762221131e-06,3.0219575564714507e-06,2
O-acetylhomoserine,4.764496538103538e-06,2.822793240077259e-06,2
threonate,4.762577808111775e-06,3.224675328532212e-06,2
lactate,4.761926846935866e-06,3.1499365242463905e-06,2
N1-methyl-2-pyridone-5-carboxamide,4.752569108335147e-06,3.1435990320013075e-06,2
trans-4-hydroxyproline,4.748387122092505e-06,3.0300450177210685e-06,2
trans-urocanate,4.746533688224575e-06,3.0045161236679887e-06,2
mannose,4.736762395568913e-06,3.0423564807135774e-06,2
oleoylcholine,4.716891310883156e-06,2.4190319207563456e-06,2
1-(1-enyl-palmitoyl)-2-docosahexaenoyl-GPE (P-16:0/22:6)*,4.711221551799119e-06,3.090716612488407e-06,2
xanthurenate,4.707756475239524e-06,2.958191654767791e-06,2
allantoin,4.706522002651392e-06,3.2309181086356926e-06,2
carotene diol (1),4.703514238451138e-06,2.9302390989389505e-06,2
delta-CEHC glucuronide,4.702264915968224e-06,2.7321540424297496e-06,2
palmitoleoylcarnitine (C16:1)*,4.701266696925563e-06,3.091059705741232e-06,2
hexanoylcarnitine (C6),4.694343510983593e-06,2.617880847383471e-06,2
hexanoylglutamine,4.692917300732871e-06,2.9807020475176883e-06,2
1-pentadecanoyl-2-arachidonoyl-GPC (15:0/20:4)*,4.68497426619875e-06,3.193527259508672e-06,2
laurylcarnitine (C12),4.6775328892962175e-06,3.064772074298167e-06,2
creatinine,4.672079064014399e-06,3.1336197698870065e-06,2
dihomo-linolenoyl-choline,4.671272241246916e-06,2.7712257152955904e-06,2
1-(1-enyl-palmitoyl)-2-oleoyl-GPC (P-16:0/18:1)*,4.666209979618962e-06,2.7738321667865074e-06,2
2-hydroxyglutarate,4.666193246629482e-06,3.1351638255218536e-06,2
gamma-glutamylmethionine,4.659612001200197e-06,3.0371349492458815e-06,2
1-oleoyl-2-linoleoyl-GPE (18:1/18:2)*,4.6523703254390895e-06,2.6885320413430367e-06,2
2-linoleoyl-GPE (18:2)*,4.6465193139613e-06,2.914863461935641e-06,2
1-palmitoyl-2-arachidonoyl-GPE (16:0/20:4)*,4.635014258740027e-06,2.793663987105634e-06,2
1-stearoyl-2-docosapentaenoyl-GPE (18:0/22:5n6)*,4.6259069545894905e-06,2.6197982433098683e-06,2
caprate (10:0),4.615789432619578e-06,3.1051480419935347e-06,2
7-methylguanine,4.608092693429273e-06,3.0425145291268785e-06,2
alpha-CEHC sulfate,4.60285251856567e-06,3.086807755548574e-06,2
3-hydroxy-3-methylglutarate,4.600884625760171e-06,2.719019026468952e-06,2
gamma-glutamylthreonine,4.6005053902272756e-06,2.2808736851022722e-06,2
4-hydroxyphenylacetate,4.595548243395368e-06,2.9564492663267993e-06,2
myristate (14:0),4.595290364883357e-06,2.704537716388767e-06,2
myristoylcarnitine (C14),4.59261772851214e-06,2.84767600370125e-06,2
2-hydroxydecanoate,4.5872257460353745e-06,2.897947566947825e-06,2
dimethylglycine,4.586118021445722e-06,2.8621223608645164e-06,2
tyramine O-sulfate,4.585245625712522e-06,2.899198021724282e-06,2
alanine,4.582752424488858e-06,2.6231745477232707e-06,2
oleoyl-arachidonoyl-glycerol (18:1/20:4) [2]*,4.581068981019164e-06,2.8053466756685395e-06,2
dopamine 3-O-sulfate,4.578030909793182e-06,2.6005410785625252e-06,2
1-arachidonylglycerol (20:4),4.569337018452418e-06,2.962143355222277e-06,2
1-(1-enyl-stearoyl)-2-docosahexaenoyl-GPE (P-18:0/22:6)*,4.5642102700332355e-06,3.0855956245950093e-06,2
glucuronide of C10H18O2 (7)*,4.562927372596546e-06,2.789205741617505e-06,2
aconitate [cis or trans],4.562114239105965e-06,2.983710698118527e-06,2
glycerophosphoethanolamine,4.55255910902477e-06,2.840087190685721e-06,2
4-hydroxyphenylacetylglutamine,4.546918593830964e-06,2.8207821734908643e-06,2
2-aminoadipate,4.531401382617478e-06,2.580626576299234e-06,2
1-(1-enyl-stearoyl)-2-oleoyl-GPE (P-18:0/18:1),4.531338017086548e-06,3.1582060697371575e-06,2
gamma-glutamylglutamate,4.530819072062764e-06,2.851361351941049e-06,2
catechol glucuronide,4.52796686644807e-06,2.7778584246827544e-06,2
methionine sulfone,4.526436208905998e-06,2.7069794364483477e-06,2
N6-methyllysine,4.524654722822859e-06,2.907950253033261e-06,2
2-methylserine,4.523917076738728e-06,2.9886260387379807e-06,2
indoleacetate,4.5235274730437425e-06,2.8329379255025453e-06,2
3-hydroxyadipate,4.5222020983525735e-06,2.6330028595532933e-06,2
3-ureidopropionate,4.518338004608522e-06,2.7633199296916342e-06,2
citrate,4.515837949315591e-06,2.960773099293672e-06,2
2-myristoyl-GPC (14:0)*,4.511565789636588e-06,2.7766559779829914e-06,2
adipoylcarnitine (C6-DC),4.506794240805639e-06,2.7659690532575185e-06,2
glycosyl-N-behenoyl-sphingosine (d18:1/22:0)*,4.503758078723604e-06,2.8025366457714604e-06,2
stearate (18:0),4.4997737299460625e-06,2.912571799880921e-06,2
1-ribosyl-imidazoleacetate*,4.499069628045886e-06,2.9579271461102245e-06,2
heme,4.489343328000299e-06,2.8840034495766515e-06,2
"cis-3,4-methyleneheptanoylglycine",4.486139525980837e-06,2.6755309174290364e-06,2
2-methylbutyrylcarnitine (C5),4.4795615274257714e-06,2.5844119237737095e-06,2
N1-methyladenosine,4.478441339427085e-06,2.900194159649021e-06,2
octadecadienedioate (C18:2-DC)*,4.472668046762163e-06,3.0274554819009707e-06,2
serine,4.465522619337517e-06,2.891735346896828e-06,2
chenodeoxycholate,4.455172664855581e-06,2.728758789480306e-06,2
1-linolenoyl-GPE (18:3)*,4.452811876841943e-06,2.5483073566621115e-06,2
stearoylcholine*,4.451558340066534e-06,2.5052477688889075e-06,2
lanthionine,4.450737835485074e-06,2.5353356884735994e-06,2
fibrinopeptide A (4-15)**,4.4501540912945834e-06,2.8218180620832052e-06,2
N-acetylisoleucine,4.446895313555317e-06,2.6486493932190222e-06,2
"diacylglycerol (12:0/18:1, 14:0/16:1, 16:0/14:1) [2]*",4.445323560319524e-06,2.8692669967029255e-06,2
N-acetylglutamate,4.441859609636649e-06,2.667872244203005e-06,2
arachidonoylcholine,4.441365738607186e-06,2.4315521953109382e-06,2
oleoyl-arachidonoyl-glycerol (18:1/20:4) [1]*,4.440308513638093e-06,2.72224566809173e-06,2
2-linoleoyl-GPC (18:2)*,4.4394330048728125e-06,2.8351784510407684e-06,2
chenodeoxycholic acid sulfate (1),4.438075495210519e-06,2.860298700946291e-06,2
arachidonoylcarnitine (C20:4),4.4331336683101484e-06,2.7411640150403917e-06,2
1-myristoyl-GPC (14:0),4.43131298285975e-06,2.903216949367314e-06,2
acisoga,4.426270699455154e-06,2.6670991873217285e-06,2
arabonate/xylonate,4.422978722890609e-06,2.230977547930656e-06,2
palmitoylcholine,4.416056899439777e-06,2.4416828005247447e-06,2
retinol (vitamin A),4.407320232423394e-06,2.7814222175486548e-06,2
stearoyl-arachidonoyl-glycerol (18:0/20:4) [2]*,4.40419906156459e-06,3.061684892295994e-06,2
citrulline,4.403690834928917e-06,2.6116921652722764e-06,2
glutarylcarnitine (C5-DC),4.401115399718144e-06,2.7661905667016137e-06,2
malate,4.399554883032622e-06,2.3706513437519122e-06,2
N-acetyltaurine,4.3969331435625525e-06,2.9579864772927247e-06,2
methylmalonate (MMA),4.3955119713087605e-06,2.75007439871671e-06,2
heptenedioate (C7:1-DC)*,4.38949440694513e-06,2.6970264269544377e-06,2
pro-hydroxy-pro,4.3865156890102685e-06,2.657140138866062e-06,2
pantothenate,4.3860395311399345e-06,2.5859152365061e-06,2
hydroxyasparagine**,4.380680421703879e-06,2.4583246008230955e-06,2
2-aminobutyrate,4.374993734903412e-06,2.6296556130771162e-06,2
docosadioate (C22-DC),4.374275866030012e-06,2.2620174392006235e-06,2
fumarate,4.374168656686501e-06,2.479830787072882e-06,2
3-hydroxy-2-ethylpropionate,4.364056929176922e-06,2.6421610735165897e-06,2
N-lactoyl valine,4.352698594675583e-06,2.585373557603051e-06,2
S-1-pyrroline-5-carboxylate,4.346014532668002e-06,2.878383934550435e-06,2
formiminoglutamate,4.3419368058266265e-06,2.555499158129866e-06,2
ascorbic acid 2-sulfate,4.322801313601912e-06,2.7353318426743674e-06,2
cholate,4.321370383802364e-06,2.575218121483473e-06,2
"5alpha-pregnan-3beta-ol,20-one sulfate",4.3137062523412045e-06,2.7183777380905686e-06,2
1-(1-enyl-stearoyl)-2-oleoyl-GPC (P-18:0/18:1),4.312938123525508e-06,2.886635656970221e-06,2
butyrylcarnitine (C4),4.312812745910839e-06,2.6045491543425486e-06,2
N6-acetyllysine,4.3055022831520285e-06,2.5565889992057395e-06,2
N-acetylaspartate (NAA),4.303233145679458e-06,2.5990118810422113e-06,2
choline,4.302916447439808e-06,2.6401634494927326e-06,2
erythronate*,4.29567605794609e-06,2.3836103579328824e-06,2
alpha-CEHC glucuronide*,4.2921659477620954e-06,2.6463431997336306e-06,2
acetylcarnitine (C2),4.291213097802666e-06,2.304415209983966e-06,2
nonadecanoate (19:0),4.290280247193665e-06,2.8401087589698095e-06,2
gamma-glutamylvaline,4.2884407255105395e-06,2.5194154042554392e-06,2
3-hydroxystearate,4.285200208344208e-06,2.3972364078330655e-06,3
stearoylcarnitine (C18),4.284474066451193e-06,2.6054729352252075e-06,2
5-hydroxylysine,4.265789465053805e-06,2.6462772485532824e-06,2
1-myristoyl-2-arachidonoyl-GPC (14:0/20:4)*,4.2653590958715616e-06,2.8438826898440795e-06,2
(S)-3-hydroxybutyrylcarnitine,4.2621062153099425e-06,2.5130798500491826e-06,2
decanoylcarnitine (C10),4.261449861651277e-06,2.6297612765695694e-06,2
tyrosine,4.260621601105736e-06,2.4678738016602044e-06,2
stearoyl-arachidonoyl-glycerol (18:0/20:4) [1]*,4.242211877569224e-06,2.7055080921159045e-06,2
7-ketodeoxycholate,4.2374875471503275e-06,2.6365242027375438e-06,2
1-(1-enyl-stearoyl)-GPE (P-18:0)*,4.226688965128953e-06,2.485566144682075e-06,2
isobutyrylcarnitine (C4),4.222166366605905e-06,2.447140214336341e-06,2
vanillylmandelate (VMA),4.2209017379099035e-06,2.9389078705346424e-06,2
tridecenedioate (C13:1-DC)*,4.219744724683935e-06,2.573264039224852e-06,2
lyxonate,4.210879890278298e-06,2.345107203369985e-06,2
glucuronate,4.202666292401871e-06,2.1648305083830123e-06,3
tetradecanedioate (C14-DC),4.201982784421718e-06,2.5596809287734293e-06,2
2-palmitoleoyl-GPC (16:1)*,4.197029549824031e-06,2.7355088723777122e-06,2
hydantoin-5-propionate,4.1920671554556635e-06,2.5084394167596507e-06,2
palmitoyl-sphingosine-phosphoethanolamine (d18:1/16:0),4.189005403089427e-06,2.6169655081702523e-06,2
arabitol/xylitol,4.18286306892158e-06,2.3233123886317946e-06,2
1-palmitoyl-2-gamma-linolenoyl-GPC (16:0/18:3n6)*,4.182075533259382e-06,2.6902764924243925e-06,2
N6-methyladenosine,4.169841321943551e-06,2.3267314430071455e-06,2
3-aminoisobutyrate,4.164414663883394e-06,2.5907987481986076e-06,2
ethylmalonate,4.161606467682098e-06,2.4292014119371366e-06,2
1-(1-enyl-oleoyl)-GPE (P-18:1)*,4.150735665046974e-06,2.4762350840354817e-06,2
fibrinopeptide A (2-15)**,4.1503763533323336e-06,2.7098237890950376e-06,2
maltose,4.149339251014729e-06,2.299184302570756e-06,2
pentadecanoate (15:0),4.141324451211469e-06,2.2819099450430205e-06,2
urea,4.138066494683454e-06,2.174055475884854e-06,2
orotate,4.130179594470291e-06,2.191027463534718e-06,3
cystine,4.127469163685128e-06,2.5731204089491363e-06,2
estrone 3-sulfate,4.125588683592498e-06,2.307906180524607e-06,2
succinate,4.114083604643419e-06,2.1269650696387183e-06,2
N-acetylmethionine,4.108811212147448e-06,2.6247710876895086e-06,2
homocitrulline,4.108169619215374e-06,1.986146720064169e-06,2
octadecenedioate (C18:1-DC),4.1046064845648734e-06,2.4863084259041786e-06,2
dopamine 4-sulfate,4.1001359848341835e-06,2.283757763012819e-06,2
methylsuccinate,4.097884651742011e-06,2.1954590481403547e-06,3
tigloylglycine,4.073624067992256e-06,2.3799627606217913e-06,2
gamma-glutamylphenylalanine,4.071865042505773e-06,2.1708515282760702e-06,2
(14 or 15)-methylpalmitate (a17:0 or i17:0),4.0649198935056294e-06,2.5538821905448283e-06,2
5-methylthioribose**,4.059860528359149e-06,2.3098419496312982e-06,2
N-methylproline,4.056807745596971e-06,2.4556083119454184e-06,2
arachidate (20:0),4.052673786521192e-06,2.4417086008469666e-06,2
4-methylhexanoylglutamine,4.043302917738089e-06,2.191403853840051e-06,2
3-hydroxyisobutyrate,4.029454024215387e-06,2.114460780785622e-06,2
1-palmitoleoylglycerol (16:1)*,4.015154985681913e-06,2.1923677736934594e-06,2
2-O-methylascorbic acid,4.014004605100995e-06,2.221727189427071e-06,2
glucose,4.010147715698491e-06,2.196483559534244e-06,2
1-stearoyl-2-oleoyl-GPC (18:0/18:1),4.005325257456083e-06,2.723305342960754e-06,2
1-methyl-5-imidazoleacetate,3.994524698591123e-06,2.514644353329236e-06,2
octanoylcarnitine (C8),3.993730021023545e-06,2.2771803436318742e-06,2
alpha-ketoglutaramate*,3.9722821032795e-06,2.216470382175112e-06,2
mead acid (20:3n9),3.960926598862837e-06,2.2333697213383857e-06,2
N-methylhydroxyproline**,3.952012644626568e-06,2.512565693147857e-06,2
2-hydroxyadipate,3.950612838314553e-06,2.2704771423761965e-06,2
guanidinosuccinate,3.948867755429772e-06,2.3164382496667082e-06,2
2'-O-methyluridine,3.946841296690277e-06,2.4345304947850234e-06,2
adipate (C6-DC),3.944399072804704e-06,2.11934944205708e-06,2
suberoylcarnitine (C8-DC),3.9422451599043e-06,2.014039065035316e-06,2
5-methylthioadenosine (MTA),3.940083022278468e-06,2.1181660427827285e-06,2
3-methylglutarylcarnitine (2),3.929207177468078e-06,2.4013311183019408e-06,2
"N,N-dimethyl-pro-pro",3.9273535740931205e-06,2.335416961251254e-06,2
dodecanedioate (C12-DC),3.909047533351211e-06,2.1906921000951427e-06,2
1-(1-enyl-palmitoyl)-GPC (P-16:0)*,3.908388763567632e-06,2.2484112554706676e-06,2
1-palmitoleoyl-GPC (16:1)*,3.899149383015455e-06,2.6120837250174947e-06,2
glycerophosphoserine*,3.893164947226328e-06,2.027552576535826e-06,2
3-hydroxydodecanedioate*,3.890722625339416e-06,2.183331186479947e-06,2
uracil,3.888751210802656e-06,2.4044045025398783e-06,2
picolinoylglycine,3.883387624540283e-06,2.0200019790278253e-06,2
heneicosapentaenoate (21:5n3),3.880492132291025e-06,2.423446714938467e-06,2
"3,4-dihydroxybutyrate",3.88011467582223e-06,2.274377635120083e-06,2
1-methyl-4-imidazoleacetate,3.879285899380723e-06,2.378745086947434e-06,2
lithocholic acid sulfate (2),3.876091655123186e-06,1.7732859643749103e-06,3
succinoyltaurine,3.867939071774808e-06,2.182408574370344e-06,3
(12 or 13)-methylmyristate (a15:0 or i15:0),3.866101272538198e-06,2.357918040396262e-06,2
4-acetamidobutanoate,3.864043701706601e-06,2.2576625939027785e-06,2
quinolinate,3.863482394911094e-06,2.374336431186334e-06,2
N-acetyl-isoputreanine,3.831337723591298e-06,2.399021870765379e-06,2
pyroglutamylvaline,3.829084034294388e-06,2.2617614766840415e-06,2
5-hydroxymethyl-2-furoic acid,3.826118270647375e-06,2.3348410010796046e-06,2
gamma-glutamyltyrosine,3.798396390736409e-06,2.087437053593708e-06,2
N-acetyl-2-aminoadipate,3.783011675548389e-06,2.051669165012104e-06,2
pyridoxate,3.7811786253593857e-06,2.179538715128887e-06,3
galactonate,3.7650016510097994e-06,2.2405491382262257e-06,2
3-amino-2-piperidone,3.7443642735002225e-06,1.986853099077835e-06,2
deoxycholic acid glucuronide,3.7393688553552413e-06,2.2567166663549005e-06,2
3-methylglutaconate,3.7302379768955345e-06,2.2292888091012056e-06,2
tiglylcarnitine (C5:1-DC),3.7234294821907817e-06,2.050497471897044e-06,2
N-acetylvaline,3.7184697936929217e-06,2.275902105654348e-06,2
alpha-CMBHC glucuronide,3.703526997963118e-06,1.943353057497945e-06,2
methionine sulfoxide,3.7019766487001717e-06,1.986105405464422e-06,2
sarcosine,3.696489762997696e-06,1.7883912862297279e-06,2
S-adenosylhomocysteine (SAH),3.656373331353387e-06,2.0999271005325254e-06,2
phenol glucuronide,3.6454619715090523e-06,1.9587400215022675e-06,2
"5,6-dihydrouridine",3.6319847480740606e-06,2.136945959982435e-06,2
kynurenate,3.6046941053397213e-06,1.8028283519885998e-06,3
beta-alanine,3.5814317406894248e-06,2.0418038056482646e-06,2
dihydroorotate,3.554158908578303e-06,1.9413741879961156e-06,2
N-formylmethionine,3.546399091581646e-06,1.6857730363360896e-06,3
vanillactate,3.5074532938184483e-06,2.0076325499925327e-06,2
11beta-hydroxyandrosterone glucuronide,3.4966252861066014e-06,2.036958997448131e-06,2
N-acetylhistidine,3.4684431196606047e-06,1.8084127765050308e-06,2
6-oxopiperidine-2-carboxylate,3.4498362917179934e-06,1.6968010011695668e-06,2
glucuronide of C10H18O2 (8)*,3.4309682028735814e-06,1.7023709230329929e-06,3
glucuronide of C10H18O2 (1)*,3.4255991885599382e-06,2.022671189817471e-06,2
N-acetylalanine,3.4187804150339254e-06,2.076552239544819e-06,2
2-methylcitrate/homocitrate,3.4172135919470137e-06,1.7223541213615394e-06,2
orotidine,3.409620438384824e-06,1.8375759843253817e-06,3
"2,3-dihydroxy-5-methylthio-4-pentenoate (DMTPA)*",3.4066349597288655e-06,1.8747565826480375e-06,2
5-(galactosylhydroxy)-lysine,3.4064422848265332e-06,1.9197734108072547e-06,2
"hydroxy-N6,N6,N6-trimethyllysine*",3.402990210483654e-06,1.7432990541618935e-06,2
indoxyl glucuronide,3.3916113913888696e-06,1.8116798594148984e-06,2
fructosyllysine,3.3902407071375837e-06,1.8301593371454316e-06,2
mannitol/sorbitol,3.379704882540053e-06,1.5802064352181452e-06,2
N-delta-acetylornithine,3.371266407526653e-06,2.010437609277475e-06,2
N-acetyl-3-methylhistidine*,3.3331142065314886e-06,1.6546953270714855e-06,2
N-acetylthreonine,3.331047140128671e-06,1.8243608313755263e-06,2
5-hydroxyindoleacetate,3.2973811494585448e-06,1.7251825133574204e-06,2
dimethylarginine (SDMA + ADMA),3.2951572890951953e-06,1.818430637534826e-06,2
N-acetylserine,3.2909250922187967e-06,1.7279074791256814e-06,2
myo-inositol,3.2774887649146265e-06,1.4435157514293279e-06,3
ribonate,3.2416287873447436e-06,1.5402061428589686e-06,2
xanthosine,3.2219374155770153e-06,1.4652829893977537e-06,3
indolepropionylglycine,3.2008944322582102e-06,1.7892769201993684e-06,2
N6-carbamoylthreonyladenosine,3.1756060266674435e-06,1.7399127042105207e-06,2
1-adrenoyl-GPC (22:4)*,3.124451286968111e-06,1.8470754201104542e-06,2
pyridoxal,3.059547243481712e-06,1.3395268632907735e-06,3
pseudouridine,3.056771529049748e-06,1.3616547330988388e-06,3
"N2,N2-dimethylguanosine",3.0392851736315704e-06,1.6184107991561327e-06,2
"N,N,N-trimethyl-alanylproline betaine (TMAP)",3.038887810054086e-06,1.4845355262129935e-06,2
gulonate*,2.9345237350283013e-06,1.3651961460025935e-06,3
3-(3-amino-3-carboxypropyl)uridine*,2.9341892682296753e-06,1.8095047888148012e-06,2
N-acetylneuraminate,2.925500608524518e-06,1.505847373846191e-06,2
C-glycosyltryptophan,2.7308858839637555e-06,1.3212558204876013e-06,3
homovanillate (HVA),2.7088251571608925e-06,1.2305341236273028e-06,3
ursocholate,2.4254603549582017e-06,8.561983677680618e-07,3
5-methyluridine (ribothymidine),2.034341997180099e-06,9.44912931896245e-07,4
chiro-inositol,2.0305554241661093e-06,6.107807405044268e-07,3
spermine,0.0,0.0,0
